marca;codigoInterno;nombre;categoria;descripcion;precio;stock
Black Panther;BP-2003;1-16 mm b18  - black panther bp-2003 ;Accesorios;;8.901,00;12
Black Panther;NO-39;ACOPLE EURO PARTE MACHO  - Black Panther NO-39 ;Accesorios;;2.261,00;1
Black Panther;354900013;ALAMBRE 0.6 MM/ ER70S-6/SG2 BOBINA 1 KG  - Black Panther 354900013 ;Consumibles;;11.552,00;2
Black Panther;BP-E71T-11/0801;Alambre Autoprotegido 0.8 mm /Bobina x 1Kg - Black Panther BP-E71T-11/0801 ;Consumibles;;12.180,00;5
Black Panther;BP-E71T-11/0905;Alambre Autoprotegido 0.9 mm - Bobina x 5 Kg  (PLW) - Black Panther BP-E71T-11/0905 ;Consumibles;Cod.ant: 354900005;53.091,00;64
Black Panther;BP-E71T-11/0805;Alambre Autoprotegido s/Gas 0.8 mm /Bobina x 5Kg - Black Panther BP-E71T-11/0805 ;Consumibles;;53.091,00;62
Black Panther;354900003;Alambre para soldar 0.6mm - Bobina x 5 Kg  - Black Panther 354900003 ;Consumibles;;48.135,00;4
Black Panther;BP-ER70S-6/0815;Alambre para Soldar 0.8 mm /ER70S-6 /SG2 - Bobina x 15 Kg  - Black Panther BP-ER70S-6/0815 ;Consumibles;Cod.ant: 354900002;70.220,00;30
Black Panther;BP-ER70S-6/0805;Alambre para Soldar 0.8 mm /ER70S-6 /SG2 - Bobina x 5 Kg  - Black Panther BP-ER70S-6/0805 ;Consumibles;Cod.ant: 354900004;28.318,00;126
Black Panther;BP-ER70S-6/0915;Alambre para Soldar 0.9 mm /ER70S-6 /SG2 - Bobina x 15 Kg  - Black Panther BP-ER70S-6/0915 ;Consumibles;Cod.ant: 354900001;66.348,00;7
Black Panther;BP-ER70S-6/0905;Alambre para Soldar 0.9 mm /ER70S-6 /SG2 - Bobina x 5 Kg  - Black Panther BP-ER70S-6/0905 ;Consumibles;Cod.ant: 354900008;28.318,00;245
Black Panther;BP-ER70S-6/1215;Alambre para Soldar 1.2 mm / ER70S-6/SG2 - Bobina x  15Kg  - Black Panther BP-ER70S-6/1215 ;Consumibles;COD.ANT: 354900012;60.477,00;3
Black Panther;BP-A1200L90;Allanadora - loncin g270f 9,0 hp - rotor 120 cm  - black panther bp-a1200l90 ;Construccion_Motoimplementos;"Motor: Loncin 270F
Potencia: 9,0 Hp
Diámetro de trabajo: 1170 mm
Tamaño de aspas: 450X150 mm
Ángulo de trabajo: 0-15º
Tanque de combustible: 5,3 L";1.604.618,00;1
Black Panther;BP-A900L65;ALLANADORA MOTOR LONCIN G200F 6.5HP  - Black Panther BP-A900L65 ;Accesorios;"Motor: Loncin 200F
Potencia: 6,5 Hp
Diámetro de trabajo: 910 mm
Tamaño de aspas: 350X150 mm
Ángulo de trabajo: 0-15º
Tanque de combustible: 3,6 L";1.391.001,00;1
Black Panther;BP-HBA115;Amoladora Angular Inalámbrica 115mm - Black Panther BP-HBA115 ;Herramientas electricas_Corte;"- No Incluye batería ni cargador
- Tensión: 20Vcc
- Tipo de Rosca: 14MM
- Velocidad en Vacío: 8000/MIN
- Sentido de rotación: DERECHA A IZQUIERDA
- Capacidad Nominal: 115MM
- 6 meses de garantía";133.803,00;74
Black Panther;BP-AB68375;Amoladora Combinada 6''8''-220v-375w-3450rpm  - Black Panther BP-AB68375 ;Herramientas electricas_Lijado y pulido;;92.402,00;1
Black Panther;BP-AB8550;Amoladora de banco 8'' -220v-550w-2950rpm  - black panther bp-ab8550 ;Herramientas electricas_Lijado y pulido;;122.955,00;10
Black Panther;BP-HBA115COMBO1;Amoladora inalámbrica Brushless 115mm + Batería 4AH y cargador - Black Panther HBA115COMBO1 ;Ofertas y Promociones;"- Medida de disco: 115mm (1 1/4'')
- Tensión: 20Vcc
- Velocidad: 0-8000/min
- Rotación de derecha a izquierda
- Arranque progresivo
- Incluye 1 batería 4ah
- Incluye: 1 cargador de 20v
- Rosca M14
- Mango ergonómico antideslizante
- 6 meses de garantía

Codigos de los productos: 
Amoladora(BP-HBA115)
Bateria(BP-HBBT4A)
Cargador(BP-HBCA2A)
";216.911,00;16
Black Panther;BP-AE1000I;Aparejo Electrico  Black Panther 500-1000KG - 220V 1600W c/Ctrol Inal Alcance 18 M ;Construccion_Aparejos;;651.157,00;4
Black Panther;BP-AE250;Aparejo eléctrico - De 125 a 250 Kg - 500 W  - Black Panther BP-AE250 ;Construccion_Aparejos;"Capacidad máxima de carga: 250 Kg
Motor: 500 w
Altura máxima: 12 mts
Velocidad de elevación sin polea de inversión (125 kg) 12 mts/ min.
Velocidad de elevación con polea de inversión (250 kg) 6 mts/ min.
Cable de 3.0 mm/ 12 mts de largo.
Con abrazaderas para anclaje
Comando a distancia con botón de parada de emergencia.
Sistema anti-reversa.";160.223,00;14
Black Panther;BP-AE500;Aparejo eléctrico - De 250 a 500 Kg - 900 W  - Black Panther BP-AE500 ;Construccion_Aparejos;"Capacidad máxima de carga: 500 Kg
Motor 900 W
Altura máxima: 12 mts
Velocidad de elevación sin polea de inversión (250 Kg) 12 mts/min
Velocidad de elevación con polea de inversión (500 Kg) 6 mts / min";227.317,00;28
Black Panther;BP-AE1000;Aparejo eléctrico - De 500 a 999 Kg - 1600 W  - Black Panther BP-AE1000 ;Construccion_Aparejos;"Capacidad máxima de carga: 1000 Kilos
Motor: 1600 W
Altura máxima: 12 MTS
Velocidad de elevación sin polea de inversión (500 Kg) 12 Mts/ Min.
Velocidad de elevación con polea de inversión (1000 KG) 6 Mts/ Min.";458.639,00;8
Black Panther;BP-AMC1030;Aparejo Manual Tipo Japones 1.0TN/ 3M - BP-AMC1030 ;Construccion_Aparejos;;89.843,00;29
Black Panther;BP-AMC2030;Aparejo Manual Tipo Japones 2.0TN/ 3M - BP-AMC2030 ;Construccion_Aparejos;;111.586,00;30
Black Panther;BP-AMC2050;Aparejo Manual Tipo Japones 2.0TN/ 5M - BP-AMC2050 ;Construccion_Aparejos;;149.375,00;10
Black Panther;BP-CDDK15ZII;Apiladores a bateria 1,5nt // 4,5 mm // pu  - black panther bp-cddk15zii ;Construccion_Carga;"Especificaciones de producto
Capacidad de carga/carga nominal Q (kg): 1500
Distancia del centro de carga C (mm): 600
Distancia de carga, centro del eje motriz a la horquilla X (mm): 672
Altura de la horquilla, bajada h13 (mm): 85
Tamaño de neumático, delantero (mm): ? 250×70
Tamaño de neumático, trasero (mm): ? 80×84
Ruedas adicionales dimensiones (mm): ? 150×60
Numero de ruedas delanteras traseras (X=ruedas motrices): 1x+2/4
Altura mástil bajado h1 (mm): 2050
Elevación libre (opción 2500-3500 mm) h2 (mm): 1570
Altura máxima de elevación h3 (mm): 4500
Altura mástil extendido h4 (mm): 5030
Altura del timón en posición de conducción min/máx. h14 (mm): 1150/1450
Longitud total l1 (mm): 2100
Longitud hasta la cara de las horquillas l2 (mm): 950
Ancho total b1 (mm): 850
Dimensiones de la horquilla s/e/l (mm): 1150
Ancho total de las horquillas b5 (mm): 695
Ancho de pasillo para pallets 800×1200 longitudinalmente ast (mm): 2515
Radio de giro wa (mm): 1655
Velocidad de desplazamiento, con/sin carga (km/h): 7/7.1
Velocidad de elevación, cargada/descargada (m/s): 0.11/0.16
Velocidad de descenso, cargada/descargada (m/s): 0.14/0.19";5.738.477,00;1
Black Panther;BP-CDDK20;Apiladores a bateria 2,0nt // 6,5 mm // pu  - black panther bp-cddk20 ;Construccion_Carga;"Especificaciones de producto
Capacidad de carga/carga nominal Q (kg): 2000
Distancia del centro de carga C (mm): 500
Distancia de carga, centro del eje motriz a la horquilla X (mm): 672
Tamaño de neumático, delantero (mm): ? 250×80 (EPS)
Tamaño de neumático, trasero (mm): ? 80×84
Ruedas adicionales dimensiones (mm): ? 150×60
Número de ruedas delanteras traseras (X=ruedas motrices): 1x+2/4
Altura mástil bajado h1 (mm): 2710
Elevación libre h2 (mm): 2240
Altura máxima de elevación h3 (mm): 6500
Altura mástil extendido h4 (mm): 7050
Altura del timón en posición de conducción min/máx. h14 (mm): 1150/1450
Altura de la horquilla, bajada h13 (mm): 90
Longitud total l1 (mm): 2180
Longitud hasta la cara de las horquillas l2 (mm): 950
Ancho total b1 (mm): 950
Dimensiones de la horquilla s/e/l (mm): 1150
Ancho total de las horquillas b5 (mm): 695
Ancho de pasillo para pallets 800×1200 longitudinalmente ast (mm): 2595
Radio de giro wa (mm): 1735
Velocidad de desplazamiento, con/sin carga km/h: 7/7.1
Velocidad de elevacion, cargada/descargada m/s: 0,11/0,16";7.721.156,00;1
Black Panther;BP-VP80L65;Apisonador vibroapisonador 6.5hp - black panther bp-vp80l65 ;Construccion_Motoimplementos;"- Motor 6.5hp
- Salto de altura 40-65mm
- Frecuencia 420-650
- Peso 85 kg.
- Velocidad de avance 10-13 m/min
- Fuerza de impacto 1000N
- Placa de impacto 300x330mm";1.974.724,00;2
Black Panther;BP-AS12REF;Arco de Sierra 12'' ;Herramientas manuales_Corte y desbaste;;12.431,00;32
Black Panther;BP-MFREP1;ARNES  - Black Panther BP-MFREP1 ;Repuestos;;462;1
Black Panther;BP-D52CC_REP.8;Arnes Reforzado para Desmalezadora Black Panther ;Repuestos;;13.140,00;19
Black Panther;BP-AH500L13;Aserradora de Hormigon Loncin G390F 13Hp - Corte 12 a 18'' - Capacidad Agua 35L - Black Panther BP-AH500L13 ;Construccion_Motoimplementos;"Motor: Loncin G390F
Potencia: 13 Hp
Tamaño del disco: 30-45 cm
Profundidad del corte: 14 cm
Avance: manual
Tanque de agua: 35 L
Tanque de combustible: 6,5 L";2.034.338,00;1
Black Panther;BP-GE8000MEREP.1;Avr para generador black panther ge8000m ;Repuestos;;8.911,00;22
Black Panther;BP-BT18MM;Barreta Saca Clavo  x 18mm 700 mm x 18  - Black Panther BP-BT18MM ;Herramientas manuales_Fijacion;;12.299,00;8
Black Panther;BP-BT19MM;Barreta Saca Clavo x 19MM 19x900mm - BP-BT19MM ;Herramientas manuales_Mazas y martillos;;17.460,00;7
Black Panther;BP-HBBT2A;Bateria 20v - 2.0Ah - Black Panther BP-HBBT2A ;Accesorios;"- Batería de Ion Litio
- Tensión Máxima: 20V
- Carga Nominal: 2.0AH";43.254,00;92
Black Panther;BP-HBBT4A;Bateria 20v - 4.0Ah - Black Panther BP-HBBT4A ;Accesorios;"- Batería de Ion Litio
- Tensión Máxima: 20V
- Carga Nominal: 4.0AH";72.090,00;178
Black Panther;NO-31;BINZEL LINER 1.0-2.1MM - 4.55M  - Black Panther NO-31 ;Accesorios;;1.464,00;13
Black Panther;BP-BH003;Bolso de Herramientas 11 Litros Piso Reforzado Plastico 35x18x22cm ;Almacenamiento_Bolsos y mochilas;;25.237,00;18
Black Panther;BP-BH004;Bolso de Herramientas 15 Litros Piso Reforzado Plástico 40x20x25cm ;Almacenamiento_Bolsos y mochilas;;28.995,00;9
Black Panther;BP-BH002;Bolso de Herramientas 9 Litros Piso de Tela 30x17x21cm ;Almacenamiento_Bolsos y mochilas;;12.350,00;47
Black Panther;BP-BQB60;Bomba Periferica 35 L/m 0.5 Hp - Black Panther BP-BQB60 ;Jardin y agro_Riego;"- Potencia: 0.37kw 
- Voltaje: 220v
- RPM: 2900
- Succión Máx: 8m
- Elevación Máx: 32m
- Caudal Máx: 35L/Min
- Salida: 1''x1''
- Temperatura Máx: 35°C
- Diam. Estator 90-100P (50mm)
- IP54
- Fabricado en China";42.560,00;452
Black Panther;BP-D52CC_R0007;Cabezal de Tanza ;Repuestos;;7.494,00;946
Black Panther;BP-AV45;Cabezal Sonda Eje Flexible 45 mm Encastre Dinapac  - Black Panther BP-AV45 ;Repuestos;"- Largo: 6 metros
- Diámetro del cabezal: 38 mm
- Tipo de sonda: Malasia con transmisión
- Apto para uso en vibradores a explosión o eléctricos";186.791,00;2
Black Panther;BP-GE4500IE_R0001;Cables y Enchufes para Conexion en Paralelo ;Repuestos;;61.979,00;2
Black Panther;BP-RCM2;Cadena 0.325, 0.58,1.5 mm  - Black Panther BP-RCM2 ;Consumibles;"- Rollo x 30,5Mts
- Paso 0.325''
- Espesor 1,5 mm (0,058'')
- Angulo Afilado 30°";417.571,00;14
Black Panther;BP-RCM3;Cadena 0.325, 0.58,1.5 mm  - Black Panther BP-RCM3 ;Consumibles;;417.571,00;2
Black Panther;BP-RCM2M;Cadena 0.325, 0.58,1.5 mm POR METRO - Black Panther BP-RCM2M ;Consumibles;;13.691,00;2,7
Black Panther;BP-RCM1;Cadena para motosierra 3/8 PICCO ,0.5, 1.3 mm  - Black Panther BP-RCM1 ;Consumibles;"- Rollo x 30,5 Mts
- Paso: 3/8 PICCO
- Espesor: 1,3 mm (0,05'')
- Angulo Afilado 30°";324.050,00;15
Black Panther;BP-RCM1M;Cadena para motosierra 3/8,0.5, 1.3 mm POR METRO- Black Panther BP-RCM1M ;Consumibles;;10.625,00;13
Black Panther;BP-CLF20MM;Caja de Clavos F20mm - Calibre 18 (1,25 x 1 mm) - Caja 5000pcs  - Black Panther BP-CLF20MM ;Consumibles;;4.959,00;97
Black Panther;BP-CLF25MM;Caja de Clavos F25mm - Calibre 18 (1,25 x 1 mm) - Caja 5000pcs  - Black Panther BP-CLF25MM ;Consumibles;;6.367,00;96
Black Panther;BP-CLF30MM;Caja de Clavos F30mm - Calibre 18 (1,25 x 1 mm) - Caja 5000pcs  - Black Panther BP-CLF30MM ;Consumibles;;7.640,00;85
Black Panther;BP-CLF35MM;Caja de Clavos F35mm- calibre 18 (1,25 x 1 mm) - caja 5000pcs  - black panther bp-clf35mm ;Consumibles;;8.713,00;91
Black Panther;BP-CLF40MM;Caja de Clavos F40mm- calibre 18 (1,25 x 1 mm) - caja 5000pcs  - black panther bp-clf40mm ;Consumibles;;10.053,00;85
Black Panther;BP-CLF45MM;Caja de Clavos F45mm- calibre 18 (1,25 x 1 mm) - caja 5000pcs  - black panther bp-clf45mm ;Consumibles;;11.192,00;97
Black Panther;BP-CLF50MM;Caja de Clavos F50mm- calibre 18 (1,25 x 1 mm) - caja 5000pcs  - black panther bp-clf50mm ;Consumibles;;12.466,00;31
Black Panther;BP-D52CC_R0010;Caja de engranajes 9 estrias Black Panther ;Repuestos;Codigo anterior: BP-D52CC_REP.1;23.268,00;16
Black Panther;BP-CH16P;Caja de herramientas 16'' / traba plástica  - Black Panther BP-CH16P ;Almacenamiento_Cajas de herramientas;;25.256,00;42
Black Panther;BP-CH16M;Caja de herramientas 16'' / traba metálica  - Black Panther BP-CH16M ;Almacenamiento_Cajas de herramientas;;30.808,00;84
Black Panther;BP-CH19M;Caja de herramientas 19'' / traba metálica  - Black Panther BP-CH19M ;Almacenamiento_Cajas de herramientas;;46.050,00;106
Black Panther;BP-CH20MA;Caja de herramientas 20'' / traba metálica  - Black Panther BP-CH20MA ;Almacenamiento_Cajas de herramientas;;101.235,00;74
Black Panther;BP-CH22M;Caja de herramientas 22'' / traba metálica  - Black Panther BP-CH22M ;Almacenamiento_Cajas de herramientas;;65.785,00;57
Black Panther;BP-CH12L;Caja organizadora heavy duty para almacenaje 12l - black panther bp-ch12l ;Almacenamiento_Cajas de herramientas;"- Material: Plastico de alta calidad
- Medidas: 38.5x29.5x17.5cm
- Cantidad de compartimientos: 1
- Capacidad: 12l
- Material de las cerraduras: plastico de alta caldiad
- Ideal para la oficina y el hogar
- Para uso interior y exterior";14.387,00;2
Black Panther;BP-CH18L;Caja Organizadora Heavy Duty Para Almacenaje 18l - Black Panther BP-CH18L ;Almacenamiento_Cajas de herramientas;"- Material: Plástico de alta calidad
- Medidas: 38.5x29.5x26cm
- Cantidad de compartimientos: 1
- Capacidad: 18l
- Material de las cerraduras: plástico de alta calidad
- Ideal para la oficina y el hogar
- Para uso interior y exterior";17.755,00;7
Black Panther;BP-CHG3;Caja organizadora plástica 3 pisos - Black Panther Bp-chg3 ;Almacenamiento_Cajas de herramientas;"- Cantidad de compartimientos: 15
- Material: Plástico
- Color: Negro
- Manija: Si";35.594,00;31
Black Panther;BP-CHG4;Caja organizadora plástica 4 pisos - Black Panther Bp-chg4 ;Almacenamiento_Cajas de herramientas;"- Cantidad de compartimientos: 20
- Material: Plástico
- Color: Negro
- Manija: Si";42.321,00;39
Black Panther;BP-CHG5;Caja organizadora plástica 5 pisos - Black Panther Bp-chg5 ;Almacenamiento_Cajas de herramientas;"- Cantidad de compartimientos: 21
- Material: Plástico
- Color: Negro
- Manija: Si";47.219,00;27
Black Panther;BP-CH13M;Caja Plastica 13''/traba metalica  - black panther bp-ch13m ;Almacenamiento_Cajas de herramientas;;18.446,00;50
Black Panther;BP-CH13P;Caja Plastica 13'/traba plastica  - black panther bp-ch13p ;Almacenamiento_Cajas de herramientas;;14.955,00;17
Black Panther;BP-MARSET01;Caja Plástica 19 Piezas x 1~10mm-  Black Panther BP-MARSET01 ;Herramientas manuales_Juegos de mechas;;60.379,00;29
Black Panther;BP-MARSET02;Caja Plástica 25 Piezas x 1~13mm - Black Panther BP-MARSET02 ;Herramientas manuales_Juegos de mechas;;108.638,00;6
Black Panther;RING-350/4;Camara de Repuesto 350/4 ;Repuestos;;3.725,00;8
Black Panther;RING-350/8;Camara de Repuesto 350/8 ;Repuestos;;3.911,00;8
Black Panther;BP-CB20M;Candado de bronce de 3 llaves de bronce de 20mm - Black Panther BP-CB20M ;Seguridad industrial_Candados;;3.550,00;196
Black Panther;BP-CB25M;Candado de bronce de 3 llaves de bronce de 25mm - Black Panther BP-CB25M ;Seguridad industrial_Candados;;4.988,00;205
Black Panther;BP-CB30M;Candado de bronce de 3 llaves de bronce de 30mm - Black Panther BP-CB30M ;Seguridad industrial_Candados;;7.193,00;315
Black Panther;BP-CB40M;Candado de bronce de 3 llaves de bronce de 40mm - Black Panther BP-CB40M ;Seguridad industrial_Candados;;10.396,00;149
Black Panther;BP-CB50M;Candado de bronce de 3 llaves de bronce de 50mm - Black Panther BP-CB50M ;Seguridad industrial_Candados;;16.276,00;56
Black Panther;BP-CP25;Candado de hierro bronceado heavy duty de 25mm - Black Panther BP-CP25 ;Seguridad industrial_Candados;;1.926,00;310
Black Panther;BP-CP30;Candado de hierro bronceado heavy duty de 30mm - Black Panther BP-CP30 ;Seguridad industrial_Candados;;2.490,00;120
Black Panther;BP-CP40;Candado de hierro bronceado heavy duty de 40mm - Black Panther BP-CP40 ;Seguridad industrial_Candados;;3.051,00;375
Black Panther;BP-CP50;Candado de hierro bronceado heavy duty de 50mm - Black Panther BP-CP50 ;Seguridad industrial_Candados;;4.377,00;50
Black Panther;BP-PAI0004;Caramelera de Puntas 2'' (50mm) PH2 con 100 Unidades ;Herramientas manuales_Sets de puntas;;80.695,00;12
Black Panther;BP-D52CC_R0015;Carburador para desmalezadora 52cc  - Black Panther BP-D52CC_REP.4 ;Repuestos;Codigo anterior: BP-D52CC_REP.4;25.373,00;17
Black Panther;BP-HBCA2A;Cargador para baterias - Black Panther BP-HBCA2A ;Accesorios;"- Tensión: 100-240Vca~
- Frecuencia: 50/60Hz
- Potencia de Consumo: 43W
- Tensión de Salida: 21Vcc
- Corriente entregada: 2.0A";26.022,00;263
Black Panther;BP-CPP150;Carro Plegable con Plataforma 150 kg -Ruedas PVC 100*38mm - Plataforma 72*48 cm ;Construccion_Carga;;76.659,00;5
Black Panther;BP-CPP300;Carro Plegable con Plataforma 300 kg - Ruedas PVC 125*38mm - Plataforma 90*60 cm ;Construccion_Carga;;91.836,00;4
Black Panther;BP-CHPRO;Carro porta herramientas móvil metal - black panther bp-chpro ;Construccion_Carga;"- Doble Traba Metálica + Organizador
- Hebillas metálicas soporta peso extra y tiene más vida útil
- Tapa de los organizadores para almacenar tornillos y componentes mas pequeños
- Bandeja extraíble ideal para almacenar las herramientas más utilizadas
- Mango con empuñadura suave
- Largo: 42 cm
- Profundidad: 40 cm
- Ancho: 62.5 cm
- Con ruedas: Sí";150.997,00;19
Black Panther;BP-CHPRO2;Carro porta herramientas/pp/traba metalica medida 425x330x625  - black panther bp-chpro2 ;Construccion_Carga;MEDIDA 425X330X625;153.171,00;26
Black Panther;BP-BH001;Cartuchera de Herramientas 13x4x25cm ;Almacenamiento_Bolsos y mochilas;;11.813,00;48
Black Panther;BP-CMA160;Cepillo de Alambre Mano Mango Plástico con Espatula-Filas 9x19-330x25mm-Largo 160mm ;Accesorios;;2.902,00;89
Black Panther;BP-CCIRR150;Cepillo de Circular Rizado 150mm-6000rpm-Buje 32mm (que incluyen Bujes) ;Accesorios;;12.125,00;36
Black Panther;BP-CCIRR175;Cepillo de Circular Rizado 175mm-6500rpm-Buje 32mm ;Accesorios;;14.379,00;46
Black Panther;BP-CCIRR200;Cepillo de Circular Rizado 200mm-4500rpm-Buje 32mm ;Accesorios;;17.066,00;30
Black Panther;BP-CCONR115;Cepillo de Conico Rizado 115mm-8500rpm-m10x1.5,m14x2.5/8''-11 ;Accesorios;;5.379,00;135
Black Panther;BP-CCR065;Cepillo de Copa Rizado 65mm-12500rpm-16,m10x15,m14x2.5/8''-11 ;Accesorios;;3.479,00;141
Black Panther;BP-CCR075;Cepillo de Copa Rizado 75mm-12500rpm-16,m10x15,m14x2.5/8''-12 ;Accesorios;;3.614,00;58
Black Panther;BP-CCT065;Cepillo de Copa Trenzado 65mm-12500rpm-16,m10x15,m14x2.5/8''-11 ;Accesorios;;3.663,00;66
Black Panther;BP-CCT075;Cepillo de Copa Trenzado 75mm-12500rpm-16,m10x15,m14x2.5/8''-12 ;Accesorios;;5.112,00;63
Black Panther;BP-CMA125;Cepillo de Mano Mango Plastico - 125mm ;Accesorios;;1.996,00;454
Black Panther;BP-C17250SDSP;Cincel Punta Cuerpo Hexagonal SDS Plus // Colgante  1 Unidad - 17x250 ;Accesorios;;3.399,00;3
Black Panther;NO-63;CLAVIJA HEMBRA WM-4002 - 35-50MM  - Black Panther NO-63 ;Accesorios;;1.396,00;18
Black Panther;NO-64;CLAVIJA MACHO WM4009M-35-50MM  - Black Panther NO-64 ;Accesorios;;1.590,00;22
Black Panther;BP-CES2550MM;Clavo Electrosoldado 25 x 50 mm - Caja 9000pcs (30 rollos de 300pcs) - Black Panther BP-CES2550MM ;Consumibles;;73.807,00;9
Black Panther;BP-CES2563MM;Clavo Electrosoldado 25 x 63 mm - Caja 9000pcs (30 rollos de 300Pcs) - Black Panther BP-CES2563MM ;Consumibles;;82.070,00;10
Black Panther;BP-HBLLI350COMBO;Combo Llave Impacto 20V Brushless enc. 1/2 (BP-HBLLI350) + Cargador 20V (BP-HBCA2A) + 1 Bateria 4.0 ah (BP-HBBT4A) ;Ofertas y Promociones;"- Codigos que componen:
- BP-HBLLI350 Llave Impacto
- BP-HBCA2A Cargador 
- BP-HBBT4A Bateria 4ah";166.641,00;1
Black Panther;BP-HBRM28JCOMBO;Combo Rotomartillo 20V Brushless 2.8 + Cargador 20V (BP-HBCA2A) + 1 Bateria 4.0 ah (BP-HBBT4A) ;Ofertas y Promociones;"- Codigos que componen:
- BP-HBRM28J Rotomartillo
- BP-HBCA2A Cargador 
- BP-HBBT4A Bateria 4ah";226.300,00;1
Black Panther;BP-C25100B;Compresor 100L - 2,5 hp - Black Panther BP-C25100B ;Herramientas electricas_Compresores;;350.967,00;13
Black Panther;BP-C20100BBM;Compresor a Correa 2HP  100 Lts - Black Panther - BP-C20100BBM ;Herramientas electricas_Compresores;"- Voltaje: 220v  50hz
- Motor de: 2hp
- Tanque: 100 Litros
- Caudal: 186 L/Min
- Presión Máxima: 8 Mpa ? 115 psi
- Doble Salida de Aire
- Doble Manómetro
- Regulador de Presión
- Protector térmico
- Realizado en pintura epoxi de alta resistencia
";706.170,00;4
Black Panther;BP-C30150BB;Compresor a Correa 380V-50HZ - 3.0 HP 2200W - 150L - Black panther BP-C30150BB ;Herramientas electricas_Compresores;"- Compresor de Aire Black Panther a Correa 150L trifásico.
- Motor de 3hp (380v).
- Capacidad 150 litros.
- Caudal 350 l/min.
- Velocidad: 1150 v/min.
- Presión Máxima: 0.8MpPa.
- Protector de correa y ruedas macizas.
- Peso 110kg.";846.541,00;4
Black Panther;BP-C50300BB;Compresor a Correa 380V-50HZ - 5.0 HP 3750W - 300L - Black Panther BP-C50300BB ;Herramientas electricas_Compresores;"- Voltaje: 380 V
- Frecuencia: 50 Hz
- Motor: 3750 W / 5 HP
- Caudal: 572 l/min
- Velocidad: n0=750/min
- Capacidad del Tanque: 300 Litros
- Presión Máxima: 0.8 MPa
- Peso: 221 Kg";1.312.351,00;1
Black Panther;BP-C100500BB;Compresor a Correa 380V-50HZ 10 HP (7500W) 500 Lts 8 Bar - Black Panther BP-C100500BB ;Herramientas electricas_Compresores;"Especificaciones de producto
Voltaje: 380 V3N
Frecuencia: 50 Hz
Motor: 7500 W/ 10 Hp
Caudal: 984 L/min
Velocidad: 860 RPM
Capacidad del tanque: 500 L
Presión máxima: 0,8 MPa
Peso: 287 KG";2.409.445,00;1
Black Panther;BP-C40200BB;Compresor a Correa 380V-50HZ 4.0 HP 200 Lts 8 Bar - Black Panther BP-C40200BB ;Herramientas electricas_Compresores;"Voltaje: 220 V
Frecuencia: 50 Hz
Capacidad del tanque: 100 L
Potencia del motor: 4,0 Hp / 3000 W
Caudal: 310 L/min
Velocidad: 2800 RPM
Presión máxima: 0,8 Mpa
Peso: 75 kg";1.118.795,00;6
Black Panther;BP-C30150BBM;Compresor a Correa 3hp - 150lts - Black Panther - BP-C30150BBM ;Herramientas electricas_Compresores;"- Caudal de 350 l/min
- Velocidad: 1150 v/min
- Protector de correa y ruedas macizas
- Peso 110kg";812.509,00;6
Black Panther;BP-C65150BBN;Compresor a Correa Naftero - 6.5 HP (4875W) - 150L  - Black Panther BP-C65150BBN ;Herramientas electricas_Compresores;"Motor: naftero
Tipo: 4 tiempos
Potencia: 4875 W/ 6,5 Hp
Caudal: 320 L/min
Velocidad: 1050 RPM
Capacidad del tanque: 150 L
Presión máxima: 0,8 MPa
Peso: 103 kg";991.176,00;3
Black Panther;BP-C2550B;Compresor Mando Directo 2,5 HP - 50 Litros  - Black Panther BP-C2550B ;Herramientas electricas_Compresores;;223.514,00;214
Black Panther;BP-C40100B;Compresor Mando Directo 4HP  100 Lts Bicilindrico - Black Panther BP-C40100B ;Herramientas electricas_Compresores;"- Voltaje: 220v - 50hz
- Motor de: 4hp
- Potencia: 3000w
- Tanque: 100 Litros
- Caudal: 11 CFM - 310 L/Min
- Presión Máxima: 8 Mpa - 115 psi
- Presión Máxima: 80 bar
- Doble Salida de Aire
- Doble Manómetro
- Regulador de Presión
- Protector térmico
- Realizado en pintura epoxi de alta resistencia
- Medidas: 77x86x45cm";514.731,00;6
Black Panther;BP-MD115DA;Copa Diamantada - 115mm-13300 rpm- ;Accesorios;;13.799,00;39
Black Panther;BP-MD115T;Copa Diamantada Turbo - 115mm-13300rpm ;Accesorios;;13.799,00;68
Black Panther;BP-CF300MM;Corta Frio con Cabo con Goma  x 18mm 300 mm x 18  - Black Panther BP-CF300MM ;Herramientas manuales_Albañileria;;5.759,00;26
Black Panther;BP-CF350MM;Corta Frio con Cabo con Goma x 18mm 350 mm x 18  - Black Panther BP-CF350MM ;Herramientas manuales_Albañileria;;6.180,00;30
Black Panther;BP-CUTT18M;Cutter Metalico Retractil 18MM Incluye 5 Cuchillas ;Herramientas manuales_Corte y desbaste;#¿NOMBRE?;3.881,00;125
Black Panther;BP-CUTT18P;Cutter Plástico Retractil 18MM Incluye 3 Cuchillas ;Herramientas manuales_Corte y desbaste;"- Grip de goma para mejor agarre
- Cuchilla punta removible 18mm
- Mando retráctil con bloqueo automático
- Seguro para acceso a porta cuchillas";3.171,00;137
Black Panther;BP-CUTT19NAV;Cutter Trapezoidal Navaja con Mango de Aluminio y Clip para Cinturon 19MM ;Herramientas manuales_Corte y desbaste;"- Construccion robusta
- Mango de aluminio
- Compartimiento para guardado de 3 cuchillas
- Seguro para cambio de cuchilla
- Traba de liberacion rapida
- Clip para cinturon
- Uso profesional
";9.656,00;89
Black Panther;BP-D52CC;Desmalezadora 52cc - Black Panther BP-D520CC ;Jardin y agro_Desmalezado;"- Desmalezadora de uso profesional, ideal para el mantenimiento de parques y jardines
- De fácil accionamiento
- Bajo mantenimiento
- Peso reducido y bien distribuido
- Potencia: 1,8 kW
- Motor: 2 tiempos
- Carburador: diafragma
- Arranque: manual (CDI)
- Mezcla: 25:1
- Capacidad nafta: 1,2 L
- Cuchilla: 3 puntas
- Nylon: 3,0 mm
- Eje recto: 28 mm
- Eje cardánico: 9 estrías";192.067,00;135
Black Panther;NO-27;DIFUSOR DE GAS 36KD - CERAMICO  - Black Panther NO-27 ;Accesorios;;172;112
Black Panther;BP-DC11510;Disco de Corte -115mm x 1.0mm -13300rpm ;Accesorios;;899;780
Black Panther;BP-DC23019;Disco de Corte -230mm x 1.9mm x 22.23mm-6600rpm ;Accesorios;;1.793,00;362
Black Panther;BP-DC11512;Disco de Corte 115mm x 1.2mm - 13300RPM ;Consumibles;;450;339
Black Panther;BP-DC11516;Disco de Corte 4 1/2'' - 115mm x 1.6mm-13300rpm ;Consumibles;;467;3.595,00
Black Panther;BP-DC18016;Disco de Corte 7'' -180mm x 1.6mm x 22.23mm-8600rpm ;Accesorios;;1.197,00;621
Black Panther;BP-DT115MC;Disco de Tungsteno para Corte de Madera con Clavos - 115mm- 13300rpm ;Accesorios;;7.403,00;266
Black Panther;BP-DD115POR;Disco Diamantado Porcelanato/ Silestone/ Ceramico  - 115mm- 13300rpm ;Accesorios;;10.350,00;169
Black Panther;BP-DD115SEG;Disco Diamantado Segmentado - 115mm- 13300rpm ;Accesorios;;3.219,00;56
Black Panther;BP-DD180SEG;Disco Diamantado Segmentado - 180mm- 8600rpm ;Accesorios;;8.000,00;59
Black Panther;BP-DD230SEG;Disco Diamantado Segmentado - 230mm- 6600rpm ;Accesorios;;11.706,00;82
Black Panther;BP-DD115TUR;Disco Diamantado Turbo - 115mm- 13300rpm ;Accesorios;;3.219,00;67
Black Panther;BP-DF115.T29.F.C100;Disco Flap - Ceramico  - 80 Lijas - 115 - Concavo (T29) - Fibra - C100 ;Accesorios;;2.374,00;170
Black Panther;BP-DF115.T29.F.C120;Disco Flap - Ceramico  - 80 Lijas - 115 - Concavo (T29) - Fibra - C120 ;Accesorios;;2.455,00;182
Black Panther;BP-DF115.T29.F.C040;Disco Flap - Ceramico  - 80 Lijas - 115 - Concavo (T29) - Fibra - C40 ;Accesorios;;2.373,00;179
Black Panther;BP-DF115.T29.F.C060;Disco Flap - Ceramico  - 80 Lijas - 115 - Concavo (T29) - Fibra - C60 ;Accesorios;;2.373,00;123
Black Panther;BP-DF115.T29.F.C080;Disco Flap - Ceramico  - 80 Lijas - 115 - Concavo (T29) - Fibra - C80 ;Accesorios;;2.372,00;190
Black Panther;BP-DF115.T29.F.Z100;Disco Flap - Zirconio - 80 Lijas - 115 - Concavo (T29) - Fibra - Z100 ;Accesorios;;1.439,00;169
Black Panther;BP-DF115.T29.F.Z120;Disco Flap - Zirconio - 80 Lijas - 115 - Concavo (T29) - Fibra - Z120 ;Accesorios;;1.439,00;348
Black Panther;BP-DF115.T29.F.Z036;Disco Flap - Zirconio - 80 Lijas - 115 - Concavo (T29) - Fibra - Z36 ;Accesorios;;1.417,00;160
Black Panther;BP-DF115.T29.F.Z040;Disco Flap - Zirconio - 80 Lijas - 115 - Concavo (T29) - Fibra - Z40 ;Accesorios;;1.439,00;360
Black Panther;BP-DF115.T29.F.Z050;Disco Flap - Zirconio - 80 Lijas - 115 - Concavo (T29) - Fibra - Z50 ;Accesorios;;1.439,00;174
Black Panther;BP-DF115.T29.F.Z060;Disco Flap - Zirconio - 80 Lijas - 115 - Concavo (T29) - Fibra - Z60 ;Accesorios;;1.439,00;166
Black Panther;BP-DF115.T29.F.Z080;Disco Flap - Zirconio - 80 Lijas - 115 - Concavo (T29) - Fibra - Z80 ;Accesorios;;1.439,00;359
Black Panther;BP-DF115.T29.P.Z040;Disco Flap - Zirconio - 80 Lijas - 115 - Concavo (T29) - Plastico - Z40 ;Accesorios;;1.660,00;164
Black Panther;BP-DF115.T29.P.Z060;Disco Flap - Zirconio - 80 Lijas - 115 - Concavo (T29) - Plastico - Z60 ;Accesorios;;1.660,00;186
Black Panther;BP-DF115.T29.P.Z080;Disco Flap - Zirconio - 80 Lijas - 115 - Concavo (T29) - Plastico - Z80 ;Accesorios;;1.660,00;165
Black Panther;BP-DS115.040D;Disco para Madera 115 MM - 40 Dientes ;Consumibles;"- Eje 22.23 mm
- 4 1/2'' Dientes Widia
- Max. 10.000 RPM";2.561,00;95
Black Panther;BP-D52CC_R0012;Eje Cardánico 9 estrías Black Panther ;Repuestos;Codigo anterior: BP-D52CC_REP.2;17.787,00;43
Black Panther;BP-E6013/250;Electrodo 2.5 mm AWS E6013 x 20Kg - Black Panther BP-E6013/250 ;Consumibles;;84.950,00;250
Black Panther;BP-E6013/250B;Electrodo 2.5 mm AWS E6013 x 20Kg en Blister de 1 Kg - Black Panther ;Consumibles;;99.898,00;249
Black Panther;BP-E6013/250BM;Electrodo 2.5 mm AWS E6013 x KILO - Black Panther ;Consumibles;;3.980,00;65
Black Panther;BP-E6013/320;Electrodo 3.2 mm AWS E6013 x 20Kg - Black Panther BP-E6013/320 ;Consumibles;;79.359,00;201
Black Panther;BP-TWRED1615;Electrodo Varilla de Tungsteno TIG  Rojo WT20 1.6 mm x 150 mm - Black Panther BP-TWRED1615 ;Consumibles;;80.550,00;53
Black Panther;BP-TWYEL1615;Electrodo Varilla de Tungsteno TIG Amarillo 1.6 mm x 150 mm - Black Panther BP-TWYEL1615 ;Consumibles;;80.550,00;78
Black Panther;BP-TWYEL2415;Electrodo Varilla de Tungsteno TIG Amarillo 2.4 mm x 150 mm - Black Panther BP-TWYEL2415 ;Consumibles;;184.223,00;42
Black Panther;BP-TWRED2415;Electrodo Varilla de Tungsteno TIG Rojo WT20  2.4 mm x 150 mm - Black Panther BP-TWRED2415 ;Consumibles;;182.190,00;53
Black Panther;BP-D52CC_R0014;Embrague Completo Black Panther ;Repuestos;#¿NOMBRE?;5.517,00;58
Black Panther;BP-EMH48;Engrampadora Hobby Grampa Standard 4-8MM 5/32'' - 5/16'' (Corona 10.6 o 11.3 MM, Alambre 1.2MM) ;Herramientas manuales_Fijacion;;12.605,00;77
Black Panther;BP-EMP48;Engrampadora Profesional Heavy Duty 3 en 1 p/ Grampas U 10-12MM / Clavos 10-14MM / Standard 4-14MM ;Herramientas manuales_Fijacion;"- Uso profesional 
- 3 en 1 4-14MM
- Grampas Corona Angosta
- Grampas Corona Redonda
- Clavos";20.717,00;24
Black Panther;BP-EA116A;Escalera de aluminio 4x4 - Black Panther BP-EA0116A ;Construccion_Escaleras;"- Liviana, resiste hasta 150Kg
- Extendida: 470 cm
- Tijera: 227 cm
- Andamio: 124 cm
- Plegada: 125 cm de altura x 37.5 cm de ancho
- Espacio entre escalones 28 cm
- Alto: 27 cm
- Ancho: 37 cm
- Largo: 126 cm
- Peso: 12 kg";186.736,00;7
Black Panther;BP-EA116ANDAMIO;Escalera de aluminio con andamio 4x4  - Black Panther BP-EA116ANDAMIO ;Construccion_Escaleras;"- Liviana, resiste hasta 150Kg
- Extendida: 470 cm
- Tijera: 227 cm
- Andamio: 124 cm
- Plegada: 125 cm de altura x 37.5 cm de ancho
- Espacio entre escalones 28 cm
- Alto: 27 cm
- Ancho: 37 cm
- Largo: 126 cm
- Peso: 12 kg";217.800,00;54
Black Panther;BP-EF3ESC;Escalera Familiar Base Metalica 3 Escalones - Black Panther BP-EF3ESC ;Construccion_Escaleras;"- Diseño Plegable: Fácil de transportar y almacenar.
- Escalones Amplios: Con un ancho de 40 cm para mayor comodidad.
- Dimensiones Prácticas: 112.2 x 39 x 55 cm, ideal para cualquier espacio.
- Resistente y Ligera: Fabricada en aluminio, pesa solo 2.5 kg y soporta hasta 130 kg.";60.031,00;12
Black Panther;BP-EF4ESC;Escalera Familiar Base Metalica 4 Escalones - Black Panther BP-EF4ESC ;Construccion_Escaleras;"- Diseño Plegable: Fácil de transportar y almacenar.
- Escalones Amplios: Con un ancho de 40 cm para mayor comodidad.
- Dimensiones Prácticas: 135.6 x 40 x 75 cm, ideal para cualquier espacio.
- Resistente y Ligera: Fabricada en aluminio, pesa solo 2.9 kg y soporta hasta 130 kg.";74.923,00;30
Black Panther;BP-EF5ESC;Escalera Familiar Base Metalica 5 Escalones - Black Panther BP-EF5ESC ;Construccion_Escaleras;"- Diseño Plegable: Fácil de transportar y almacenar.
- Escalones Amplios: Con un ancho de 40 cm para mayor comodidad.
- Dimensiones Prácticas: 158 x 45 x 95 cm, ideal para cualquier espacio.
- Resistente y Ligera: Fabricada en aluminio, pesa solo 3.7 kg y soporta hasta 130 kg.";90.360,00;12
Black Panther;BP-EF6ESC;Escalera Familiar Base Metalica 6 Escalones - Altura max. 1,28 M ;Construccion_Escaleras;;106.368,00;33
Black Panther;BP-ETT0212A;Escalera Telescopica Tijera Aluminio 2x6 Escalones Largo Total 3,8m Max.150Kg ;Construccion_Escaleras;;206.883,00;1
Black Panther;BP-ETSA10;Escalera Tijera Simple Aluminio 2x10 Escalones - Peso max.150 Kg ;Construccion_Escaleras;;231.521,00;2
Black Panther;BP-ETSA06;Escalera Tijera Simple Aluminio 2x6 Escalones - Peso max.150 Kg - Espesor 1,2mm ;Construccion_Escaleras;;124.337,00;6
Black Panther;BP-ETSA08;Escalera Tijera Simple Aluminio 2x8 Escalones - Peso max.150 Kg - Espesor 1,2mm ;Construccion_Escaleras;;182.353,00;9
Black Panther;BP-EM311;Escuadra Magnetica para Soldar 3'' 75MM ;Accesorios;"- Codigo importacion BP-EM312
- Fuerza de traccion 11kG
- 45° / 90° / 135°";3.735,00;114
Black Panther;BP-EM422;Escuadra Magnetica para Soldar 4'' 100MM ;Accesorios;"- Codigo importacion BP-EM423
- Fuerza de traccion 22Kg
- 45° / 90° / 135°";5.786,00;106
Black Panther;BP-EM534;Escuadra Magnetica para Soldar 5'' 127MM ;Accesorios;"- Fuerza de Traccion 34Kg
- 45° / 90° / 135°";9.205,00;111
Black Panther;BP-EMM23;Escuadra Magnetica para Soldar Multiangulos ;Accesorios;"- Codigo import: BP-EM535
- Fuerza de traccion 23Kg
- 30° / 45° / 60° / 75° / 90°";6.154,00;114
Black Panther;BP-M52CC_REP.1;Espada Motosierra Black Panther 20''-0.325/0.58/1.5mm BP-M52CC ;Repuestos;"0.325 1.5 MM 0.58
";11.514,00;3
Black Panther;BP-EXH03;Estante para Exhibidor Estante Rojo Marco Negro - Ancho 900mm / Base 350mm ;Almacenamiento_Exhibidores;;32.425,00;9
Black Panther;BP-EXH02;Exhibidor Doble Negro con Marco Negro - 60 Ganchos - Alto 1400mm / Ancho 900mm / Base 450mm x 2 ;Almacenamiento_Exhibidores;;454.984,00;4
Black Panther;BP-EXH01;Exhibidor Negro con Marco Rojo - 30 Ganchos - Alto 2200mm / Ancho 900mm / Base 450mm ;Almacenamiento_Exhibidores;;300.673,00;6
Black Panther;BP-FR1/4;Filtro - Regulador 1/4 ;Accesorios;;31.027,00;17
Black Panther;BP-FVH16;Fratacho con vibracion motor honda gx35 1,6hp  - black panther bp-fvh16 ;Construccion_Motoimplementos;"Motor: Honda GX35
Potencia: 1,6 Hp
Cilindrada: 35,8 cc
Tamaño de la regla: 4,47 m
Tanque de combustible: 0,63 L";1.609.586,00;2
Black Panther;BP-GE6500ME;Generador 4T Motor 15 HP / Encendido Manual Tanque 15L ;Construccion_Grupos electrogenos;"Generador naftero de alta potencia, ideal para abastecer energía en el hogar, obra o comercio. Equipado con motor de 15 HP y arranque eléctrico, garantiza un encendido rápido y un rendimiento confiable para equipos exigentes.

Motor potente de 15 HP para alto rendimiento
Arranque eléctrico + opción manual
Ideal para uso doméstico, comercial y obra
Regulación de voltaje estable
Chasis reforzado con estructura resistente
Tanque de gran capacidad para mayor autonomía
Salidas múltiples para conectar distintos equipos";950.848,00;11
Black Panther;BP-GE2000I;Generador Inverter 220V 50 Hz / Motor 4T 79cc - Potencia 1.8/2.0 KW - BP-GE2000i ;Construccion_Grupos electrogenos;"- Capacidad de Aceite: 0.35L
- Tanque nafta: 4L
- Nivel de ruido: 62db
- Encendido Manual
- Frecuencia: 50Hz
- Corriente alterna: 230v
- Potencia nominal: 1.8Kw
- Salida DC: 5V 2.4A
- Clase de calidad: A
- Elevación máxima: 1000m
- Temp. ambiente máxima: 40 C°
- Tiempo continuo de trabajo: 4 Hs
- Cilindrada: 79cc (2.7HP)
- Nº de fases: Monofásico 
- Compacto, silencioso y ligero
- Bajas emisiones de combustible
- Ideal para camping o tener energía extra en un evento al aire libre
- Con conexión USB";684.074,00;2
Black Panther;BP-GE3600M;Generador naftero - 196cc - black panther - ge3600m ;Construccion_Grupos electrogenos;"- Frecuencia: 50Hz
- Potencia nominal: 2.8kVA 
- Corriente nominal: 11A
- Cilindrada: 196cc
- Salida de corriente cont. 12V-8.3A
- Salida corriente Alt. 220V-2.8kW-IP23
- Capacidad del tanque: 15L
- Trabajo continuo: 12Hs
- Sistema de arranque: Manual
- Velocidad nominal: 3000RPM
- Peso neto: 43Kg";400.409,00;26
Black Panther;BP-GE8000ME;Generador Naftero 6.5 kva - 15Hp Manual/Electrico - 420cc - Black Panther BP-GE8000ME ;Construccion_Grupos electrogenos;"- Frecuencia: 50Hz
- Potencia nominal: 6.5kVA 
- Corriente nominal: 27A
- Cilindrada: 420cc
- Salida de corriente cont. 12V-8.3A
- Salida corriente Alt. 220V-6.5kW-IP23
- Capacidad del tanque: 25L
- Trabajo continuo: 8Hs
- Sistema de arranque: Manual - Eléctrico
- Velocidad nominal: 3000RPM
- Peso neto: 85Kg";1.038.779,00;9
Black Panther;BP-GR8010;Grampa - 12,8 X 10 mm - Caja x 5000 PCS ;Consumibles;;3.699,00;18
Black Panther;BP-GR8012;Grampa - 12,8 X 12 mm - Caja x 5000 PCS ;Consumibles;;4.110,00;18
Black Panther;BP-GR8014;Grampa - 12,8 X 14 mm - Caja x 5000 PCS ;Consumibles;;4.580,00;18
Black Panther;BP-GR8008;Grampa - 12,8 X 8 mm - Caja x   5000 PCS ;Consumibles;;2.994,00;17
Black Panther;BP-GR9015;Grampa - 5,7 X 15 mm - Caja x  5000 PCS ;Consumibles;;8.572,00;91
Black Panther;BP-GR9022;Grampa - 5,7 X 22 mm - Caja x  5000 PCS ;Consumibles;;11.332,00;92
Black Panther;BP-GR9025;Grampa - 5,7 X 25 mm - Caja x  5000 PCS ;Consumibles;;12.036,00;92
Black Panther;BP-GR9032;Grampa - 5,7 X 32 mm - Caja x  5000 PCS ;Consumibles;;15.265,00;98
Black Panther;BP-GR9038;Grampa - 5,7 X 38 mm - Caja x  5000 PCS ;Consumibles;;18.143,00;93
Black Panther;BP-GR9040;Grampa - 5,7 X 40 mm - Caja x  5000 PCS ;Consumibles;;19.082,00;95
Black Panther;BP-GR9110;Grampa - 9,10 X 10 mm - Caja x  10000 PCS ;Consumibles;;4.991,00;16
Black Panther;BP-GR9112;Grampa - 9,10 X 12 mm - Caja x  10000 PCS ;Consumibles;;5.695,00;18
Black Panther;BP-GR9116;Grampa - 9,10 X 16 mm - Caja x  10000 PCS ;Consumibles;;7.163,00;18
Black Panther;BP-GR9106;Grampa - 9,10 X 6 mm - Caja x  10000 PCS ;Consumibles;;3.757,00;18
Black Panther;BP-GR9108;Grampa - 9,10 X 8 mm - Caja x  10000 PCS ;Consumibles;;4.403,00;18
Black Panther;BP-GRST06MM;Grampa Caja x  1000 Unidades 6MM / Corona 10.6MM - Alambre 1.2MM ;Consumibles;;1.852,00;75
Black Panther;BP-GRST08MM;Grampa Caja x  1000 Unidades 8MM / Corona 10.6MM - Alambre 1.2MM ;Consumibles;;2.042,00;14
Black Panther;BP-GRST10MM;Grampa Caja x 1000 Unidades 10MM / Corona 10.6MM - Alambre 1.2MM ;Consumibles;;2.547,00;77
Black Panther;BP-GRST12MM;Grampa Caja x 1000 Unidades 12MM / Corona 10.6MM - Alambre 1.2MM ;Consumibles;;2.614,00;73
Black Panther;BP-HML2000;Hacha Media Labor con Cabo Madera 800mm 2Kg - Black Panther BP-HML2000 ;Herramientas manuales_Corte y desbaste;;33.789,00;120
Black Panther;BP-HML2000F;Hacha media labor mango fibra 800mm  - Black Panther BPHML2000F ;Jardin y agro_Manuales;;41.167,00;84
Black Panther;BP-HT2000F;Hacha tumba con cabo fibra 800mm  - black panther bpht2000f ;Herramientas manuales_Corte y desbaste;;41.982,00;82
Black Panther;BP-HV0700F;Hacha Vizcaina Mango Fibra 360mm 700 Grs  - Black Panther BP-HV0700F ;Herramientas manuales_Corte y desbaste;;15.063,00;16
Black Panther;BP-HE13HP;Hidrolavadora - motor13hp 389cc 2500w/presion 248 bar/ 3600 psi / 220v 50hz / flujo  18.0 l/min  - black panther bp-he13hp ;Herramientas electricas_Limpieza;;1.075.167,00;9
Black Panther;BP-HI1900;Hidrolavadora con motor a induccion de 1900W - Black Panther BP-HI1900 ;Herramientas electricas_Limpieza;"- Potencia: 1900 Watts
- Presión máxima: 160 bar
- Tipo de alimentación: Corriente eléctrica
- Voltaje: 220V
- Caudal de agua: 6.5 l/min
- Color: Rojo
- Condición del ítem: Nuevo
- Frecuencia: 50Hz
- Temperatura máxima del agua: 50 °C
- Caudal máx: 6.5 L/min
- Caudal nomila: 5.2 L/min
- Presion máx: 16 MPa
- Presion entrada de agua máx: 1.2 MPa
- Presion nominal: 11 MPa
- Peso: 13.5 KG

Usos recomendados: Doméstico";180.308,00;22
Black Panther;BP-HI2500;Hidrolavadora con motor a induccion de 2500w - black panther bp-hi2500 ;Herramientas electricas_Limpieza;;301.362,00;4
Black Panther;BP-DS250.080D;Hoja de Sierra Circular Madera -250 mm - 80 Dientes-Buje 30mm (Reduc 7/8''/ 1'') - 6600rpm ;Accesorios;;18.723,00;30
Black Panther;BP-DS300.100D;Hoja de Sierra Circular Madera -300 mm - 100 Dientes-Buje30mm (Reduc 7/8''/ 1'') - 5100rpm ;Accesorios;;27.960,00;9
Black Panther;BP-DS300.080D;Hoja de Sierra Circular Madera -300 mm - 80 Dientes-Buje 30mm (Reduc 7/8''/ 1'') - 5100rpm ;Accesorios;;25.149,00;26
Black Panther;BP-DSA250.100D;Hoja de Sierra Circular para Aluminio 250 mm 100 Dientes - Black Panther ;Accesorios;"- Dientes: carburo de tungsteno
- Compatibilidad de corte: maderas, laminados, aluminio y PVC
- Disco de acero con tratamiento térmico
- Dientes re afilables
- Buje 30mm (Reduc 7/8''/ 1'')
- Velocidad de trabajo máxima: 6600 RPM";40.593,00;21
Black Panther;BP-DSA300.120D;Hoja de Sierra Circular para Corte de Aluminio  -300 mm - 120 Dientes-Buje 30mm (Reduc 7/8''/ 1'') - 5100 rpm ;Accesorios;;51.197,00;12
Black Panther;BP-DS350.080D;Hoja de Sierra Circular para madera 350 mm 80 Dientes - Black Panther ;Accesorios;"- Dientes: carburo de tungsteno
- Compatibilidad de corte: maderas, laminados y PVC
- Disco de acero con tratamiento térmico
- Dientes re afilables
- Hueco interior (Ø): 30.0 mm
- Velocidad de trabajo máxima: 4400 RPM";33.966,00;10
Black Panther;BP-DS184.040D;Hoja de Sierra Circular para Madera 7 1/4'' 184mm - 40 Dientes-Buje 22.2mm (Reduc 5/8''/ 3/4'') -8600rpm ;Accesorios;;7.018,00;79
Black Panther;BP-DS184.060D;Hoja de Sierra Circular para Madera 7 1/4'' 184mm - 60 Dientes-Buje 22.2mm (Reduc 5/8''/ 3/4'') - 8600rpm ;Accesorios;;7.750,00;114
Black Panther;BP-DS235.040D;Hoja de Sierra Circular para Madera 9 1/4'' -235 mm - 40 Dientes-Buje 22.2mm (Reduc 5/8''/ 3/4'') -6600rpm ;Accesorios;;12.156,00;45
Black Panther;BP-DS235.060D;Hoja de Sierra Circular para Madera 9 1/4'' -235 mm - 60 Dientes-Buje 22.2mm (Reduc 5/8''/ 3/4'') -6600rpm ;Accesorios;;13.544,00;47
Black Panther;BP-AC600;Juego de Aspa de Combinacion  - Black Panther BP-AC600 ;Accesorios;;74.799,00;4
Black Panther;BP-AT600;Juego de Aspa de terminación  - Black Panther BP-AT600 ;Accesorios;;61.681,00;4
Black Panther;BP-JT37PCS1/2;Juego de Llaves Tubo 37Pcs Set 1/2'' - BlackPanther BP-JT37PCS1/2 ;Herramientas manuales_Tubos;"- 19 Bocallaves hexagonales: 08, 09, 10, 11, 12, 13, 14, 15, 16, 17, 18, 19, 20, 21, 22, 24, 27, 30, 32 mm
- 12 Llaves combinadas de 8 a 19 mm
- 1 Llave criquet de 1/2''
- 1 Adaptador de 3 vías a 3/8''
- 2 Saca bujas de 16 y 21 mm
- 1 Barra de extensión de 10''
- 1 Movimiento universal articulado
- Incluye Maletín de transporte.";104.681,00;8
Black Panther;BP-JT108PCS;Juego de tubos x 108 piezas - 1/4'' - 1/2''- Milimétrico - Black Panther BP-JT108PCS ;Herramientas manuales_Tubos;"- Incluye:
- 3 Llaves Allen
- 17 puntas de 8mm

- Encastre 1/4''
- 13 bocallaves hexagonales de 1/4''
- 8 bocallaves largos
- 5 Bocallaves estriados
- 3 Bocallaves Punta Plana
- 2 Bocallaves punta philips
- 7 Bocallaves punta torx
- 2 Bocallaves punta Pozi
- 4 Bocallaves punta hexagonal
- 2 barras de extención
- 1 mango T
- 1 movimiento articulado
- 1 llave Crique
- 1 destornillador

- Encastre 1/2'':
- 17 Bocallaves hexagonales
- 5 bocallaves largos
- 8 Bocallaves estriados
- 2 Sacabujias
- 2 Barras de Extención
- 1 adaptador de 3 vias
- 1 movimiento articulado
- 1 llave Crique
- 1 Acople";128.181,00;5
Black Panther;BP-JT12PCS1/2;Juego de tubos x 12 piezas - 1/2''- Milimétrico - Black Panther BP-JT12PCS1/2 ;Herramientas manuales_Tubos;"- Incluye:
- 10 Tubos de 1/2'' - (10, 11, 12, 13, 14, 15, 17, 19, 22 y 24mm)
- 1 Extensión
- 1 Llave Crique";41.374,00;21
Black Panther;BP-JT12PCS1/4;Juego de tubos x 12 piezas - 1/4''- Milimétrico - Black Panther BP-JT12PCS1/4 ;Herramientas manuales_Tubos;"Incluye
10 Tubos de 1/4''
1 Extensión
1 Llave Crique";21.435,00;169
Black Panther;BP-JT25PCS1/4;Juego de tubos x 25 piezas - 1/4''- Milimétrico  - Black Panther BP-JT25PCS1/4 ;Herramientas manuales_Tubos;;37.884,00;5
Black Panther;BP-JT32PCS1/2;Juego de tubos x 32 piezas - 1/2''- Milimétrico  - Black Panther BP-JT32PCS1/2 ;Herramientas manuales_Tubos;;92.219,00;29
Black Panther;BP-JT216PCS;Juego de tubos y herramientas x 216 piezas - 1/4'' - 1/2'' - 3/8'' - milimetrico - black panther bp-jt216pcs ;Herramientas manuales_Sets de herramientas;"Incluye:

- Encastre 1/4'':
-13 Tubos hexagonales: 4, 4.5, 5, 5.5, 6, 7, 8, 9, 10, 11, 12, 13, 14mm
-7 Tubos hex. Largos: 4, 5, 6, 7, 8, 9, 10mm
-5 Tubos torx hembra: E4, E5, E6, E7, E8
-1 Destornillador
-1 Alargue: 2''
-1 Alargue: 4''
-1 Destornillador con adaptador para puntas hex. 6.35mm
-1 Movimiento universal articulado
-1 Mango T deslizante
-1 Adaptador hex. 6.35mm
-1 Adaptador para puntas hex. 6.35mm
-1 Llave crique 72 dientes
-30 Tubos con punta: SL4.5, SL5, SL6.5, SL7;PH0, PH0, PH1, PH2; PZ0, PZ1, PZ2; H3, H4, H5, H6; T8, T9, T10, T15, T20, T25, T27, T30; TT8, TT9, TT10, TT15, TT20, TT25, TT27, TT30

- Encastre 1/2'':
-14 Tubos hexagonales: 13, 14, 15, 16, 17, 18, 19, 20, 21, 22, 24, 27, 30, 32mm
-5 Tubos hex. largos: 16, 17, 18, 19, 22mm
-3 Tubos torx hembra: E20, E22, E24
-2 Tubos con punta: H-14, T-70
-1 Llave crique 72 dientes
-1 Alargue: 5''
-1 Alargue: 10''
-1 Adaptador para puntas hex.8mm
-1 Adaptador de 3 vias
-1 Movimiento universal articulado
-1 Tubo sacabujias: 16mm
-1 Tubo sacabujias: 21mm

- Encastre 3/8'':
-10 Tubos hexagonales: 10, 11, 12, 13, 14, 15, 16, 17, 18, 19mm
-6 Tubos hex. largos: 10, 11, 12, 13, 14, 15mm
-6 Tubos torx hembra: E10, E11, E12, E14, E16, E18
-1 Alargue: 5''
-1 Movimiento universal articulado
-1 Adaptador para puntas hex.8mm
-1 Llave crique 72 dientes
-1 Tubo sacabujias: 18mm
-30 Puntas destornillador 8mm: T25, T27, T30, T35, T40, T45, T50; TT27, TT30, TT35, TT50; H5.5, H6, H6, H7, H8; SL6, SL6.5, SL8; PH3, PH4; PZ3, PZ4; M5, M6, M8, M10
-44 Puntas destornillador 6mm: H3, H4, H5, H6; H3, H4, H5, H6(CON GUIA); PH1, PH2; PZ1, PZ2; T8, T10, T15, T20, T25; TT10, TT15, TT20, TT25, TT40, TT8, TT10, TT20, TT20, TT25; M5, M6, M8; SL4, SL5, SL5.5; TW1, TW2, TW3; TQ6, TQ8, TQ10; S1, S2, SL4, SL6, SL8
-12 Llaves combinadas: 8, 9, 10, 11, 12, 13, 14, 15, 16, 17, 18, 19mm
-7 Llaves Allen: 1.27, 1.5, 2, 2.5, 3, 4, 5mm";236.992,00;2
Black Panther;BP-JHM96PCS;Juego de tubos y herramientas x 96 piezas - black panther bp-jhm96pcs ;Herramientas manuales_Sets de herramientas;"Incluye:

- Encastre 1/4'':
-11 Tubos hexagonales: 4, 5, 6, 7, 8, 9, 10, 11, 12, 13, 14mm
-1 Llave crique
-1 Movimiento universal articulado
-1 mango T deslizante
-1 Alargue: 4''
-1 Adaptador

- Encastre 1/2'':
-14 Tubos hexagonales: 13, 14, 15, 16, 17, 18, 19, 20, 21, 22, 24, 27, 30, 32mm
-1 Sacabujias: 16mm
-1 Sacabujias: 21mm
-1 Llave crique
-1 Movimiento universal articulado
-1 Alargue: 10''
-1 Alicate: 6''
-1 Pinza universal: 7''
-1 Pinza de punta: 6''
-1 Tijera: 7''
-1 Pinza pico de loro: 10''
-4 Destornilladores: SL6*100, PH2*100, SL5*75, PH1*75
-8 Llaves combinadas: 8, 10, 11, 12, 13, 15, 17, 19mm
-9 Llaves Allen: 1.5, 2, 2.5, 3, 4, 5, 6, 8, 10mm
-1 Martillo carpintero: 300gr
-1 Adaptador
-1 Destornillador para tubos
-1 Destornillador Para puntas
-1 Adaptador de 3 vias
-1 Maletin plastico
-30 puntas destornillador 8mm: FL3, FL4, FL5, FL6, PH1, PH2, PH2, PH3, PZ1 ,PZ2, PZ2, PZ3, SW3, SW4, SW5, SW6, TX10, TX15, TX20, TX25, TX27, TX30, TX40, TXB10, TXB15, TXB20, TXB25, TXB27, TXB30, TXB40";200.959,00;4
Black Panther;BP-HE13HPREP.1;Juego de valvulas para hidrolavadora black panther he13hp ;Repuestos;;7.687,00;16
Black Panther;BP-HI1900REP.1;Juego de valvulas para hidrolavadora black panther hi1900 ;Repuestos;;4.901,00;92
Black Panther;BP-HI2200PROREP.1;Juego de valvulas para hidrolavadora black panther hi2200pro ;Repuestos;;9.191,00;11
Black Panther;BP-HI2500REP.1;Juego de valvulas para hidrolavadora black panther hi2500 ;Repuestos;;6.349,00;22
Black Panther;BP-JDPHSL6P;Juego Destornilladores de 6 Piezas Tamaño: PH0*80-PH1*100-PH2*125-SL05*3.0*80MM-SL1.0*5.5*125MM-SL1.2*6.5*125MM ;Herramientas manuales_Destornilladores;;20.647,00;73
Black Panther;BP-JALL01;Juego Llaves Allen Corto 1.5 - 10MM - 9 Piezas ;Herramientas manuales_Llaves;;3.304,00;58
Black Panther;BP-5PCS3;Kit 5 piezas - rosca g1/4  - Black Panther BP5PCS3 ;Herramientas manuales_Sets de herramientas;;38.092,00;3
Black Panther;BP-3CEPDETAIL;kit Cepillos para Taladro Limpieza de Tapizados Detailling ;Accesorios;;6.333,00;72
Black Panther;BP-LLC72D1/2;Llave crique 1/2'' 72 dientes  - black panther bp-llc72d1/2 ;Herramientas manuales_Llaves;;17.945,00;46
Black Panther;BP-HBLLI350;Llave de Impacto Inalambrica 20V Brushless Incluye Maletin - NO INCLUYE CARGADOR NI BATERIA - Black Panther ;Herramientas electricas_Fuerza;"- Mandril cuadrado: Encastre 1/2''
- Voltaje DC-20V
- Tipo de motor Brushless
- Velocidad de vacio: 0-1600RPM / 0-2300RPM
- Impactos: 0-3500IPM
- Torque max: 350NM";109.227,00;25
Black Panther;BP-PROM01;Llavero Largo Colgante 25x50mm Black Panther ;Indumentaria_Merchandising;;1.609,00;1.890,00
Black Panther;BP-DS250.100D;Madera -250 mm - 100 Dientes-Buje 30mm (Reduc 7/8''/ 1'') - 6600rpm ;Accesorios;;20.793,00;33
Black Panther;BP-MM76;Malacate Manual Black Panther Cable 7,6 M 2000LB/ Peso Neto 28Kg ;Herramientas manuales_Elevacion y traccion;;77.255,00;6
Black Panther;BP-MMC6;Malacate Manual Black Panther Cinta 6 M 2000LB/ Peso Neto 28Kg ;Herramientas manuales_Elevacion y traccion;;78.542,00;17
Black Panther;BP-CHMHB;Maletin Apilable para Herramientas con Esponja - BP-CHMHB ;Almacenamiento_Cajas de herramientas;;109.818,00;17
Black Panther;BP-MH19P;Maletín plástico multiuso  - Black Panther BP-MH19P ;Almacenamiento_Cajas de herramientas;Con trabas y bisagras metálicas;146.092,00;42
Black Panther;BP-2004;Mandril a Cremallera 5-20 mm b22 autoajustable  - black panther bp-2004 ;Accesorios;;82.895,00;6
Black Panther;BP-3002;Mandril Autoajustable 3-16 mm b16/b18  - black panther bp-3002 ;Accesorios;;86.349,00;5
Black Panther;BP-3003;Mandril Autoajustable 5-20 mm b22 mandril con llave  - black panther bp-3003 ;Accesorios;;144.837,00;6
Black Panther;BP-2001;Mandril con llave 1.5-13mm b16 - black panther bp-2001 ;Accesorios;"- Cono: B16
- Rango: 1.5 mm A 13 mm";14.157,00;7
Black Panther;BP-2002;Mandril con llave 3-16mm b16 - black panther bp-2002 ;Accesorios;"- Cono: B16
- Rango: 3 mm A 16 mm";45.302,00;3
Black Panther;BP-D52CC_REP.9;Manguera para tanque de desmalezadora Black Panther ;Repuestos;;6.685,00;17
Black Panther;BP-MPE15M;Manguerapara compresor de pe 15m  - black panther bpmpe15m ;Accesorios;;13.974,00;121
Black Panther;BP-MPE75M;Manguerapara compresor de pe 7,5m  - black panther bpmpe75m ;Accesorios;;8.001,00;110
Black Panther;BP-BF450;Martillo Bolita Fibra  16 Oz 450 Grs  - Black Panther BP-BF450 ;Herramientas manuales_Mazas y martillos;;11.246,00;46
Black Panther;BP-BF680;Martillo Bolita Fibra  24 Oz 680 Grs - Black Panther BP-BF680 ;Herramientas manuales_Mazas y martillos;;13.671,00;32
Black Panther;BP-BF900;Martillo Bolita Fibra  32 Oz 900 Grs  - Black Panther BP-BF900 ;Herramientas manuales_Mazas y martillos;;8.399,00;18
Black Panther;BP-BM450;Martillo Bolita Madera  16 oz  - Black Panther BP-BM450 ;Herramientas manuales_Mazas y martillos;;9.556,00;43
Black Panther;BP-BM680;Martillo Bolita Madera  24 Oz 680 Grs - Black Panther BP-BM680 ;Herramientas manuales_Mazas y martillos;;11.467,00;33
Black Panther;BP-CF20;Martillo carpintero fibra  - black panther bpcf20 ;Herramientas manuales_Mazas y martillos;;11.195,00;114
Black Panther;BP-CF22;Martillo carpintero fibra  - black panther bpcf22 ;Herramientas manuales_Mazas y martillos;;12.281,00;160
Black Panther;BP-CF25;Martillo carpintero fibra  - black panther bpcf25 ;Herramientas manuales_Mazas y martillos;;13.869,00;178
Black Panther;BP-CM22;Martillo carpintero madera  - black panther bp-cm22 ;Herramientas manuales_Mazas y martillos;;10.177,00;222
Black Panther;BP-CM25;Martillo carpintero madera  - black panther bp-cm25 ;Herramientas manuales_Mazas y martillos;;12.281,00;223
Black Panther;BP-GM20OZ;Martillo galponero  - black panther bp-gm20oz ;Herramientas manuales_Mazas y martillos;;9.321,00;199
Black Panther;BP-GH20OZ;Martillo galponero acero 20oz - black panther gh20oz ;Herramientas manuales_Mazas y martillos;;22.346,00;219
Black Panther;BP-GF20OZ;Martillo galponero mango fibra  - black panther bpgf200z ;Herramientas manuales_Mazas y martillos;;12.060,00;192
Black Panther;BP-MF2S02;Máscara fotosensible sin pintar - Black Panther BP-MF2S02 ;Accesorios;;38.566,00;3
Black Panther;BP-MF080;Maza de fibra  - black panther bpmf080 ;Herramientas manuales_Mazas y martillos;;9.845,00;80
Black Panther;BP-MF100;Maza de fibra  - black panther bpmf100 ;Herramientas manuales_Mazas y martillos;;11.218,00;226
Black Panther;BP-MF125;Maza de fibra  - black panther bpmf125 ;Herramientas manuales_Mazas y martillos;;12.732,00;224
Black Panther;BP-MF150;Maza de fibra  - black panther bpmf150 ;Herramientas manuales_Mazas y martillos;;15.667,00;237
Black Panther;BP-MG16OZ;Maza de Goma Mango de Madera 160Z - BP-MG16OZ ;Herramientas manuales_Mazas y martillos;;6.643,00;31
Black Panther;BP-MM100;Maza madera traba simple de seguridad 1.00 kg  - black panther bp-mm100 ;Herramientas manuales_Mazas y martillos;;10.093,00;65
Black Panther;BP-MM125;Maza madera traba simple de seguridad 1.25 kg  - black panther bp-mm125 ;Herramientas manuales_Mazas y martillos;;10.958,00;85
Black Panther;BP-MM150;MAZA MADERA TRABA SIMPLE DE SEGURIDAD 1.50 KG  - Black Panther BP-MM150 ;Herramientas manuales_Mazas y martillos;;13.601,00;78
Black Panther;BP-MM200;Maza madera traba simple de seguridad 2.00 kg  - black panther bp-mm200 ;Herramientas manuales_Mazas y martillos;;17.638,00;29
Black Panther;BP-MAR1000;Mecha Acero Rápido hss  x 10.0mm X UNIDAD ;Herramientas manuales_Juegos de mechas;- Viene en tubo plástico por 10 Unidades;6.442,00;94
Black Panther;BP-MAR1150;Mecha Acero Rápido hss  x 11.5mm X UNIDAD ;Herramientas manuales_Juegos de mechas;- Viene en tubo plastico x 5 Unidades;8.323,00;50
Black Panther;BP-MAR0200;Mecha Acero Rapido hss  x 2.0mm  X UNIDAD ;Herramientas manuales_Juegos de mechas;- Viene en tubo plástico x 10 unidades;650;287
Black Panther;BP-MAR0450;Mecha Acero Rapido hss  x 4.5mm X UNIDAD ;Herramientas manuales_Juegos de mechas;- Viene en tubo plástico x 10 unidades;1.688,00;196
Black Panther;BP-MAR1900;Mecha Acero Rápido hss / 1 Unid  x 19.0mm ;Herramientas manuales_Juegos de mechas;"- Usos: Perforación en Aceros, Hierros, Aluminio, Maderas, Plásticos y más
- Construcción en acero rápido M2: Aleado con molibdeno y tungsteno, con tratamiento térmico que le confiere máxima resistencia al desgaste y a altas temperaturas.
- Filos destalonados: Menor fricción y menor generación de calor, lo que prolonga la vida útil de la broca.
- Diseño con punta destalonada: Facilita la descarga de virutas y permite perforar sin hacer agujero previo, incluso en diámetros grandes.
- Norma DIN 338: Fabricadas en conformidad con estándares internacionales para máxima calidad y precisión.";35.837,00;8
Black Panther;BP-MAR2000;Mecha Acero Rápido hss / 1 Unid x 20.0mm ;Herramientas manuales_Juegos de mechas;"- Usos: Perforación en Aceros, Hierros, Aluminio, Maderas, Plásticos y más
- Construcción en acero rápido M2: Aleado con molibdeno y tungsteno, con tratamiento térmico que le confiere máxima resistencia al desgaste y a altas temperaturas.
- Filos destalonados: Menor fricción y menor generación de calor, lo que prolonga la vida útil de la broca.
- Diseño con punta destalonada: Facilita la descarga de virutas y permite perforar sin hacer agujero previo, incluso en diámetros grandes.
- Norma DIN 338: Fabricadas en conformidad con estándares internacionales para máxima calidad y precisión.";39.219,00;12
Black Panther;BP-MAR2100;Mecha Acero Rápido hss / 1 Unid x 21.0mm ;Herramientas manuales_Juegos de mechas;"- Usos: Perforación en Aceros, Hierros, Aluminio, Maderas, Plásticos y más
- Construcción en acero rápido M2: Aleado con molibdeno y tungsteno, con tratamiento térmico que le confiere máxima resistencia al desgaste y a altas temperaturas.
- Filos destalonados: Menor fricción y menor generación de calor, lo que prolonga la vida útil de la broca.
- Diseño con punta destalonada: Facilita la descarga de virutas y permite perforar sin hacer agujero previo, incluso en diámetros grandes.
- Norma DIN 338: Fabricadas en conformidad con estándares internacionales para máxima calidad y precisión.";41.393,00;5
Black Panther;BP-MAR1800;Mecha Acero Rápido hss 1 Unid.  x 18.0mm ;Herramientas manuales_Juegos de mechas;"- Usos: Perforación en Aceros, Hierros, Aluminio, Maderas, Plásticos y más
- Construcción en acero rápido M2: Aleado con molibdeno y tungsteno, con tratamiento térmico que le confiere máxima resistencia al desgaste y a altas temperaturas.
- Filos destalonados: Menor fricción y menor generación de calor, lo que prolonga la vida útil de la broca.
- Diseño con punta destalonada: Facilita la descarga de virutas y permite perforar sin hacer agujero previo, incluso en diámetros grandes.
- Norma DIN 338: Fabricadas en conformidad con estándares internacionales para máxima calidad y precisión.";32.749,00;12
Black Panther;BP-MAR1750;Mecha Acero Rápido hss 1 Unid. x 17.5mm ;Herramientas manuales_Juegos de mechas;"- Usos: Perforación en Aceros, Hierros, Aluminio, Maderas, Plásticos y más
- Construcción en acero rápido M2: Aleado con molibdeno y tungsteno, con tratamiento térmico que le confiere máxima resistencia al desgaste y a altas temperaturas.
- Filos destalonados: Menor fricción y menor generación de calor, lo que prolonga la vida útil de la broca.
- Diseño con punta destalonada: Facilita la descarga de virutas y permite perforar sin hacer agujero previo, incluso en diámetros grandes.
- Norma DIN 338: Fabricadas en conformidad con estándares internacionales para máxima calidad y precisión.";30.674,00;9
Black Panther;BP-MAR0150;Mecha Acero Rapido hss x 1.5mm X UNIDAD ;Herramientas manuales_Juegos de mechas;- Viene en tubo plástico x 10 Unidades;555;296
Black Panther;BP-MAR1025;Mecha Acero Rápido hss x 10.25mm X UNIDAD ;Herramientas manuales_Juegos de mechas;- Viene en tubo plástico x 5 Unidades;6.679,00;24
Black Panther;BP-MAR1050;Mecha Acero Rápido hss x 10.5mm X UNIDAD ;Herramientas manuales_Juegos de mechas;- Viene en tubo plástico x 5 Unidades;6.679,00;57
Black Panther;BP-MAR1075;Mecha Acero Rápido hss x 10.75mm X UNIDAD ;Herramientas manuales_Juegos de mechas;- Viene en tubo plástico x 5 Unidades;7.667,00;24
Black Panther;BP-MAR1100;Mecha Acero Rápido hss x 11.0mm X UNIDAD ;Herramientas manuales_Juegos de mechas;- Viene en tubo plástico x 5 Unidades;7.665,00;50
Black Panther;BP-MAR1125;Mecha Acero Rápido hss x 11.25mm X UNIDAD ;Herramientas manuales_Juegos de mechas;- Viene en tubo plástico x 5 Unidades;8.323,00;35
Black Panther;BP-MAR1175;Mecha Acero Rápido hss x 11.75mm X UNIDAD ;Herramientas manuales_Juegos de mechas;- Viene en tubo plástico x 5 Unidades;9.521,00;25
Black Panther;BP-MAR1200;Mecha Acero Rápido hss x 12.0mm X UNIDAD ;Herramientas manuales_Juegos de mechas;- Viene en tubo plástico x 5 Unidades;9.524,00;48
Black Panther;BP-MAR1225;Mecha Acero Rápido hss x 12.25mm X UNIDAD ;Herramientas manuales_Juegos de mechas;- Viene en tubo plástico x 5 Unidades;10.111,00;24
Black Panther;BP-MAR1250;Mecha Acero Rápido hss x 12.5mm X UNIDAD ;Herramientas manuales_Juegos de mechas;- Viene en tubo plástico x 5 Unidades;10.111,00;49
Black Panther;BP-MAR1275;Mecha Acero Rápido hss x 12.75mm X UNIDAD ;Herramientas manuales_Juegos de mechas;- Viene en tubo plástico x 5 Unidades;10.811,00;25
Black Panther;BP-MAR1300;Mecha Acero Rápido hss x 13.0mm X UNIDAD ;Herramientas manuales_Juegos de mechas;- Viene en tubo plástico x 5 Unidades;11.751,00;45
Black Panther;BP-MAR0250;Mecha Acero Rapido hss x 2.5mm X UNIDAD ;Herramientas manuales_Juegos de mechas;- Viene en tubo plástico x 10 unidades;1.208,00;193
Black Panther;BP-MAR0300;Mecha Acero Rapido hss x 3.0mm X UNIDAD ;Herramientas manuales_Juegos de mechas;- Viene en tubo plástico x 10 unidades;1.082,00;236
Black Panther;BP-MAR0325;Mecha Acero Rapido hss x 3.25mm X UNIDAD ;Herramientas manuales_Juegos de mechas;- Viene en tubo plástico x 10 unidades;1.110,00;248
Black Panther;BP-MAR0350;Mecha Acero Rapido hss x 3.5mm X UNIDAD ;Herramientas manuales_Juegos de mechas;- Viene en tubo plástico x 10 unidades;1.110,00;198
Black Panther;BP-MAR0375;Mecha Acero Rapido hss x 3.75mm X UNIDAD ;Herramientas manuales_Juegos de mechas;- Viene en tubo plástico x 10 unidades;1.296,00;199
Black Panther;BP-MAR0400;Mecha Acero Rapido hss x 4.0mm X UNIDAD ;Herramientas manuales_Juegos de mechas;- Viene en tubo plástico x 10 unidades;1.296,00;195
Black Panther;BP-MAR0425;Mecha Acero Rapido hss x 4.25mm X UNIDAD ;Herramientas manuales_Juegos de mechas;- Viene en tubo plástico x 10 unidades;1.688,00;200
Black Panther;BP-MAR0475;Mecha Acero Rapido hss x 4.75mm X UNIDAD ;Herramientas manuales_Juegos de mechas;- Viene en tubo plástico x 10 unidades;1.996,00;200
Black Panther;BP-MAR0500;Mecha Acero Rapido hss x 5.0mm X UNIDAD ;Herramientas manuales_Juegos de mechas;- Viene en tubo plástico x 10 unidades;2.005,00;242
Black Panther;BP-MAR0525;Mecha Acero Rapido hss x 5.25mm X UNIDAD ;Herramientas manuales_Juegos de mechas;- Viene en tubo plástico x 10 unidades;2.351,00;200
Black Panther;BP-MAR0550;Mecha Acero Rapido hss x 5.5mm X UNIDAD ;Herramientas manuales_Juegos de mechas;- Viene en tubo plástico x 10 unidades;2.359,00;159
Black Panther;BP-MAR0575;Mecha Acero Rapido hss x 5.75mm X UNIDAD ;Herramientas manuales_Juegos de mechas;- Viene en tubo plástico x 10 unidades;2.648,00;200
Black Panther;BP-MAR0600;Mecha Acero Rapido hss x 6.0mm X UNIDAD ;Herramientas manuales_Juegos de mechas;- Viene en tubo plástico x 10 unidades;2.658,00;359
Black Panther;BP-MAR0625;Mecha Acero Rapido hss x 6.25 X UNIDAD ;Herramientas manuales_Juegos de mechas;- Viene en tubo plástico x 10 unidades;2.764,00;150
Black Panther;BP-MAR0650;Mecha Acero Rapido hss x 6.5mm X UNIDAD ;Herramientas manuales_Juegos de mechas;- Viene en tubo plástico x 10 unidades;2.772,00;199
Black Panther;BP-MAR0675;Mecha Acero Rapido hss x 6.75mm X UNIDAD ;Herramientas manuales_Juegos de mechas;- Viene en tubo plástico x 10 unidades;3.104,00;48
Black Panther;BP-MAR0700;Mecha Acero Rapido hss x 7.0mm X UNIDAD ;Herramientas manuales_Juegos de mechas;- Viene en tubo plástico x 10 unidades;3.277,00;200
Black Panther;BP-MAR0725;Mecha Acero Rapido hss x 7.25mm X UNIDAD ;Herramientas manuales_Juegos de mechas;- Viene en tubo plástico x 10 unidades;3.710,00;200
Black Panther;BP-MAR0750;Mecha Acero Rápido hss x 7.5mm X UNIDAD ;Herramientas manuales_Juegos de mechas;- Viene en tubo plástico x 10 unidades;3.718,00;149
Black Panther;BP-MAR0775;Mecha Acero Rápido hss x 7.75mm X UNIDAD ;Herramientas manuales_Juegos de mechas;- Viene en tubo plástico x 10 unidades;4.341,00;150
Black Panther;BP-MAR0800;Mecha Acero Rápido hss x 8.0mm X UNIDAD ;Herramientas manuales_Juegos de mechas;- Viene en tubo plástico x 10 unidades;4.300,00;96
Black Panther;BP-MAR0825;Mecha Acero Rápido hss x 8.25mm X UNIDAD ;Herramientas manuales_Juegos de mechas;- Viene en tubo plástico x 10 unidades;4.704,00;127
Black Panther;BP-MAR0850;Mecha Acero Rápido hss x 8.5mm X UNIDAD ;Herramientas manuales_Juegos de mechas;- Viene en tubo plástico x 10 unidades;4.712,00;129
Black Panther;BP-MAR0875;Mecha Acero Rápido hss x 8.75mm X UNIDAD ;Herramientas manuales_Juegos de mechas;- Viene en tubo plástico x 10 unidades;4.762,00;50
Black Panther;BP-MAR0900;Mecha Acero Rápido hss x 9.0mm X UNIDAD ;Herramientas manuales_Juegos de mechas;- Viene en tubo plástico x 10 unidades;4.869,00;127
Black Panther;BP-MAR0925;Mecha Acero Rápido hss x 9.25mm X UNIDAD ;Herramientas manuales_Juegos de mechas;- Viene en tubo plástico x 10 unidades;5.322,00;30
Black Panther;BP-MAR0950;Mecha Acero Rápido hss x 9.5mm X UNIDAD ;Herramientas manuales_Juegos de mechas;- Viene en tubo plástico x 10 unidades;5.320,00;69
Black Panther;BP-MAR0975;Mecha Acero Rápido hss x 9.75mm X UNIDAD ;Herramientas manuales_Juegos de mechas;- Viene en tubo plástico x 10 Unidades;6.066,00;100
Black Panther;BP-MAR1350;Mecha Acero Rápido hss//tubo plástico con 1 un x 13.5mm ;Herramientas manuales_Juegos de mechas;;15.421,00;9
Black Panther;BP-MAR1400;Mecha Acero Rápido hss//tubo plástico con 1 un x 14.0mm ;Herramientas manuales_Juegos de mechas;;17.033,00;3
Black Panther;BP-MAR1450;Mecha Acero Rápido hss//tubo plástico con 1 un x 14.5mm ;Herramientas manuales_Juegos de mechas;;18.494,00;2
Black Panther;BP-MAR1500;Mecha Acero Rápido hss//tubo plástico con 1 un x 15.0mm ;Herramientas manuales_Juegos de mechas;;19.120,00;7
Black Panther;BP-MAR1550;Mecha Acero Rápido hss//tubo plástico con 1 un x 15.5mm ;Herramientas manuales_Juegos de mechas;;21.761,00;10
Black Panther;BP-MAR1600;Mecha Acero Rápido hss//tubo plástico con 1 un x 16.0mm ;Herramientas manuales_Juegos de mechas;"- Usos: Perforación en Aceros, Hierros, Aluminio, Maderas, Plásticos y más
- Construcción en acero rápido M2: Aleado con molibdeno y tungsteno, con tratamiento térmico que le confiere máxima resistencia al desgaste y a altas temperaturas.
- Filos destalonados: Menor fricción y menor generación de calor, lo que prolonga la vida útil de la broca.
- Diseño con punta destalonada: Facilita la descarga de virutas y permite perforar sin hacer agujero previo, incluso en diámetros grandes.
- Norma DIN 338: Fabricadas en conformidad con estándares internacionales para máxima calidad y precisión.";26.734,00;4
Black Panther;BP-MAR1650;Mecha Acero Rápido hss//tubo plástico con 1 un x 16.5mm ;Herramientas manuales_Juegos de mechas;"- Usos: Perforación en Aceros, Hierros, Aluminio, Maderas, Plásticos y más
- Construcción en acero rápido M2: Aleado con molibdeno y tungsteno, con tratamiento térmico que le confiere máxima resistencia al desgaste y a altas temperaturas.
- Filos destalonados: Menor fricción y menor generación de calor, lo que prolonga la vida útil de la broca.
- Diseño con punta destalonada: Facilita la descarga de virutas y permite perforar sin hacer agujero previo, incluso en diámetros grandes.
- Norma DIN 338: Fabricadas en conformidad con estándares internacionales para máxima calidad y precisión.";27.907,00;2
Black Panther;BP-MAR1700;Mecha Acero Rápido hss//tubo plástico con 1 un x 17.0mm ;Herramientas manuales_Juegos de mechas;"- Usos: Perforación en Aceros, Hierros, Aluminio, Maderas, Plásticos y más
- Construcción en acero rápido M2: Aleado con molibdeno y tungsteno, con tratamiento térmico que le confiere máxima resistencia al desgaste y a altas temperaturas.
- Filos destalonados: Menor fricción y menor generación de calor, lo que prolonga la vida útil de la broca.
- Diseño con punta destalonada: Facilita la descarga de virutas y permite perforar sin hacer agujero previo, incluso en diámetros grandes.
- Norma DIN 338: Fabricadas en conformidad con estándares internacionales para máxima calidad y precisión.";29.374,00;8
Black Panther;BP-MAR2200;Mecha de acero rápido HSS 22mm con encastre reducido - Black Panther ;Herramientas manuales_Juegos de mechas;"- Usos: Perforación en Aceros, Hierros, Aluminio, Maderas, Plásticos y más
- Construcción en acero rápido M2: Aleado con molibdeno y tungsteno, con tratamiento térmico que le confiere máxima resistencia al desgaste y a altas temperaturas.
- Filos destalonados: Menor fricción y menor generación de calor, lo que prolonga la vida útil de la broca.
- Diseño con punta destalonada: Facilita la descarga de virutas y permite perforar sin hacer agujero previo, incluso en diámetros grandes.
- Norma DIN 338: Fabricadas en conformidad con estándares internacionales para máxima calidad y precisión.";42.490,00;4
Black Panther;BP-MFST035;Mecha Forstner // Blister con 1 unidad x 35mm ;Herramientas manuales_Juegos de mechas;;18.267,00;20
Black Panther;BP-MW0008;Mecha Widea  x 8mm X UNIDAD ;Herramientas manuales_Juegos de mechas;- Viene en tubo plástico por 5 unidades;2.126,00;96
Black Panther;BP-MW0014;Mecha Widea - Tubo con 1 Unidad x 14mm ;Herramientas manuales_Juegos de mechas;;6.210,00;22
Black Panther;BP-MW10400;Mecha Widea Larga // Bolsa con 1 Unidad - 10x400mm ;Herramientas manuales_Juegos de mechas;;6.607,00;14
Black Panther;BP-MW12400;Mecha Widea Larga // Bolsa con 1 Unidad - 12x400mm ;Herramientas manuales_Juegos de mechas;;8.882,00;5
Black Panther;BP-MW08400;Mecha Widea Larga // Bolsa con 1 Unidad - 8x400mm ;Herramientas manuales_Juegos de mechas;;5.927,00;13
Black Panther;BP-MW0010;Mecha Widea x 10mm X UNIDAD ;Herramientas manuales_Juegos de mechas;- Viene en tubo plástico por 5 unidades;2.504,00;106
Black Panther;BP-MW0012;Mecha Widea x 12mm X UNIDAD ;Herramientas manuales_Juegos de mechas;- Viene en tubo plástico por 5 unidades;4.072,00;139
Black Panther;BP-MW0006;Mecha Widea x 6mm X UNIDAD ;Herramientas manuales_Juegos de mechas;- Viene en tubo plástico por 10 unidades;1.336,00;219
Black Panther;BP-MH500FPU;Mesa hidráulica 500 kgs  - black panther bp-mh500fpu ;Herramientas manuales_Elevacion y traccion;"Capacidad (kg): 500
Altura máxima se elevación h12 (mm): 900
Altura mínima de la mesa h13 (mm): 340
Altura de elevación h3 (mm): 560
Tamaño de la mesa l/b5/s (mm): 855x500x50
Altura total h14 (mm): 970
Longitud total l1 (mm): 925
Ciclos de pedal a la altura máxima.: ?45
Diámetro de la rueda d (mm): 127
Peso de servicio (kg): 87";760.317,00;3
Black Panther;BP-MC8B60LM;Mini Compresor 45L/Min - Black Panther BP-MC8B60LM ;Herramientas electricas_Compresores;"- Voltaje: DC 12V/13.5V
- Presión Máx.: 120PSI
- Flujo de Aire: 45L/MIN
- Corriente Nominal: 18A
- Largo de Manguera: 40CM
- Peso: 2.3KG";91.131,00;25
Black Panther;BP-MC10B6LM;Mini Compresor 6L/Min Inalámbrico - Black Panther BP-MC10B6LM ;Herramientas electricas_Compresores;"- Voltaje: DC 7.4V
- Presión Máx.: 150PSI / 10.3BAR / 1030KPA
- Flujo de Aire: 6L/MIN
- Linterna Led: 110 LÚMENES
- Entrada de Carga: 5V/2A Máx.
- Tiempo de Carga: 3hs
- Salida USB: 5V/2A
- Peso: 0.46KG";72.904,00;13
Black Panther;BP-ML1/4;Mini Lubricador -1/4 ;Accesorios;;5.377,00;49
Black Panther;BP-MR1/4;Mini Regulador 1/4 ;Accesorios;;13.476,00;48
Black Panther;BP-MTA1/4;Mini Trampa de Agua - 1/4 ;Accesorios;;7.925,00;41
Black Panther;BP-BH005;Mochila de Herramientas 20 Litros Piso Reforzado Plastico 33x17,5x41cm ;Almacenamiento_Bolsos y mochilas;"* Tipo: mochila porta herramientas
* Capacidad: 20 litros
* Material: poliéster
* Dimensiones: 33 (largo) x 17,5 (ancho) x 41 (alto) cm
* Bolsillos: 15 (11 internos + 4 externos)
* Carga máxima: hasta 20 kg
* Base: sólida y resistente (protege contra agua, tierra, golpes y rayaduras)
* Refuerzos: cremalleras, costuras, manija y correas reforzadas para uso intensivo
* Uso recomendado: organización y transporte de herramientas, taller, mantenimiento y obra";36.512,00;2
Black Panther;BP-BH006;Mochila de Herramientas 38 Litros Piso Reforzado Plastico 35x25x48cm ;Almacenamiento_Bolsos y mochilas;;72.488,00;11
Black Panther;BP-BH007;Mochila de Herramientas con Carrito 35 Litros Piso Reforzado Plastico 32x23x49cm ;Almacenamiento_Bolsos y mochilas;"* Tipo: mochila porta herramientas
* Capacidad: 35 litros
* Material: poliéster
* Dimensiones: 32 (largo) x 23 (ancho) x 49 (alto) cm
* Bolsillos/organizadores: 27 internos + 5 externos (32 en total)
* Base/piso: plástico rígido reforzado
* Costuras y cierres: reforzados para uso profesional
* Incluye: cartuchera porta herramientas con 22 bolsillos
* Peso (publicaciones): 1 kg
* Color: rojo y negro
* Uso recomendado: taller, mantenimiento, obra, electricistas e instaladores (transporte y organización de herramientas)";110.074,00;10
Black Panther;BP-MP3;Morza Plana  3''  - Black Panther BP-MP3 ;Herramientas manuales_Morsas;;17.579,00;2
Black Panther;BP-MB8070;Motobomba - 7.0 HP -(SALIDA 3''/ 80 MM)  - Black Panther BP-MB8070 ;Jardin y agro_Riego;;270.879,00;1
Black Panther;BP-MB5065;Motobomba 6.5 Hp - Salida 2'' - 50mm  - Black Panther BP-MB5065 ;Jardin y agro_Riego;"Succión máxima 7 metros
Elevación máxima 30 metros
Caudal máximo 30m3/h";226.852,00;18
Black Panther;BP-MN70EC;Motor a explosion 7,0 hp 420cc -conico  - black panther bp-mn70ec ;Jardin y agro_Motores;;246.722,00;1
Black Panther;BP-MN130E;Motor a explosión naftero 13hp 389cc eléctrico - black panther bp-mn130e ;Jardin y agro_Motores;"- Potencia (HP) 13 HP
- Potencia certificada 9,6 KW a 3600 RPM
- Capacidad de combustible 6.5 lts
- Tipo de Arranque Eléctrico y manual
- Diámetro del eje 1 ''
- Alto 48.5 cm
- Largo 51.5 cm
- Profundidad 42 cm
- Peso Bruto 31 Kg";436.540,00;3
Black Panther;BP-MN130M;Motor a explosión naftero 13hp 389cc manual - black panther bp-mn130m ;Jardin y agro_Motores;"- Potencia (HP) 13 HP
- Potencia certificada 9,6 KW a 3600 RPM
- Capacidad de combustible 6,5 lts
- Tipo de Arranque manual
- Diámetro del eje 1''
- Alto 48,5 cm
- Largo 51,5 cm
- Profundidad 42 cm
- Peso Bruto 31 Kg
";355.521,00;1
Black Panther;BP-MN150E;Motor a Explosión Naftero 15hp 420cc Eléctrico - Black Panther BP-MN150E ;Jardin y agro_Motores;"- Repuestos compatibles: Trinquete de arranque (BP-GE8000MEREP.2) - Filtro de Aire (BP-MN130EREP.2)
- Potencia (HP) 15 HP
- Potencia certificada 9,6 KW a 3600 RPM
- Capacidad de combustible 6.5 lts
- Arranque eléctrico.
- Motor: 4 tiempos.
- Tanque metálico.
- Sensor de aceite.
- Peso Bruto 39 Kg";474.028,00;1
Black Panther;BP-MN65M;Motor a explosión naftero 6,5hp 163cc manual - black panther bp-mn65m ;Jardin y agro_Motores;"- Potencia (HP) 6,5 HP
- Potencia certificada 4.8 KW a 3600 RPM
- Capacidad de combustible 3.6 lts
- Tipo de Arranque manual
- Diámetro del eje 3/4 ''
- Alto 35 cm
- Largo 39 cm
- Profundidad 33 cm
- Peso Bruto 15 Kg";160.558,00;21
Black Panther;BP-MN70M;Motor a explosión naftero 7hp 208cc manual - black panther bp-mn70m ;Jardin y agro_Motores;"- Potencia (HP) 7 HP
- Potencia certificada 4.8 KW a 3600 RPM
- Capacidad de combustible 3.6 lts
- Tipo de Arranque manual
- Diámetro del eje 3/4 ''
- Alto 35 cm
- Largo 39 cm
- Profundidad 33 cm
- Peso Bruto 16 Kg";160.558,00;4
Black Panther;BP-M52CC;Motosierra naftera 52cc - 2.8 Hp Espada 20'' - 50 cm - Black Panther BP-M52CC ;Jardin y agro_Corte y poda;;161.006,00;141
Black Panther;BP-CHG12;Organizador 12 Cajones 267x157x262h mm - BlackPanther BP-CHG12 ;Almacenamiento_Cajas de herramientas;"- Cantidad de compartimientos: 12
- Material: Plástico
- Color: Negro";44.876,00;31
Black Panther;BP-CHG39;Organizador 39 Cajones 381x157x475h mm - BlackPanther BP-CHG39 ;Almacenamiento_Cajas de herramientas;"- 9 cajones de 14 x 11 x 6 cm con división extraíble por la mitad.
- 30 cajones de 14 x 5 x 4 cm con división extraíble por la mitad.
- Total de 39 cajones para un almacenamiento funcional de diversos elementos.
- Marco: Termoplástico de alta resistencia al impacto.
- Cajones: Polipropileno (PP).
- Instalación: Opción de colgarlo en la pared para optimizar el espacio.";84.916,00;27
Black Panther;BP-DF250550N;Paletera 2.5 toneladas  - black panther bp-df250550n ;Construccion_Carga;;578.242,00;1
Black Panther;NO-38;PARTE CENTRAL ACOPLE  EURO  - Black Panther NO-38 ;Accesorios;;3.294,00;3
Black Panther;BP-TB13MO;Perforadora de banco 13mm -220v- 350 w  - black panther bp-tb13mo ;Herramientas electricas_Perforacion;;169.655,00;13
Black Panther;BP-PMP02;Pincel Mango Plastico 1 1/2'' ;Hogar_Pintura;#¿NOMBRE?;1.466,00;589
Black Panther;BP-PMP01;Pincel Mango Plastico 1'' (25.4mm) ;Hogar_Pintura;#¿NOMBRE?;1.180,00;593
Black Panther;BP-PMP04;Pincel Mango Plastico 2 1/2'' (63.5mm) ;Hogar_Pintura;#¿NOMBRE?;2.232,00;470
Black Panther;BP-PMP03;Pincel Mango Plastico 2'' (50.8mm) ;Hogar_Pintura;#¿NOMBRE?;1.815,00;474
Black Panther;BP-PMP05;Pincel Mango Plastico 3'' ;Hogar_Pintura;#¿NOMBRE?;2.940,00;234
Black Panther;BP-PMP06;Pincel Mango Plastico 4'' ;Hogar_Pintura;#¿NOMBRE?;3.695,00;232
Black Panther;BP-PPE300A;Pinza Porta Electrodo Amperaje 300A - BP-PPE300A ;Herramientas manuales_Pinzas y alicates;"- Zona de contactos construidos en aleacion de cobre para maxima conectividad electrica
- Diametro minimo/maximo de electrodos: 1.6mm - 5mm
- Mango de TPR para un agarre antideslizante";16.847,00;75
Black Panther;BP-PPE500A;Pinza Porta Electrodo Amperaje 500A - BP-PPE500A ;Herramientas manuales_Pinzas y alicates;"- Zona de contactos construidos en aleacion de cobre para maxima conectividad electrica
- Diametro minimo/maximo de electrodos: 1.6mm - 5mm
- Mango de TPR para un agarre antideslizante";18.451,00;77
Black Panther;BP-PM300A;Pinza Porta Masa Amperaje 300A - BP-PM300A ;Herramientas manuales_Pinzas y alicates;#¿NOMBRE?;8.238,00;95
Black Panther;BP-PM500A;Pinza Porta Masa Amperaje 500A - BP-PM500A ;Herramientas manuales_Pinzas y alicates;#¿NOMBRE?;11.787,00;96
Black Panther;BP-DG10BL;Pistola Aire Larga - Black Panther BP-DG10BL ;Herramientas manuales_Taller;;7.379,00;76
Black Panther;BP-PAS09;Pistola Aplicadora de Silicona 9'' ;Herramientas manuales;;8.122,00;63
Black Panther;BP-2PCS1;Pistola corta/mangera 7,5 m  - black panther bp2pcs1 ;Herramientas neumaticas_Taller;;16.184,00;188
Black Panther;BP4001S;Pistola de alta presion  - black panther bp4001s ;Herramientas neumaticas_Taller;;45.139,00;10
Black Panther;BP-S990P;Pistola de pintar hvlp tacho plástico - black panther BP-S990P ;Herramientas electricas_Pintura;"- Tipo de pistola: Gravedad
- Deposito: Plástico
- Capacidad: 600 cc
- Boquilla Estándar: 1,5 mm
- Consumo de Aire: 14 CFM
- Pres. Trabajo: 50 Psi
";19.762,00;334
Black Panther;BP-TG60;Pistola para Inflar con Manómetro 3 funciones  - Black Panther BP-TG60 ;Herramientas electricas_Compresores;;15.720,00;23
Black Panther;BP-S990S;Pistola para pintar hvlp economica  - black panther bps990s ;Herramientas electricas_Pintura;;29.611,00;17
Black Panther;BP-H827;Pistola para pintar hvlp incluye picos 1,4 y 1,7 - black panther bph827 ;Herramientas electricas_Pintura;"- Deposito: Plástico
- Capacidad: 600mL
- Boquilla Estándar: 1,4 - 1,8 mm
- Consumo de Aire: 130 L/min
- Pres. Trabajo: 30 - 50 Psi
- Control de Pulverizado
- Control de Caudal y Presión
- Tipo de pistola: Gravedad";42.763,00;213
Black Panther;BP-PV80H55;Placa Compactadora Vibratoria Honda GX160 5.5 Hp - 76 Kg  - Black Panther BP-PV80H55 ;Construccion;"Motor: Honda GX160
Potencia: 5,5 Hp
Tamaño de la placa: 64X42 cm
Fuerza centrífuga: 13,2 kN
Velocidad de compactación: 24 m/min
Frecuencia de vibración: 4200 min-1
Eficiencia: 362 m2/h
Prof. de compactación: 30 cm
Tanque de combustible: 3,1 L";1.164.171,00;1
Black Panther;BP-PV80L65;Placa Compactadora Vibratoria Loncin G200F 6,5 Hp  - Black Panther BP-PV80L65 ;Construccion;;972.707,00;1
Black Panther;NO-20;PORTA TUBO DE CONTACTO MB15  - Black Panther NO-20 ;Accesorios;;436;21
Black Panther;NO-24-2;PORTA TUBO DE CONTACTO MB36 - 28.5MM M8  - Black Panther NO-24-2 ;Accesorios;;333;50
Black Panther;NO-24-1;PORTA TUBO DE CONTACTO MB36 - 31.5MM M6  - Black Panther NO-24-1 ;Accesorios;;299;23
Black Panther;NO-21;PORTA TUBO DE CONTACTO TIP ADAPTADOR  MB25  - Black Panther NO-21 ;Accesorios;;385;100
Black Panther;BP-PR50076;Precinto Alta Calidad con Filtro UV 500 x 7.6mm Negro x 100 Unidades ;Consumibles;"- Diámetro de cierre: Min. 3mm - Máx. 150mm
- Resistencia 55 kG";16.393,00;48,61
Black Panther;BP-PR10026;Precinto Nylon Alta Calidad con Filtro UV 100 x 2.6mm Negro x 100 Unidades ;Consumibles;"- Diámetro de cierre Mín. 2mm - Máx. 22mm
- Resistencia 8 Kg";883;295
Black Panther;BP-PR15035;Precinto Nylon Alta Calidad con Filtro UV 150 x 3.5mm Negro x 100 Unidades ;Consumibles;"- Diámetro de cierre: Mín. 2mm - Máx. 35mm
- Resistencia 18 Kg";1.934,00;136
Black Panther;BP-PR20046;Precinto Nylon Alta Calidad con Filtro UV 200 x 4.6mm Negro x 100 Unidades ;Consumibles;"- Diámetro de cierre: Mín. 3mm - Máx. 50mm
- Resistencia: 22 Kg";3.510,00;64
Black Panther;BP-PR25046;Precinto Nylon Alta Calidad con Filtro UV 250 x 4.6mm Negro x 100 Unidades ;Consumibles;"- Diámetro de cierre: Mín. 3mm - Máx. 65mm
- Resistencia 22 Kg";4.235,00;66
Black Panther;BP-PR30046;Precinto Nylon Alta Calidad con Filtro UV 300 x 4.6mm Negro x 100 Unidades ;Consumibles;"- Diámetro de cierre: Mín. 3mm - Máx. 80mm
- Resistencia 22 Kg";5.317,00;43,73
Black Panther;BP-PR40048;Precinto Nylon Alta Calidad con Filtro UV 400 x 4.8mm Negro x 100 Unidades ;Consumibles;"- Diámetro de cierre: Mín. 3mm - Máx. 105mm
- Resistencia 22 Kg";7.042,00;45,94
Black Panther;BP-PR40076;Precinto Nylon Alta Calidad con Filtro UV 400 x 7.6mm Negro x 100 Unidades ;Consumibles;"- Diámetro de cierre: Mín. 3mm - Máx. 105mm
- Resistencia: 55 Kg";12.505,00;45,75
Black Panther;BP-PCCAR3;Prensa C - 3'' ;Herramientas manuales_Fijacion;;6.959,00;42
Black Panther;BP-PCCAR4;Prensa C - 4'' ;Herramientas manuales_Fijacion;;9.472,00;35
Black Panther;BP-PCCAR6;Prensa C - 6'' ;Herramientas manuales_Fijacion;;17.791,00;13
Black Panther;BP-C2025.REP1;Presostato/ Interruptor de presion par para compresor de 25 Lts ;Repuestos;;13.087,00;1
Black Panther;BP-PMT7032;Pulidora mini torno neumatica - estuche plastico  - black panther bp-pmt7032 ;Herramientas electricas_Lijado y pulido;;39.001,00;60
Black Panther;BP-PG6;Pulverizador con manguera  - black panther bppg6 ;Jardin y agro_Atomizacion;;16.580,00;14
Black Panther;BP-DO10B;Pulverizador con Tacho  - Black Panther BP-DO10B ;Jardin y agro_Atomizacion;- Ideal para limpieza con solventes, gasoil, nafta.;11.872,00;145
Black Panther;BP-PH30L;Pulverizador de hombro 3 Litros  - Black Panther BP-PH30L ;Jardin y agro_Atomizacion;;17.918,00;30
Black Panther;BP-PH50L;Pulverizador de hombro 5 litros  - Black Panther BP-PH50L ;Jardin y agro_Atomizacion;;18.861,00;2
Black Panther;BP-PH80L;Pulverizador de hombro 8 Litros - Black Panther BP-PH80L ;Jardin y agro_Atomizacion;;28.291,00;40
Black Panther;BP-PM10L;Pulverizador de mano 1 Litro  - Black Panther BP-PM10L ;Jardin y agro_Atomizacion;;3.080,00;30
Black Panther;BP-PM15L;Pulverizador de mano 1,5 Litros  - Black Panther BP-PM15L ;Jardin y agro_Atomizacion;;6.896,00;16
Black Panther;BP-PM160L;Pulverizador mochila 16 Litros  - Black Panther BP-PM160L ;Jardin y agro_Atomizacion;;54.102,00;13
Black Panther;BP-PH350MM;Puntas con Cabo con Goma  x 18mm 350 mm x 18  - Black Panther BP-PH350MM ;Accesorios;;6.180,00;34
Black Panther;BP-PH300MM;Puntas con Cabo con Goma x 18mm 300 mm x18  - Black Panther BP-PH300MM ;Accesorios;;5.760,00;30
Black Panther;BP-GE3600M_R0003;Regulador Automatico de Voltaje AVR p/ Generador Black Panther GE3600M ;Repuestos;#¿NOMBRE?;7.687,00;40
Black Panther;BP-RMH10;Remachadora Manual Hobby 10'' - Remaches 2,4/3,2/4,0/4,8 ;Herramientas manuales_Fijacion;;7.530,00;74
Black Panther;BP-RMR10;Remachadora Manual Reforzada 10'' - Remaches 2,4/3,2/4,0/4,8 ;Herramientas manuales_Fijacion;;11.155,00;33
Black Panther;BP-PHREP;Repuesto lanza pulverizador ;Repuestos;;1.557,00;4
Black Panther;BP-CUTT18REP;Repuesto para Cutter Blister x 10 Cuchillas 18M - 0,6 MM Espesor ;Consumibles;;1.041,00;2.394,00
Black Panther;BP-CUTT19REP;Repuesto para Cutter Blister x 5 Cuchillas Trapezoidales 19 MM ;Consumibles;;994;1.394,00
Black Panther;BP-MF2S01.REP;Repuesto protector delantero para mascara fotosensible Black Panther ;Repuestos;;30.940,00;90
Black Panther;BP-MF2S01.REP2;Repuesto protector interior para mascara fotosensible Black Panther ;Repuestos;;30.940,00;282
Black Panther;BP-RCM3M;Rollo de cadena 0.325 x 1.5mm por metro  - Black Panther BP-RCM3M ;Consumibles;;13.691,00;60,22
Black Panther;BP-HBRM28J;Rotomartillo Inalambrico 2.8 - 20V / 4.0A Incluye Maletin - NO INCLUYE CARGADOR NI BATERIA - Black Panther ;Herramientas electricas_Fuerza;"- Voltaje: 20V/4.0A  
- Embrague de seguridad
- Cincelador
- Velocidad Variable y Selector de Giro
- Velocidad en Vacio: 0-950/MIN
- Rango de Impacto: 0-5300/MIN
- Tipo de Mandril: SDS PLUS
- Diametro Max de Perforado: 26MM
- Concreto: 26MM
- Metal: 13MM
- Madera: 30MM";152.166,00;12
Black Panther;IRB200 WHEEL;Rueda Maciza / Carro 8''  -  Black Panther IRB200 Wheel ;Repuestos;#¿NOMBRE?;7.740,00;24
Black Panther;PR1800;Rueda Neumatica Llanta Acero 10''  - Black Panther PR1800 ;Repuestos;- Diametro x Ancho (mm): 350-4;16.962,00;41
Black Panther;PR2603;Rueda Neumatica Llanta Acero 14''  - Black Panther PR2603 ;Repuestos;;17.914,00;11
Black Panther;BP-PS50200;Sargento 50 x 200 MM ;Herramientas manuales_Fijacion;;6.682,00;46
Black Panther;BP-PS50300;Sargento 50 x 300 MM ;Herramientas manuales_Fijacion;;7.217,00;44
Black Panther;BP-EM2SET;Set de Escuadras Magneticas para Soldar 2'' 51MM 4 Piezas ;Accesorios;"- Fuerza de Traccion 4Kg
- 45° / 90° / 135°
";8.942,00;75
Black Panther;BP-PAI0011;Set de Puntas 1 Blister con 3 Unidades 1/4'' 3/8'' 1/2'' ;Herramientas manuales_Sets de puntas;;7.177,00;77
Black Panther;BP-PAI0015;Set de Puntas 1 Blister con 4 Unidades 1/4'' 5/16'' 3/8'' 7/16'' X 48mm ;Herramientas manuales_Sets de puntas;;4.040,00;42
Black Panther;BP-PAI0006;Set de Puntas 1 Blister con 5 Unidades  2'' (50mm) PR2 ;Herramientas manuales_Sets de puntas;;2.899,00;186
Black Panther;BP-PAI0001;Set de Puntas 1 Blister con 5 Unidades 1''(25MM) PH2 ;Herramientas manuales_Sets de puntas;;2.844,00;192
Black Panther;BP-PAI0002;Set de Puntas 1 Blister con 5 Unidades 2'' (50mm) PH2 ;Herramientas manuales_Sets de puntas;;4.439,00;184
Black Panther;BP-PAI0005;Set de Puntas 1 Blister con 5 Unidades 3.5'' (90mm) PH2 ;Herramientas manuales_Sets de puntas;;8.066,00;176
Black Panther;BP-PAI0017;Set de Puntas 40 Piezas ;Herramientas manuales_Sets de puntas;(1)PH1 1IN.,(4)PH2 1IN., (1)PH3 1IN.,(1)SQ1 1IN.,(3)SQ2 1IN.,(1)SQ3 1IN.,(1)T15 1IN.,(1)T20 1IN.,(3)T25 1IN.,(1)SL#5 1IN.,(1)SL#6 1IN.,(1)HEX 1/8 1IN.,(1)HEX 5/32 1IN.,(1)HEX 3/16 1IN.,(1)HEX 1/4 1IN.,(3)PH2 2IN.,(1)PH3 2IN.,(1)SQ2 2IN.,(1)SQ3 2IN.,(1)PR2 2IN.(1)T20 2IN.,(2)T25 2IN.,(1)SL#6 2IN.,(1)1/8 HEX DRILL BIT(4341),(1)3/16 HEX DRILL BIT(4341),(1)1/4 HEX DRILL BIT(4341),(1) 1/4IN. X 1 7/8IN. NUT DRIVER,(1) 5/16IN. X 1 7/8IN. NUT DRIVER, (1) 3/8IN. X 1 7/8IN. NUT DRIVER, (1) 1/4IN. TO 3/8IN. SQUARE ADAPTER, (1) 1/4IN. TO 1/2IN. SQUARE ADAPTER, (1) COMPACT BIT HOLDER(STAINLESS STEEL), A STORAGE PLASTIC CASE.;44.051,00;23
Black Panther;BP-SCB019;Sierra Copa Bimetálica - 1 Unidad x 19mm ;Accesorios;;4.102,00;14
Black Panther;BP-SCB020;Sierra Copa Bimetálica - 1 Unidad x 20mm ;Accesorios;;4.296,00;6
Black Panther;BP-SCB021;Sierra Copa Bimetálica - 1 Unidad x 21mm ;Accesorios;;4.491,00;15
Black Panther;BP-SCB022;Sierra Copa Bimetálica - 1 Unidad x 22mm ;Accesorios;;4.686,00;12
Black Panther;BP-SCB024;Sierra Copa Bimetálica - 1 Unidad x 24mm ;Accesorios;;5.075,00;14
Black Panther;BP-SCB025;Sierra Copa Bimetálica - 1 Unidad x 25mm ;Accesorios;;5.269,00;9
Black Panther;BP-SCB027;Sierra Copa Bimetálica - 1 Unidad x 27mm ;Accesorios;;5.658,00;10
Black Panther;BP-SCB029;Sierra Copa Bimetálica - 1 Unidad x 29mm ;Accesorios;;6.048,00;2
Black Panther;BP-SCB030;Sierra Copa Bimetálica - 1 Unidad x 30mm ;Accesorios;;6.242,00;13
Black Panther;BP-SCB032;Sierra Copa Bimetálica - 1 Unidad x 32mm ;Accesorios;;6.631,00;14
Black Panther;BP-SCB033;Sierra Copa Bimetálica - 1 Unidad x 33mm ;Accesorios;;6.558,00;11
Black Panther;BP-SCB035;Sierra Copa Bimetálica - 1 Unidad x 35mm ;Accesorios;;6.931,00;13
Black Panther;BP-SCB037;Sierra Copa Bimetálica - 1 Unidad x 37mm ;Accesorios;;7.304,00;13
Black Panther;BP-SCB038;Sierra Copa Bimetálica - 1 Unidad x 38mm ;Accesorios;;7.491,00;14
Black Panther;BP-SCB040;Sierra Copa Bimetálica - 1 Unidad x 40mm ;Accesorios;;7.863,00;9
Black Panther;BP-SCB041;Sierra Copa Bimetálica - 1 Unidad x 41mm ;Accesorios;;8.050,00;14
Black Panther;BP-SCB043;Sierra Copa Bimetálica - 1 Unidad x 43mm ;Accesorios;;8.423,00;12
Black Panther;BP-SCB044;Sierra Copa Bimetálica - 1 Unidad x 44mm ;Accesorios;;8.609,00;14
Black Panther;BP-SCB046;Sierra Copa Bimetálica - 1 Unidad x 46mm ;Accesorios;;8.982,00;13
Black Panther;BP-SCB048;Sierra Copa Bimetálica - 1 Unidad x 48mm ;Accesorios;;9.355,00;15
Black Panther;BP-SCB051;Sierra Copa Bimetálica - 1 Unidad x 51mm ;Accesorios;;9.914,00;4
Black Panther;BP-SCB060;Sierra Copa Bimetálica - 1 Unidad x 60mm ;Accesorios;;11.593,00;10
Black Panther;BP-SCB076;Sierra Copa Bimetálica - 1 Unidad x 76mm ;Accesorios;;14.576,00;6
Black Panther;BP-SCB079;Sierra Copa Bimetálica - 1 Unidad x 79mm ;Accesorios;;15.135,00;10
Black Panther;BP-SCB083;Sierra Copa Bimetálica - 1 Unidad x 83mm ;Accesorios;;15.881,00;10
Black Panther;BP-SCB086;Sierra Copa Bimetálica - 1 Unidad x 86mm ;Accesorios;;16.440,00;11
Black Panther;BP-MIG150FLUX;Soldadora Dual MMA/MIG Inverter ;Herramientas electricas_Soldadoras;;158.705,00;1
Black Panther;BP-120I;Soldadora Inverter 120a para electrodos de 2.5mm  - Black Panther BP-120i ;Herramientas electricas_Soldadoras;"Black Panther lanza este revolucionario modelo que se adapta a las necesidades del consumidor, en donde el mismo puede encontrar una máquina liviana, de calidad y con la potencia suficiente para soldar con electrodo de 2.5mm.

Está diseñada para electrodos de 2.5mm

La soldadora esta equipada con un equipo de compensación de potencia de voltaje.
Cuando la potencia de voltaje oscile entre + 15% del voltaje nominal, el aparato aun funcionara correctamente.

Ultra portátil
Bajo consumo de energía
Turbo ventilada
Protección térmica de sobrecarga
Antistick
Arc Force
HotStart";73.931,00;20
Black Panther;BP-MIG250I;Soldadora inverter Mig 200 Amp al 60% - Rollo 18 Kg  - Black Panther BP-MIG250i ;Herramientas electricas_Soldadoras;"Estas soldadoras son fuertes y compactas; diseñadas para las soldaduras por arco eléctrico MAG de aceros primarios o debidamente aleados con gas de protección CO2 o con mezcla Argón/CO2; Utilizando electrodos llenos o de alma (tubulares)

Son aptas también para la soldadura MIG de los aceros inoxidables con gas argón + 1-2% de oxígeno y de aluminio con gas argón utlizando el alambre correspondiente al tipo de material de la pieza a soldar.";665.380,00;1
Black Panther;BP-MIG200I;Soldadora inverter Mig-MMA conector Euro 200 A - Black Panther BP-MIG200i ;Herramientas electricas_Soldadoras;"- Modelo: BP-MIG200
- Voltaje: 220 V
- Frecuencia: 50/60 HZ
- Tensión en vació: 55V
- Pot de entrada Mig: 6.8 KVA
- Pot de entrada MMA: 7.2 KVA
- Ciclo de trabajo: 60%
- Rango de corriente Mig: 40-175 A
- Rango de corriente MMA: 40- 160A
- Factor de potencia: 0.73
- Eficiencia: 0.80
- Grado de protección: IP21S
- Aislamiento: F
- Diam. de electrodo: 1.6- 4.0 MM
- Diam. de alambre: 0.6- 0.8- 1.0 MM
- Peso neto: 9 KG";438.264,00;24
Black Panther;BP-180I;Soldadora inverter profesional 180a  - Black Panther BP-180i ;Herramientas electricas_Soldadoras;Soldadora para electrodos de tecnología MMA inverter Black Panther de uso profesional. Con 120 Amp. al 60% permite soldar con electrodos de 3 mm. Posee protección térmica, ANTI Stick y turbo ventilador para evitar sobrecalentamiento del equipo. Pensada para talleres de baja producción o para obra ya que posee un peso súper reducido y banda para usar tipo mochila.;114.840,00;54
Black Panther;BP-250I;Soldadora inverter profesional 250a  - Black Panther BP-250i ;Herramientas electricas_Soldadoras;"Ultra liviana
Bajo consumo de energía
Amperimetro digital
Uso profesional
Portátil, ideal para herreros, trabajos en altura.
Suelda electrodos de 1,5 a 4mm. Suelda electrodo de 3,25mm en forma continua

Caracteristicas
Rango de ajuste/amperaje: 30-250A
Grado de protección IP 21S
Inverter IGBT MMA
Ventilador TURBO
HOT start y ANTI stick
Soldadora tipo: Fases 1
Alimentación: 220v ±15% V - Frecuencia: 50 Hz
Peso: 5 kg
INCLUYE: Soldadora, pinza porta maza con cable, pinza porta electrodo con cable, manual de uso, piqueta con cepillo.";170.535,00;22
Black Panther;BP-MIG320I;SOLDADORA MIG BLACK PANTHER DUAL MMA-MIG 320 AMP. TRIF. ;Herramientas electricas_Soldadoras;;1.303.390,00;1
Black Panther;BP-D52CC_R0017;Soporte Manillar Black Panther ;Repuestos;Codigo anterior: BP-D52CC_REP.5;6.425,00;32
Black Panther;BP-SSU01430;Soporte Universal Sierra Bimetálica// Blister 1 Un x 14-30mm ;Accesorios;;4.375,00;22
Black Panther;BP-EXH04;Tablero Negro con 20 Ganchos - Alto 900mm / Ancho 900mm ;Almacenamiento_Exhibidores;;96.213,00;12
Black Panther;BP-HBAT13;Taladro Atornillador - Percutor Inalámbrico Brushless 13mm Incluye Maletin - Black Panther BP-HBAT13 ;Herramientas electricas_Perforacion;"- No Incluye batería ni cargador
- Tensión: 20Vcc
- Velocidad en Vacío: 0-450/MIN / 0-1950/MIN (2 VELOCIDADES)
- Diámetro del Mandril: 13MM
- 6 meses de garantía";119.530,00;142
Black Panther;BP-HBCOMBO3;Taladro Atornillador Percutor 13mm + Amoladora 115mm + Batería 4AH y Cargador + Black Panther HBCOMBO3 ;Ofertas y Promociones;"- Características taladro:

- Velocidad 1: 0-450/min
- Velocidad 2: 0-1950/min
- Diámetro del Mandril: 13mm
- Mandril metálico
- 20 niveles de torque
- Mango ergonómico antideslizante
- Clip de agarre

- Características amoladora:

- Medida de disco: 115mm (1 1/4'')
- Tensión: 20Vcc
- Velocidad: 0-8000/min
- Rotación de derecha a izquierda
- Arranque progresivo
- Rosca M14
- Mango ergonómico antideslizante
- 6 meses de garantía

- Incluye batería 4ah
- Incluye cargador de 20v";319.117,00;14
Black Panther;BP-HBAT13COMBO2;Taladro atornillador percutor Brushless 13mm + Bateria 2AH + Cargador - Black Panther HBAT13COMBO2 ;Ofertas y Promociones;"- Tensión: 20Vcc
- Velocidad 1: 0-450/min
- Velocidad 2: 0-1950/min
- Diámetro del Mandril: 13mm
- Mandril metálico
- 20 niveles de torque
- Incluye 1 batería 2ah
- Incluye: 1 argador de 20v
- Incluye: 1 maletín plástico
- Mango ergonómico antideslizante
- Clip de agarre
- 6 meses de garantía";176.339,00;10
Black Panther;BP-TB13;Taladro de banco 13 mm - 350 w - 5 Velocidades  - Black Panther BP-TB13 ;Herramientas electricas_Perforacion;Perforadora profesional BLACK PANTHER de 13 mm. con motor monofásico de 220 V/50 Hz y de 350 W de potencia. Especialmente diseñada para el uso profesional y hogar por sus dimensiones compactas y peso reducido.;134.132,00;13
Black Panther;BP-TB16;Taladro de banco 16 mm - 375 w - 12 Velocidades  - Black Panther BP-TB16 ;Herramientas electricas_Perforacion;Perforadora profesional BLACK PANTHER de 16 mm. con motor monofásico de 220 V / 50 Hz y 375 W de potencia. Especialmente diseñada para el uso profesional y hogar por sus dimensiones compactas y peso reducido. Posee un mandril para mechas de entre 3 y 16 mm con un recorrido de 60 mm, una altura de 900 mm y un peso total de 42 Kg.;309.249,00;3
Black Panther;BP-TB16H;Taladro de banco 16 mm - 500 w - 9 Velocidades  - Black Panther BP-TB16H ;Herramientas electricas_Perforacion;;204.303,00;7
Black Panther;BP-TB16HMO;Taladro de banco de 16mm 500 W- 9 Velocidades - Incluye Morsa - Black Panther BP-TB16HMO ;Herramientas electricas_Perforacion;;268.271,00;17
Black Panther;BP-HBAT10;Taladro de Impacto y Percutor Inalambrico 2 Velocidades Incluye Maletin + 1 Bateria 2.0Ah + Cargador - Black Panther ;Herramientas electricas_Perforacion;"- Voltaje: DC-20V
- Tipo de motor: Carbones
- Velocidad en vacio: 0-40/0-1500RPM
- Impacto: 0-6000/0-22500 IPM
- Torque max: 30NM
- Mandril plastico: 10mm
- Ajustes de torque: 18+1+1
- Capacidad: Metal 10mm / Madera 20mm";112.499,00;108
Black Panther;BP-TC25;Taladro de pie 1100w - 25mm - 380V  - Black Panther BP-TC25 ;Herramientas electricas_Perforacion;"Perforadora de pie profesional de 25 mm. 
Ideal para talleres e industrias por su robustez. 
Cuenta con motor trifásico de 1100 W.";1.425.477,00;1
Black Panther;BP-TC32;Taladro de pie 1100w - 32mm - 380V  - Black Panther BP-TC32 ;Herramientas electricas_Perforacion;Perforadora de pie profesional Black Panther de 32 mm. Ideal para talleres e industrias por su robustez. Cuenta con motor trifásico de 1500 W. y 12 velocidades, lo que permite que se adapte a la necesidad del usuario. Las dimensiones de la mesa es de 420 x 480 mm y de altura tiene 1.71 m conformando una herramienta cómoda para el trabajo.;1.296.611,00;1
Black Panther;BP-TC16;Taladro de pie 550w - 16mm - 220V  - Black Panther BP-TC16 ;Herramientas electricas_Perforacion;"Perforadora profesional de 16 mm. con motor monofásico de 550 W para uso profesional. 
Posee un mandril con capacidad para utilizar mechas de 3 a 16 mm, un recorrido máximo de husillo de 80 mm y 16 velocidades de trabajo. 
Con una altura de 1600 mm y un diámetro de columna de 72 mm, es una herramienta ideal para un taller mediano e incluso industrial gracias a su gran robustez.";500.760,00;2
Black Panther;BP-D52CC_R0006;Tanque de Nafta para Desmalezadora ;Repuestos;Codigo anterior: BP-D52CC_REP.6;15.875,00;35
Black Panther;BP-TDR25;Tanza  p/ Desmalezadora 2.5 mm Redonda Bobina 1 kg  - Black Panther BP-TDR25 ;Consumibles;- Contiene 167 Mts la bobina;18.898,00;98
Black Panther;BP-TDC30;Tanza  p/ Desmalezadora 3.0 mm Cuadrada Bobina 1 Kg  - Black Panther BP-TDC30 ;Consumibles;- Contiene 106 Mts la bobina;18.898,00;19
Black Panther;BP-TDC30M;Tanza Cuadrada de 3mm para Desmalezadora x Metro  - Black Panther BP-TDC30M ;Consumibles;;63;33
Black Panther;BP-TDR30;Tanza p/ Desmalezadora 3.0 MM Redonda Bobina x 1 Kg  - Black Panther BP-TDR30 ;Consumibles;- Contiene 120 mts la bobina;18.898,00;86
Black Panther;BP-TDC25;Tanza p/Desmalezadora 2.5 MM Cuadrada Bobina 1 Kg - Black Panther BP-TDC25 ;Consumibles;- Contiene 152 Mts la bobina;18.898,00;55
Black Panther;BP-TDR25M;Tanza redonda de 2.5mm para desmalezadora x Metro  - Black Panther BP-TDR25M ;Consumibles;;54;475
Black Panther;BP-TDR30M;Tanza redonda de 3mm para desmalezadora x Metro  - Black Panther BP-TDR30M ;Consumibles;;63;58
Black Panther;BP-D52CC_R0005;Tapa tanque de nafta de desmalezadora Black Panther ;Repuestos;Codigo anterior: BP-D52CC_REP.10;6.685,00;42
Black Panther;NO-18-1;TOBERA 15AK- CONICA  - Black Panther NO-18-1 ;Accesorios;;2.044,00;13
Black Panther;NO-15-1;TOBERA 25AK- CONICA  - Black Panther NO-15-1 ;Accesorios;;726;44
Black Panther;NO-16-1;TOBERA 36KD- CONICA  - Black Panther NO-16-1 ;Accesorios;;1.271,00;147
Black Panther;BP-15AK;Torcha mb15ak completa- largo 3 m  - black panther bp-15ak ;Accesorios;;90.868,00;22
Black Panther;BP-36KD;Torcha mb36kd completa- largo 4 m  - black panther bp-36kd ;Accesorios;;177.988,00;8
Black Panther;BP-25AK;Torcha para soldadora mig - 4 Metros  - Black Panther BP-25AK ;Accesorios;;145.201,00;2
Black Panther;BP-WP17;Torcha wp17 completa- largo 4 m  - black panther bp-wp17 ;Accesorios;;79.437,00;5
Black Panther;BP-WP17R;Torcha wp17 completa- largo 4 m  robinete  - black panther bp-wp17r ;Accesorios;;128.526,00;10
Black Panther;BP-WP9;Torcha wp9 completa (alta frecuencia refrigerada por aire con pulsador)- largo 4 m  - black panther bp-wp9 ;Accesorios;;67.524,00;5
Black Panther;BP-TRQ20220NM1/2;Torquimetro 1/2'' 72 Dientes / 20-210 N.M ;Herramientas manuales_Fijacion;;100.917,00;7
Black Panther;BP-TC42635H;Tractor Cortacesped 42'' 635cc Transmision Hidrostatica 18HP ;Jardin y agro_Tractores;"- Motor OHV 4 Tiempos Bicilindrico 635cc
- Transmision hidrostatica
- Corte 42'' (1080mm)
- Motor Loncin LC2P76F - Bicilindrico
- Tipo OHV 4 tiempos - 635cc
- Arranque electrico
- Transmision Hidrostatica
- Ac. de cuchillas: electromagnetico
- Altura de corte: 30-90 mm / 6 Posiciones de corte
- Sistema de corte: Triturador y descarga lateral
- Tanque combustible: 8.5 litros
- Cantidad de cuchillas: 2
- Ruedas: 15'' delantera 18'' trasera";5.514.030,00;3
Black Panther;BP-TC4215H;Tractor Cortacésped 42'' Hidrostatico 546cc - Black Panther TCH4215H ;Jardin y agro_Tractores;;5.017.635,00;2
Black Panther;BP-M52CC_REP.3;Trinquete de arranque  - Black Panther BP-M52CC_REP.3 ;Repuestos;;6.750,00;102
Black Panther;NO-32-1;TUBOS DE CONTACTO  0.6MM/.023''  - Black Panther NO-32-1 ;Accesorios;;668;198
Black Panther;NO-32-2;TUBOS DE CONTACTO 0.8MM/.030''  - Black Panther NO-32-2 ;Accesorios;;667;175
Black Panther;NO-32-3;TUBOS DE CONTACTO 0.9MM/.035''  - Black Panther NO-32-3 ;Accesorios;;668;24
Black Panther;NO-34-2;TUBOS DE CONTACTO M6X25MM CUCRZR 0.9MM/035''  - Black Panther NO-34-2 ;Accesorios;;324;376
Black Panther;NO-33-2;TUBOS DE CONTACTO M6X25MM ECU  0.8MM/030''  - Black Panther NO-33-2 ;Accesorios;;203;19
Black Panther;NO-34-3;TUBOS DE CONTACTO M6X28MM CUCRZR 1.2MM/045''  - Black Panther NO-34-3 ;Accesorios;;324;145
Black Panther;NO-33-1;TUBOS DE CONTACTO M6X28MM ECU 0.6MM/023''  - Black Panther NO-33-1 ;Accesorios;;203;100
Black Panther;BP-VCL65;Vibrador de Hormigon Motor Loncin G200F 6.5 Hp  - Black Panther BP-VCL65 ;Construccion_Motoimplementos;"- Tipo de motor: Naftero
- Fuerza centrifuga: 13 KN
- Profundidad de compactación: 30 cm
- Rendimiento: 346 m2/h
- Potencia: 6.5 HP
- Motor: Loncin G200F
- Peso: 22kg
- No incluye manguera
- Uso compatibles con puntas vibratorias de (mm): 28, 32, 38, 45, 50, 60 y 70";447.107,00;8
Black Panther;BP-VP80R40;Vibroapisonador - Robin Engine EH-12 4 Hp - 76kg - Doble Filtro de Aire y Tapa Plastica - Black Panther BP-VP80R40 ;Construccion_Motoimplementos;"Vibroapisonador profesional. Ideal para compactación de suelo en áreas confinadas, tales como obras de saneamiento, instalaciones hidráulicas, eléctricas, compactación de suelo en zanjas, alrededor de postes y en espacios delimitados. Permite una buena compactación en la mayoría de los suelos: arena, grava, arcilla o materiales cohesivos.

Especificaciones de producto
Motor: Robin EH 12-2D
Potencia: 4,0 Hp
Fuerza de impacto: 13,7 kN
Salto/golpe máximo: 85 mm/ 680 min
Dimensión de la zapata: 345X258 mm
Tanque de combustible: 2,8 L";2.794.421,00;1
Black Panther;BP-DB2000680N;Zorra 2,0tn / 680 / Rueda Doble Nylon  - black panther bp-db2000680n ;Construccion_Carga;"- Altura min: 75mm
- Altura Max: 190mm
- Ancho de Uña: 680mm
- Largo de Uña: 1220mm";384.160,00;1
Black Panther;BP-DF2500680N;Zorra 2,5tn // 680 // rueda nylon  - black panther bp-df2500680n ;Construccion_Carga;;416.174,00;2
Black Panther;BP-CBD20W;Zorra a bateria 2,0tn // 685 mm // pu  - black panther bp-cbd20w ;Construccion_Carga;"Especificaciones de producto
Capacidad de carga Q (kg): 2000
Distancia del centro de carga C (mm): 600
Altura de la horquilla, bajada h13 (mm): 75
Tamaño de neumático, delantero (mm): ? 195×70
Tamaño de neumático, trasero simple (mm): ?74×93
Tamaño de neumático, trasero doble (mm): ?74×70
Numero de ruedas delanteras traseras (X=ruedas motrices): 1×2 (4)
Altura máxima de elevación h2 (mm): 180
Altura del timón en posición de conducción min/máx. h14 (mm): 1310
Longitud total l1 (mm): 1595
Longitud hasta la cara de las horquillas l2 (mm): 375
Ancho total b1 (mm): 685
Dimensiones de la horquilla s/e/l (mm): 1220
Ancho total de horquillas b5 (mm): 685
Ancho de pasillo para pallets 1000×1200 (1200 transversales) ast (mm): 2184
Ancho de pasillo para pallets 800×1200 (1200 longitudinalmente) ast (mm): 2035
Radio de giro wa (mm): 1415
Velocidad de desplazamiento, con/sin carga (km/h): 4.5/5
Voltaje de la batería/capacidad nominal K20 (V/ah): 24/105
Dimensiones de la batería l/w/h (mm): 260/169/215
Peso de la batería (kg): 49
Peso de servicio con batería (kg): 250";1.929.814,00;1
Brogas;BROAIS-02;Aislante Térmico Broksol 1 Persona 10mm Goma Eva - Brogas AIS-02 ;Accesorios;;17.101,00;14
Brogas;BROAIS-01;Aislante Térmico Broksol 1 Persona 10mm Goma Eva + Aluminio - Brogas AIS-01 ;Accesorios;;18.300,00;7
Brogas;BRO465-NE;Anafe 1Hornalla Encendido Electrónico p/Cartucho de Gas Butano con Valija - Brogas 465-M ;Hogar_Coccion;;44.439,00;5
Brogas;BROAN-02-PNE;Anafe eléctrico 2000w con fusible térmico y 2 Hornallas - Brolux AN-02-PNE ;Hogar_Coccion;"- Anafe eléctrico de 2 hornallas
- Fusible térmico
- Consumo: 2.000 Watts";64.939,00;1
Brogas;BROGL-06;Calentador para cartucho sistema clip - Brogas GL-06 ;Hogar_Climatizacion;"- Calentador para cartucho de 227 gr
- Sistema CLIP
- Ideal para camping";37.799,00;4
Brogas;BROCAL-A01;Caloventor de aire vertical 2000w - Brolux CAL-A01 ;Hogar_Climatizacion;"- 6 Cuotas sin Interés del precio de CONTADO
- Caloventor eléctrico instantáneo de aire vertical.
- El caloventor Brolux te permite calefaccionar ambientes pequeños con mayor rapidez ya que cuenta con 1.000 ? 2.000 Watts de potencia.
- Ideal para la climatización de ambientes de 20 m².
- Portátil: posee manija para poder transportar fácilmente.
- Posee protección contra el sobrecalentamiento.
- Control automático de temperatura por termostato regulable.
- Selector de función: 2 niveles de calefacción.
- Opción ventilador.
- Luz de encendido.
- Cumple todas las normas de seguridad.";15.868,00;1
Brogas;BRO477;Cartucho Descartable a Rosca de 230Grs Gas Butano - Brogas 477 ;Accesorios;;7.691,00;20
Brogas;BRO466-I;Cartucho Descartable de 227gr de Gas Butano - Brogas 466-I ;Accesorios;;2.607,00;1.126,00
Brogas;BROMES-2;Mesa Plegable con base de madera y bolso de transporte - Brogas MES-2 ;Hogar_Jardin;"- La estructura de aluminio es plegable, y la tapa de madera se enrolla, para poder guardarla en su funda de transporte.
- Es liviana y ocupa poco espacio, la podés llevar siempre en el auto, y utilizarla en tus viajes de camping, pesca, día de campo, o en el jardín de tu casa.
- Una vez armada la podés mover de lugar sin problema sin que se desarme.";207.197,00;3
Brogas;BROMES-3;Mesa Plegable patas y base de aluminio con bolso de transporte - Brogas MES-3 ;Hogar_Jardin;"- El tablero superior consiste en listones de aluminio enrrollables, que al desplegarlos forman la tabla. Por debajo se ponen dos varillas para que la mesa quede rígida.
- Nos resta acoplarle las patas por debajo y ya está lista para usar.
- Incluye un bolso de transporte.
- Capacidad de resistencia aproximada: 30 kg.
- Estructura de aluminio, lo que la hace muy liviana.
- Medidas en bolso de transporte: 70 cm largo x 13 cm x 13 cm.
- Espesor de tablas de aluminio: 1 cm.
- Ideal para llevar en nuestras vacaciones de camping, pesca, a la playa o simplemente pasar un día al aire libre. En casa la podemos utilizar como mesa auxiliar para el jardín o cuando recibimos muchos comensales.
- Peso 2,775 kg";196.942,00;4
Brogas;BRO5401;Pantalla con piloto analizador de ambiente 1300 Kcal - Brogas 5401 ;Hogar_Climatizacion;"- Pantalla con piloto analizador de ambiente, para gas Natural o Envasado
- 1.300 Kcal
- Marco enlozado
- Cámara de combustión galvanizada
- Encendido: Manual
- Sistema de seguridad por medio de termocupla y piloto analizador de ambiente
- Incluye soporte para amurar";102.768,00;3
Brogas;BRO6004;Parrilla Plegable de Enrrollar con Funda (6004) ;Hogar_Jardin;;69.579,00;1
Brogas;BRO2703;Soldador Brogas Sistema Clip p/Cartucho 227g - Brogas 2703 ;Accesorios;;9.545,00;6
Brogas;BRO2750-13-G;Soplete Techista 50 Mm Con Gatillo Manguera P/Garra 1-2-3 Kg - Brogas 2750-13-G ;Herramientas manuales;;24.850,00;1
Brogas;BRO2750-13;Soplete Techista 50 Mm ConManguera P/Garra 1-2-3 Kg - Brogas 2750-13 ;Herramientas manuales;;17.988,00;1
Caterpillar;CATDX331;Amoladora Angular 115/ 125 mm - 900 W - CAT DX331 ;Herramientas electricas_Corte;"- Potencia: 900W
- Ø Disco: 125mm
- Vel: 12000 Rpm
- Rosca De Husillo: M14
- Ø Interno Disco: 22.2 MM
- Peso: 1.80kg

- Diseño de cuerpo delgado
- Interruptor deslizante de encendido/apagado
- Bloqueo del eje
- La rejilla desmontable evita daños por escombros
- Sistema de ventilación mejorado para enfriar rápidamente la temperatura de trabajo del motor
- Mango auxiliar de 2 posiciones
- Protector ajustable sin herramientas
- Almacenamiento de llaves en mango auxiliar
- Con protección de arranque accidental

- Incluye:
- Protector de disco
- Mango Auxiliar
- Llave inglesa

- 1 año de garantia";108.004,00;3
Caterpillar;CATDX31B;Amoladora angular 115mm inalámbrica - 18v - CATDX31B ;Herramientas electricas_Corte;"- Voltaje: 18 V
- Velocidad: 8500 Rpm 
- Ø Disco: 115 MM
- Rosca De Husillo: M14
- Ø Interno Disco: 22.2 MM";486.210,00;6
Caterpillar;CATDX36;Amoladora angular 1200w - 125mm - Caterpillar CATDX36 ;Herramientas electricas_Corte;"Entrada de potencia nominal: 1200W
Diametro Disco: 125 MM
Vel: 10000/min
Rosca De Husillo: M14
Diametro Interno Disco: 22.2 mm";215.987,00;1
Caterpillar;CATDX352;Amoladora angular 7'' 180mm 2250w - CATDX352 ;Herramientas electricas_Corte;"Incluye:

Protector de disco de corte
Llave inglesa
Mango Auxiliar
Manual de uso";222.829,00;5
Caterpillar;CATDX371;Amoladora Angular 750w - 4 1/2'' - CATDX371 ;Herramientas electricas_Corte;"- Potencia nominal: 750 W.
- Tamaño del disco: 115mm/125 mm.
- Velocidad nominal: 12000 rpm.
- Tipo de embalaje: Caja
- Rosca del husillo: M14
- Interruptor deslizante de encendido/apagado
- Bloqueo del eje
- La rejilla desmontable evita daños por escombros
- Sistema de ventilación mejorado para enfriar rápidamente la temperatura de trabajo del motor
- Peso: 1.5 Kg.

Incluye:

- Protector de la rueda para rectificar
- Mango Auxiliar
- Llave de ajuste
- Manual de Usuario";64.317,00;1
Caterpillar;CATDX351;Amoladora angular 9'' - 230mm 2250w - CATDX351 ;Herramientas electricas_Corte;"Incluye:
- Amoladora angular 9''
- Protector de disco de corte
- Llave inglesa
- Mango Auxiliar
- Manual de uso
";222.829,00;1
Caterpillar;CATCJ750;Arrancador de Bateria 12V - 750 Amper ;Herramientas electricas_Arrancadores y cargadores;;231.080,00;1
Caterpillar;CATDXB2;Bateria Li-Ion 18v 2ah - CATDXB2 ;Accesorios;;99.194,00;14
Caterpillar;CATDXB26;Batería12v 2,0 Ah para atornillador inalámbrico Dx15 - Cat Dxb26 ;Accesorios;"- Potencia: 12 V
- Amperaje: 2,0 Ah
- Tecnología: Lithium- ion";63.219,00;7
Caterpillar;CAT125214T8;Borcegos Founder Cuero Amarillo Talle 40 - RAO 125214 T 8.0 ;Seguridad industrial_Calzado;"- Capellada de cuero.
- Forro interno de nylon en malla suave y respirable.
- Forro interno suave en el área del calcetín y que posee la tecnología probiótica CLEANSPORT NXT? que controla el mal olor.
- Mediasuela que aporta acolchado de forma liviana.
- Suela de goma duradera y con gran tracción.
- Construcción Cement.
- Tecnologías: CLEANSPORT NXT?, Ease Footbed, Ease Technology.";179.864,00;1
Caterpillar;CAT125214T9;Borcegos Founder Cuero Amarillo Talle 42 - RAO 125214 T 9.0 ;Seguridad industrial_Calzado;"- Capellada de cuero.
- Forro interno de nylon en malla suave y respirable.
- Forro interno suave en el área del calcetín y que posee la tecnología probiótica CLEANSPORT NXT? que controla el mal olor.
- Mediasuela que aporta acolchado de forma liviana.
- Suela de goma duradera y con gran tracción.
- Construcción Cement.
- Tecnologías: CLEANSPORT NXT?, Ease Footbed, Ease Technology.";179.864,00;2
Caterpillar;CAT125214T10;Borcegos Founder Cuero Amarillo Talle 43 - RAO 125214 T 10.0 ;Seguridad industrial_Calzado;"- Capellada de cuero.
- Forro interno de nylon en malla suave y respirable.
- Forro interno suave en el área del calcetín y que posee la tecnología probiótica CLEANSPORT NXT? que controla el mal olor.
- Mediasuela que aporta acolchado de forma liviana.
- Suela de goma duradera y con gran tracción.
- Construcción Cement.
- Tecnologías: CLEANSPORT NXT?, Ease Footbed, Ease Technology.";179.864,00;2
Caterpillar;CAT125214T11;Borcegos Founder Cuero Amarillo Talle 44 - RAO 125214 T 11.0 ;Seguridad industrial_Calzado;"- Capellada de cuero.
- Forro interno de nylon en malla suave y respirable.
- Forro interno suave en el área del calcetín y que posee la tecnología probiótica CLEANSPORT NXT? que controla el mal olor.
- Mediasuela que aporta acolchado de forma liviana.
- Suela de goma duradera y con gran tracción.
- Construcción Cement.
- Tecnologías: CLEANSPORT NXT?, Ease Footbed, Ease Technology.";179.864,00;2
Caterpillar;CAT125214T12;Borcegos Founder Cuero Amarillo Talle 45 - RAO 125214 T 12.0 ;Seguridad industrial_Calzado;"- Capellada de cuero.
- Forro interno de nylon en malla suave y respirable.
- Forro interno suave en el área del calcetín y que posee la tecnología probiótica CLEANSPORT NXT? que controla el mal olor.
- Mediasuela que aporta acolchado de forma liviana.
- Suela de goma duradera y con gran tracción.
- Construcción Cement.
- Tecnologías: CLEANSPORT NXT?, Ease Footbed, Ease Technology.";179.864,00;1
Caterpillar;CAT135132T7;Botas Casual Prim Acordonada Gris Talle 39 - RAG 135132  T 7.0 ;Seguridad industrial_Calzado;"- Zapatillas Caterpillar mid acordonada de cuero y cuello en tricot
- Ojales hexagonales y gancho para un mejor ajuste
- Plantilla ortholite y suela de eva muy liviana y confortable de 4 cm de altura, con suelin de
goma con tecnología slip resistant para mayor adherencia y resistencia a la abrasión.";123.192,00;1
Caterpillar;CAT135132T9;Botas Casual Prim Acordonada Gris Talle 42 - RAG 135132 T 9.0 ;Seguridad industrial_Calzado;"- Zapatillas Caterpillar mid acordonada de cuero y cuello en tricot
- Ojales hexagonales y gancho para un mejor ajuste
- Plantilla ortholite y suela de eva muy liviana y confortable de 4 cm de altura, con suelin de
goma con tecnología slip resistant para mayor adherencia y resistencia a la abrasión.";134.898,00;1
Caterpillar;CAT135132T10;Botas Casual Prim Acordonada Gris Talle 43 - RAG 135132 T 10.0 ;Seguridad industrial_Calzado;"- Zapatillas Caterpillar mid acordonada de cuero y cuello en tricot
- Ojales hexagonales y gancho para un mejor ajuste
- Plantilla ortholite y suela de eva muy liviana y confortable de 4 cm de altura, con suelin de
goma con tecnología slip resistant para mayor adherencia y resistencia a la abrasión.";134.898,00;1
Caterpillar;CAT135132T11;Botas Casual Prim Acordonada Gris Talle 44 - RAG 135132 T 11.0 ;Seguridad industrial_Calzado;"- Zapatillas Caterpillar mid acordonada de cuero y cuello en tricot
- Ojales hexagonales y gancho para un mejor ajuste
- Plantilla ortholite y suela de eva muy liviana y confortable de 4 cm de altura, con suelin de
goma con tecnología slip resistant para mayor adherencia y resistencia a la abrasión.";134.898,00;1
Caterpillar;CATDXC4;Cargador de baterias 18v - CATDXC4 ;Accesorios;;49.795,00;7
Caterpillar;CATCB1500;Cargador mantenedor batería auto moto 6v 12v - CAT CB1500 ;Herramientas electricas_Arrancadores y cargadores;"- Estructura reforzada
- Corriente de carga: 1,5A
- Compatible con baterías gel y acido
- Carga automática inteligente / corta solo
- Carga de baterías de 6 y 12 volts
- Protección por conexión inversa";93.465,00;2
Caterpillar;CATJ22160;Carretilla de Acero CAT 170 Lts Hasta 227 Kg ;Construccion_Carga;"- Capacidad 170 lts.
- Soporta hasta 227 kg de carga.
- Cómodas empuñaduras ergonómicas.
- Hecha en acero resistente de 1.1 mm.
- Neumático sin cámara con dibujo de rodadura.
- Patas antideslizantes.
- Protector antideslizante para la parte delantera: reduce el deslizamiento durante la descarga.";286.127,00;1
Caterpillar;CATDX86;Cepillo Eléctrico 900w 82mm Con Guía Y Bolsa - Cat Dx86 ;Herramientas electricas_Lijado y pulido;"- Potencia: 900w
- Ancho de corte: 82 mm
- Profundidad máx de rebajado: 16 mm
- Profundidad máx de corte: 3.0 mm
- Velocidad sin carga: 16000/min
- Extracción de polvo y virutas sobre el costado izquierdo o derecho
- Base de aluminio con ranura en V
- Mango moldeado en goma
- Mando de ajuste de profundidad de corte
- Peso de la máquina: 2.80 Kg
- Incluye guía, llave de ajuste y bolsa";197.013,00;1
Caterpillar;CATDXB4K;Combo Bateria de Litio 4.0Ah + Cargador 4.0Ah ;Accesorios;;145.830,00;11
Caterpillar;CATCOMBO06;Combo Martillo Rotativo SDS 800W 1200RPM c/Maletin  CATDX26 + Juego Cinceles Enc SDS Plus 3 Piezas - 250mm CATDA03903 ;Ofertas y Promociones;"Codigos que incluye Combo:
- CATDX26
- CATDA03903";137.212,00;1
Caterpillar;CAT980003;Cuchillo plegable hoja 150mm - Caterpillar 980003 ;Hogar_Artesanias;"Material de la hoja 8Cr13MoV Acero inoxidable.
Mango. G-10.
Hoja de punta curva.
Botones de pulsar dobles.
Presilla para bolsillo.";38.474,00;5
Caterpillar;CATDA10116;Disco 115x1,6mm  para metal ;Accesorios;;5.443,00;1.623,00
Caterpillar;CATDA10123;Disco 180x1,6mm  para metal ;Accesorios;;15.013,00;487
Caterpillar;CATDA09011;Disco corte diamantado amoladora turbo 115mm - Cat Da09011 ;Accesorios;"- Tipo de disco: Turbo
- Diámetro externo del disco: 115mm.
- Diámetro interno del disco: 22,23mm.
- Velocidad Mínima: 6000rpm.
- Velocidad máxima: 13300rpm.
- Recomendado para: Ladrillos, concreto, mampostería";5.443,00;3
Caterpillar;CATDA09001;Disco corte diamantado segmentado 115mm - Cat Da09001 ;Accesorios;"- Tipo de disco: Segmentado
- Diámetro externo del disco: 115mm.
- Diámetro interno del disco: 22,23mm.
- Velocidad Mínima: 6000rpm.
- Velocidad máxima: 13300rpm.
- Recomendado para: Ladrillos, concreto, mampostería";4.899,00;4
Caterpillar;CATDA09022;Disco diamantado continuo 115mm ;Herramientas manuales_Corte y desbaste;;4.899,00;3
Caterpillar;CAT1800VE55;Hidrolavadora 1800 PSI - CAT1800VE55 ;Herramientas electricas_Limpieza;"- 4 boquillas pulverizadoras versátiles (0°, 15°, 25°, 40°). 
- Boquilla y pulverizador de espuma de 600 ml. 
- Un potente motor de 13 amperios y una bomba de 5 pistones generan hasta 135 bares / 1960 psi para una 
potencia de limpieza máxima. 
- Temperatura máxima: 40 °C. - Caudal máximo: 7.5 L/min. 
- Manguera de goma de alta presión de 5 metros. 
- Longitud del cable: 5 metros.
- Pistola metálica y varilla de limpieza.
- Compartimento de almacenamiento para todos los accesorios.
- Aguja de limpieza para boquillas pulverizadoras.
- Peso aproximado (incluidos los accesorios): 10.6 kg";489.512,00;1
Caterpillar;CATDA06001;Hoja caladora madera/plástico 100x1,2x6 TPI - CAT DA06001 ;Accesorios;"Hojas para sierra caladora con espiga en T, cortes rápidos para madera, 5 piezas, 4'', 6 dientes por pulgada, dientes triscados.
Producen cortes rápidos en madera y productos derivados. Eficiente y económica para uso profesional o bricolaje. Diseño con vástago en T para agarre y estabilidad máximos, compatible con el 90% de las marcas y modelos actuales de sierras caladoras.";4.082,00;3
Caterpillar;CATDA06002;Hoja caladora madera/plástico 100x1,2x6 TPI - CAT DA06002 ;Accesorios;"Hojas para sierra caladora con espiga en T, precisión para madera, 5 piezas, 4'', 6 dientes por pulgada
Producen cortes limpios y rápidos en madera y productos derivados. Eficiente y económica para uso profesional o bricolaje. Diseño con vástago en T para agarre y estabilidad máximos, compatible con el 90% de las marcas y modelos actuales de sierras caladoras.";4.082,00;4
Caterpillar;CATDA06003;Hoja caladora madera/plastico 115x1,2x10 TPI ;Accesorios;;4.082,00;4
Caterpillar;CATDA08201;Hoja sierra circular 184mm x 24D Multiproposito - CAT DA08201 ;Accesorios;;23.139,00;1
Caterpillar;CATDA08002;Hoja sierra circular para madera 7'' 184 mm 40 dientes - Cat CATDA08002 ;Accesorios;"- Diámetro de disco 184 mm
- Cantidad de dientes 40
- Eje central 30 mm
- Espesor 2,2 mm
- Máxima velocidad 7000 rpm
- Incluye 2 bujes de 20 y 16 mm";17.546,00;5
Caterpillar;CATDA03903;Juego Cinceles SDS Plus 3 Piezas ;Herramientas manuales_Sets de herramientas;;11.879,00;3
Caterpillar;CATDA01901;Juego puntas Intercambiables para destornillador 32 Piezas - Cat DA01901 ;Herramientas manuales_Sets de herramientas;"- 10 puntas Phillips
- 10 puntas Pozidraid
- 4 puntas Planas
- 6 puntas Torx
- 1 Soporte Magnético
- 1 Adaptador 1/4 pulgada
- 1 Estuche plástico";21.507,00;16
Caterpillar;CATDA06005;Juego Set 5 Hojas Sierra Caladora Para Metal 75mm - Cat Da06005 ;Herramientas manuales_Sets de herramientas;Las hojas básicas para metal son la opción económica para cortar chapa de metal no ferroso y metales delgados (ferroso y no ferroso). Ideales para cortes en línea recta y rápidos. Diseño con espiga en T para agarre y estabilidad máximos, compatible con el 90 % de las marcas y modelos actuales de sierras caladoras.;4.082,00;6
Caterpillar;CATDX48;Lijadora De Banda 950w Velocidad Variable - CAT DX48 ;Herramientas electricas_Lijado y pulido;"- Potencia: 950W
- Tensión nominal: 220-240V~ 50Hz/60Hz
- Velocidad sin carga: 240-350/min
- Tamaño de la banda: 76 x 533 mm
- Capacidad de lijado: 76 x 130 mm
- Sistema de ajuste del centrado de la banda de lijado
- Sistema de aspiración de polvo
- Mango moldeado en goma
- Control de velocidad variable
- Botón de bloqueo del interruptor
- Sistema de cambio rápido de banda de lijado

- Accesorios:
- 1 bolsa de recolección de polvo
- 1 banda de lija grano 80
- 1 adaptador para aspiración de polvo";237.118,00;2
Caterpillar;CATDX42B;Lijadora Pulidora Roto Orbital 18v 150mm - CATDX42B ;Herramientas electricas_Lijado y pulido;"- Lijadora/Pulidora Orbital Inalámbrica
- Almohadilla de pulido 150mm
- Bolsa De Polvo
- 3 Papel de lija de grano (60#/80#/120#)
- Manual de uso

*No incluye cargador ni batería";291.630,00;3
Caterpillar;CATDX461;Lijadora Roto Orbital 400w - CATDX461 ;Herramientas electricas_Lijado y pulido;"Incluye:

Lijadora Roto Orbital
1 Lija Grano 80
Bolsa De Polvo
Adaptador De Vacío
Manual de uso";133.175,00;2
Caterpillar;CATCT12520;Linterna 200 Lumens - Pilas AA x2 ;Hogar_Linternas;;58.024,00;1
Caterpillar;CATDA18099;Linterna a batería con adaptador para cargar USB - 18V -CAT DA18099 ;Herramientas electricas_Linternas;"- 2 puertos USB 5V 2.0Ah con cubiertas de protección
- Interruptor ON/OFF con revestimiento de goma
- Clip para cinturón incorporado
- Luz LED
- No incluye batería ni cargador";51.994,00;3
Caterpillar;CATDX63B;Linterna Artic 20v - 160/500 Lumen - sin batería - CAT DX63B ;Herramientas electricas_Linternas;"- Potencia: 20v
- Luz: LED 
- 2 Niveles Lumenes: 160/500
- Correa para muñeca
- Cabezal giratorio 
- No incluye batería";70.510,00;5
Caterpillar;CATCT7100NB;Linterna de cuello 200 lumens - Caterpillar CT7100NB ;Hogar_Iluminacion;"LED de alta potencia
200 lúmenes en alta / 100 lúmenes en baja
Tiempo de ejecución: hasta 2,5 horas en alta / hasta 5 horas en baja
Resistente al agua y al impacto
Distancia del haz: 30 metros
Índice de impacto: 1,8 metros
Material: plástico ABS y nailon";62.621,00;3
Caterpillar;CATCTRACK;Linterna LED alta potencia 200 Lumens - CAT CTRACKNB ;Hogar_Linternas;"- Potencia haz superior: 200 lúmenes
- Alcance máximo 150 mts
- Pulsador con 3 posiciones, potencia alta, baja e intermitente
- Estructura reforzada ABS";35.355,00;2
Caterpillar;CATDX73;Llave de Impacto Inalambrica 18V 3/4'' 1700 Nm + 2 Baterias 4.0Ah + Cargador de 4Ah ;Herramientas electricas_Fuerza;"- Función de par constante
- Parada automática en modo de reversa de tuerca
- Selección electrónica de potencia de impacto de 3 etapas (Duro/Medio/Suave) con función de parada automática en modo de reversa
- Motor sin escobillas (Brushless)
- Caja de engranajes de metal con cubierta de goma
- Empuñadura de goma sobremoldeada
- Velocidad variable con reversa / Luz LED
- Voltaje: 18V
- Velocidad sin carga: 0-600/1400/2000/min
- Tasa de impacto: 0-2200 ipm
- Tamaño del yunque: ¾? cuadrado con fricción
- Par de apriete máx.: 1700Nm
- Par de arranque máx.: 2100Nm
- Incluye:
- 2 baterías de iones de litio de 4.0Ah
- 1 cargador de 4A
- 1 clip para cinturón
- 1 Maletín";801.265,00;1
Caterpillar;CATDX7060;Llave de Impacto Inalambrica 18V 350NM + 2 Baterias de 4Ah + Cargador de 4Ah - CATDX7060 ;Herramientas electricas_Fuerza;"- Tencologia Brushless
- Llave de impacto 18V -350 Nm 
- ENCASTRE 1/2
- INCLUYE
- Cargador de 4A
- 2 baterías de 4AH
- Clip para cinturón";444.605,00;1
Caterpillar;CATDX7020;Llave de Impacto Inalambrica 18V 700NM + 2 Baterias de 4Ah + 1 Cargador de 4Ah - CAT CATDX7020 ;Herramientas electricas_Fuerza;"- Tecnologia Brushless
-  Voltaje:18V / Mandril: ½ ? / Velocidad sin carga: 0-2800rpm / Torque Max:700N.m
- Características 
- Motor Brushless
 - Mandril 1/2'' 
- Velocidad variable con reversa
- Tri-Luz LED 
- Caja de engranajes de Aluminio
- Mango moldeado en goma
- Control de accionamiento de 4-modos con apagado automático y modo de extracción de dados.
- Accesorios:
- 1pc Gancho para cinturón";529.969,00;1
Caterpillar;CATDX26;Martillo Rotativo 800w SDS Plus ;Herramientas electricas_Perforacion;"Incluye:

Martillo Rotativo
Mango Auxiliar
Medidor De Profundidad
Maletín
Manual de uso";137.835,00;6
Caterpillar;CATDA03008;Mecha Encastre SDS Plus 10x260mm ;Consumibles;"- Diseñada específicamente para aplicaciones en concreto, hormigón y 
mampostería, esta mecha cuenta con un encastre SDS Plus que garantiza 
una sujeción segura y eficiente.";4.842,00;5
Caterpillar;CATDA03010;Mecha Encastre SDS Plus 12x460mm ;Consumibles;"- Diseñada específicamente para aplicaciones en concreto, hormigón y 
mampostería, esta mecha cuenta con un encastre SDS Plus que garantiza 
una sujeción segura y eficiente.";6.969,00;7
Caterpillar;CATDA03012;Mecha Encastre SDS Plus 16x260mm ;Consumibles;"- Diseñada específicamente para aplicaciones en concreto, hormigón y 
mampostería, esta mecha cuenta con un encastre SDS Plus que garantiza 
una sujeción segura y eficiente.";6.465,00;7
Caterpillar;CATDA03004;Mecha Encastre SDS Plus 6x160mm ;Consumibles;"- Diseñada específicamente para aplicaciones en concreto, hormigón y 
mampostería, esta mecha cuenta con un encastre SDS Plus que garantiza 
una sujeción segura y eficiente.";3.030,00;7
Caterpillar;CATDA04010;Mecha widia punta tratada al cobre 10mm ;Consumibles;;3.623,00;5
Caterpillar;CATDA04001;Mecha widia punta tratada al cobre 5mm ;Consumibles;;1.708,00;7
Caterpillar;CATDA04003;Mecha widia punta tratada al cobre 6mm ;Consumibles;;2.152,00;13
Caterpillar;CATDA04009;Mecha widia punta tratada al cobre 8mm ;Consumibles;;3.226,00;26
Caterpillar;CATDA03009;Mechas SDS Plus 12x260mm ;Consumibles;;5.145,00;1
Caterpillar;CATDA03003;Mechas SDS Plus 6x110mm ;Consumibles;;2.280,00;2
Caterpillar;CATDA03007;Mechas SDS Plus 8x260mm ;Consumibles;;4.587,00;1
Caterpillar;CATI10204;Pala con Mango en D Punta Cuadrada ;Jardin y agro_Manuales;;43.099,00;3
Caterpillar;CATI10203;Pala con Mango Largo Punta Cuadrada ;Jardin y agro_Manuales;;47.194,00;5
Caterpillar;CAT980045;Pinza multiherramientas - Acero inoxidable - Caterpillar 980045 ;Herramientas manuales_Pinzas y alicates;"La cuchilla multifunción trae:
Cuchilla - Cuchilla de sierra - Phillips - Plano - Destapador - Pinza Universal.";66.549,00;2
Caterpillar;CATDX87;Pistola De Calor 2000w 50-600° - CATDX87 ;Herramientas electricas_Calor;"Incluye:

Pistola de Calor
Rascador
Boquilla Plana
Boquilla De Concentración
Boquilla De Protección De Vidrio
Boquilla Tipo Gancho
Manual de uso";133.168,00;1
Caterpillar;CATPOP029;POP Yerbera CAT lata pico plastico ;Hogar_Termos y mates;;1.268,00;80
Caterpillar;CATDX61B;RADIO PORTATIL 18V LCD - FM - DAB - BLUETOOTH ;Hogar_Audio y video;;490.261,00;2
Caterpillar;CATPX14111232A;RELOJ ANALOGICO BLANCO MALLA AC. INOX *ACTC* ;Indumentaria_Relojes;;517.437,00;1
Caterpillar;CATLH11021727;Reloj Pulsera Analogico Amarillo/Negro Resistente ;Indumentaria_Relojes;;231.672,00;1
Caterpillar;CATLF11121134;Reloj Pulsera Analogico Negro Malla Silicona ;Indumentaria_Relojes;;190.048,00;1
Caterpillar;CATLJ16027127;RELOJ PULSERA NEGRO MALLA BICOLOR AMARILLO/NEGRO ;Indumentaria_Relojes;;182.190,00;1
Caterpillar;CATDX21;Rotomartillo a bateria 18v 2.2J 5 Funciones ;Herramientas electricas_Perforacion;Incluye Cargador y 2 Baterias;718.797,00;1
Caterpillar;CATDA06902;Set hojas sierra para caladora 10 piezas estuche - Cat Da06902 ;Herramientas manuales_Sets de herramientas;"- Hoja de corte con dientes triscados, para madera blanda, ideal para cortes rápidos curvos (entre 1.5-15mm)
- Hoja de corte con dientes rectificados invertidos, para aglomerado, ideal para cortes rectos y progresivos (entre 3-30mm)
- Hoja de corte con dientes rectificados , para madera blanda, ideal para cortes rectos y progresivos (entre 3-30mm)
- Hoja de corte con dientes triscados, para laminados, ideal para cortes rápidos curvos (entre 1,5-15mm)
- Hoja de corte con dientes rectificados invertidos, para madera dura, ideal para cortes rectos y progresivos (entre 3-30mm)
- Hoja de corte con dientes rectificados, para madera dura, ideal para cortes rectos y progresivos (entre 3-30mm)
- Hoja de corte con dientes triscados, para madera blanda, ideal para cortes rápidos curvos (entre 5-50mm)
- Hoja de corte con dientes rectificados, para madera dura, ideal para cortes rectos y progresivos (entre 5-50mm)
- Hoja de corte con dientes rectificados, para madera blanda, ideal para cortes rectos y progresivos (entre 5-50mm)
- Hoja de corte con dientes rectificados, para madera blanda, ideal para cortes rectos y esquinas (entre 5-50mm)";24.145,00;4
Caterpillar;CATDA06903;Set Hojas Sierra Para Caladora 10 Piezas Estuche - Cat Da06903 ;Herramientas manuales_Sets de herramientas;"- Hoja de corte con dientes triscados, para madera blanda, ideal para cortes rápidos curvos (entre 5-50mm)
- Hoja de corte con dientes rectificados, para madera blanda, ideal para cortes rectos y progresivos (entre 5-50mm)
- Hoja de corte con dientes triscados, para madera blanda, ideal para cortes rápidos curvos (entre 1.5-15mm)
- Hoja de corte con dientes rectificados, para madera blanda, ideal para cortes rectos y progresivos (entre 3-30mm)
- Hoja de corte con dientes triscados, para laminados, ideal para cortes rápidos curvos (entre 1,5-15mm)
- Hoja de corte con dientes rectificados, para madera dura, ideal para cortes rectos y progresivos (entre 3-30mm)
- Hoja de corte con dientes triscados, para metal, ideal para cortes rápidos curvos (entre 1,5-4mm)
- Hoja de corte con dientes rectificados, para metal, ideal para cortes rectos y progresivos (entre 1-3mm)
- Hoja de corte con dientes rectificados, para metal, ideal para cortes rectos y progresivos (entre 2,5-6mm)
- Hoja de corte con dientes rectificados, para metal (entre 1,5-10mm) y aluminio (entre 0-30mm), ideal para cortes rectos y progresivos";12.249,00;4
Caterpillar;CATDX54;Sierra Caladora 750w - Caterpillar CATDX54 ;Herramientas electricas_Sierras;#¿NOMBRE?;125.485,00;1
Caterpillar;CATDX51B;Sierra Caladora sin carbones a Bateria 18v - CATDX51B ;Herramientas electricas_Sierras;"Incluye:

Sierra Caladora Inalámbrica
Adaptador para aspiradora
Hoja de corte de madera
Guía paralela
Protección de la placa
Base de plástico
Manual de uso

*No incluye cargador ni batería ? Se adquieren por separado";410.496,00;3
Caterpillar;CATDX53B;Sierra Circular 7'' - 185mm sin carbones a Bateria - CATDX53B ;Herramientas electricas_Sierras;"Incluye:

Sierra Circular Inalámbrica
Llave Hexagonal
Adaptador De Vacío
Guía Paralela
Disco de 185 mm de 24 dientes
Manual de uso

*No incluye cargador ni batería - Se adquieren por separado";472.759,00;5
Caterpillar;CATDX52B;Sierra Sable a batería 18v 29mm - CAT DX52B ;Herramientas electricas_Sierras;"No incluye Batería ni cargador
Motor sin carbones
Control de velocidad variable
Caja de engranajes de aluminio
Función pendular
Sistema de cambio de hoja sin herramientas
Mango moldeado en goma
Ajuste de la placa base pivotante sin herramientas
Luz de trabajo
Gancho metálico para cintura
Voltaje: 18V
Capacidad de corte: Madera 300mm / Acero 12mm
Longitud de Carrera: 29mm
Velocidad Sin carga: 0-3000/min
Peso de la máquina: 2.80Kg Maquina sola
Tipo de embalaje: Caja color";341.652,00;3
Caterpillar;CATDZ161;Soldadora inverter TIG/LIFT 160A - CAT DZ161 ;Herramientas electricas_Soldadoras;"- Alimentación: 230V
- Potencia de soldadura: 15 ÷ 160A
- Ciclo de Trabajo a 40°C: 160Ah - 20%
- Voltaje sin carga: MMA 90V - TIG 14V
- Potencia máxima absorbida: MMA 5 kW - TIG 3,3 kW
- Electrodos rutílicos y básicos: Ø 1,6 ÷ 4 mm
- Dimensiones: 195 x 135 x 365 mm
- Peso: 4,2 kg

- Pantalla Digital: control de amperaje variable con medidor digital, para una visualización simultánea de la corriente de soldadura.
- Protecciones: equipado con sensores de temperatura, voltaje y corriente para alta protección.
- Funciones extra: ''Hot Start'', ''Anti-Sticking'' y ''Arc Force''.
- Modo Tig: capaz de soldar con Modo Tig Lift.";596.822,00;1
Caterpillar;CATDZ201;Soldadora inverter TIG/LIFT 200A - CAT DZ201 ;Herramientas electricas_Soldadoras;"- Alimentación: 230V
- Potencia de soldadura: 15 ÷ 200A
- Ciclo de Trabajo a 40°C: 200Ah - 20%
- Voltaje sin carga: MMA 70V - TIG 14V
- Potencia máxima absorbida: MMA 6,3 kW - TIG 4,7 kW
- Electrodos rutílicos y básicos: Ø 1,6 ÷ 5 mm
- Pantalla Digital: control de amperaje variable con medidor digital, para una visualización simultánea de la corriente de soldadura.
- Protecciones: equipado con sensores de temperatura, voltaje y corriente para alta protección.
- Funciones extra: ''Hot Start'', ''Anti-Sticking'' y ''Arc Force''.
- Modo Tig: capaz de soldar con Modo Tig Lift.";730.081,00;2
Caterpillar;CATDX71B;Taladro Atornillador de impacto a bateria 18v ;Herramientas electricas_Perforacion;"Incluye:

Atornillador de Impacto
Clip para Cinturón
Manual de uso

*No incluye cargador ni batería - Se adquieren por separado";272.166,00;1
Caterpillar;CATDX15;Taladro atornillador percutor 12V - Caterpillar CATDX15 ;Herramientas electricas_Perforacion;;118.561,00;2
Caterpillar;CATDX12;Taladro Atornillador Percutor sin carbones a bateria 18v - CATDX12 ;Herramientas electricas_Perforacion;"Incluye:

Taladro Atornillador con Percutor
2 Baterías 2.0 Ah
Cargador
Maletín
Manual de uso";480.500,00;21
Caterpillar;CATDX11;Taladro Atornillador sin carbones a bateria 18v ;Herramientas electricas_Perforacion;"Incluye:

Taladro Atornillador Inalámbrico
2 Baterías 2.0 Ah
Cargador
Maletín
Manual de uso";559.547,00;2
Caterpillar;CATDX175;Taladro percutor 13mm 600w medidor de profundidad - Cat DX175 ;Herramientas electricas_Perforacion;"- Inversión de giro hacia adelante y hacia atrás
- Motor 600w
- Mandril metálico 13mm
- Medidor de profundidad de metal
- Velocidad de 0-3000 rpm
- Llave con velocidad variable según la presión sobre el gatillo
- Interruptor de bloqueo
- Empuñadura de goma sobre molde
- Conexión de cable de rótula para una protección completa del cable de alimentación
- Garantía oficial: 1 año";71.451,00;13
Caterpillar;CATDX17;Taladro percutor 750w - 13mm ;Herramientas electricas_Perforacion;"Incluye:

Taladro de Impacto
Mango Auxiliar
Medidor De Profundidad
Manual de uso";94.177,00;5
Caterpillar;CATDX161;Taladro percutor 850W 13mm velocidad variable - CAT DX161 ;Herramientas electricas_Perforacion;"- Voltaje: 220-240V~ 50/60Hz
- Potencia: 850W
- Tamaño del mandril: 13mm / 1/2'' mandril de metal
- Velocidad sin carga: 0-3000/min
- Peso aproximado: 2.45Kg
- Ratio de impacto: 0-48000bpm
- Sellado a prueba de polvo
- Totalmente sellado, menos fuga de aceite
- Capacidad Max de trabajo en madera: 35mm
- Capacidad Max de trabajo en Acero: 13mm
- Capacidad Max de trabajo en Mampostería: 20mm
- Interruptor de bloqueo
- Medidor de profundidad
- Rotación hacia Adelante y hacia atrás
- Velocidad variable
- Mango moldeado en goma
- Accesorios: 1 Mango Auxiliar y 1 Medidor de profundidad
- Mayor precisión de perforación, la broca no se tambalea";202.661,00;3
Caterpillar;CATDX155;Taladro percutor atornillador 13mm con cargador + batería 2ah + maletín + set 20 piezas - CAT DX155 ;Herramientas electricas_Perforacion;"- Velocidad: 0-400/1600 RPM
- Impacto: 0-6800/27200 BPM
- Torque: 50 N.m 
- Motor: 18v con carbones
- Número de posiciones del embrague: 20+3
- Mandril autoajustable de metal de 13 mm (1/2'')
- Capacidad máx. de perforación:
- Madera 35 mm
- Metal 13 mm
- Mampostería 13 mm
- Caja de engranaje metálicos de 2 velocidades
- Bloqueo automático del husillo: Si
- Luz LED: Si
- Reversible: Si
- Ergonomico: Si
- Peso: 1,37 kg

- Incluye:
- Taladro Percutor Atornillador
- Batería 2 Ah
- Cargador
- Punta con 2 extremos (PH2/PL5.5)
- Clip de cinturón
- Maletín
- Set 20 piezas";178.521,00;1
Caterpillar;CATDXK203;Taladro Percutor Brushless 18V 50NM (DX1010) + Amoladora Angular Brushless 18V (DX3133) + 1 Bateria 2.0Ah + Bateria 4.0Ah + Cargador de 2A + Accesorios + Maletin ;Herramientas electricas;"- Taladro Percutor Inalámbrico Brushless 50 Nm ? DX1010
- Voltaje: 18 V
- Par máximo: 50 Nm
- Velocidad en vacío: 0?450 / 0?1900 rpm
- Tasa de impacto: 0?7.600 / 0?32.000 bpm
- Portabrocas: Metálico de 13 mm
- Posiciones de embrague: 20 + 1 + 1
- Capacidad máxima de perforación: 35 mm en madera / 13 mm en acero / 13 mm en hormigón
- Amoladora Angular Brushless ? DX3133
- Voltaje: 18 V
- Velocidad en vacío: 8.500 rpm
- Tasa de impacto: 0?7.600 / 0?32.000 bpm
- Diámetro del disco: 125 mm
- Accesorios
- 1 batería de 2,0 Ah
- 1 batería de 4,0 Ah
- 1 cargador de 2 A
- 1 clip para cinturón
- 5 discos de desbaste de 125 mm
- 1 juego de mechas (brocas) de 20 piezas
- Embalaje
- Maletín inyectado + caja color";385.912,00;2
Caterpillar;CAT145210T7;Zapatillas Detours Low Cuero Gris Talle 39 - RZG 145210 T 7.0 ;Seguridad industrial_Calzado;"- Zapatillas Caterpillar mid acordonada de cuero y cuello en tricot
- Ojales hexagonales y gancho para un mejor ajuste
- Plantilla ortholite y suela de eva muy liviana y confortable de 4 cm de altura, con suelin degoma con tecnología slip resistant para mayor adherencia y resistencia a la abrasión.";154.520,00;1
Caterpillar;CAT145210T8;Zapatillas Detours Low Cuero Gris Talle 40 - RZG 145210 T 8.0 ;Seguridad industrial_Calzado;"- Zapatillas Caterpillar mid acordonada de cuero y cuello en tricot
- Ojales hexagonales y gancho para un mejor ajuste
- Plantilla ortholite y suela de eva muy liviana y confortable de 4 cm de altura, con suelin degoma con tecnología slip resistant para mayor adherencia y resistencia a la abrasión.";141.111,00;1
Caterpillar;CAT145210T11;Zapatillas Detours Low Cuero Gris Talle 44 - RZG 145210 T9.0 ;Seguridad industrial_Calzado;"- Zapatillas Caterpillar mid acordonada de cuero y cuello en tricot
- Ojales hexagonales y gancho para un mejor ajuste
- Plantilla ortholite y suela de eva muy liviana y confortable de 4 cm de altura, con suelin degoma con tecnología slip resistant para mayor adherencia y resistencia a la abrasión.";154.520,00;2
Lusqtoff;MMS-8;1 MESA CON 4 SILLAS XTERIOR ;Hogar_Jardin;;268.329,00;1
Lusqtoff;RLD52R48;Abrazadera sujeta manillar Kit ;Repuestos;;2.096,00;4
Lusqtoff;ACPL1500-9;Acanaladora industrial de pared 1500w + maletín y discos - Lusqtoff ACPL1500-9 ;Construccion;"- Potencia: 1500 W
- Velocidad: 8500 rpm
- Diámetro de disco: 5'' (125 mm) x 22.2mm
- Rosca del husillo de alojamiento: M14.
- Clase de protección: II
- Uso: Profesional
- Profundidad del Corte: 5 mm ? 29 mm
- Ancho de Corte: 8 mm ? 30 mm
- Presión Acústica: 97.1 dB(A)
- Potencia Acústica: 108.1 dB(A)
- Vibración Ponderada; 3,844 m/s2
- Incluye:
- 2 Discos diamantados 125mm
- 1 Mango
- 2 Escobillas de carbón
- 1 Corta Fierro
- 1 Llave de Ajuste
- 1 Manual de uso";331.219,00;2
Lusqtoff;A1000L;Aceite 2 tiempos por Litro ;Consumibles;Codigo Original: ACL2TS200LT;3.000,00;61
Lusqtoff;ACL2TS100;Aceite 2T sintetico 100cc ;Consumibles;;2.515,00;78
Lusqtoff;ACL2TS1LT;Aceite 2T Syntetic Blend 1 LT ;Consumibles;;15.722,00;42
Lusqtoff;ACL4T200LT;Aceite 4 Tiempos de 200 Litros ;Consumibles;#¿NOMBRE?;2.253.549,00;158
Lusqtoff;ACL4T1000;Aceite 4 Tiempos por Litro ;Consumibles;;15.303,00;6
Lusqtoff;ACLUB1000;Aceite Lubricante para Cadena por Litro ;Accesorios;;15.198,00;111
Lusqtoff;A1000CLQ;Aceite para Cadena por Litro ;Consumibles;Codigo original: ACLUB200LT;1.900,00;28
Lusqtoff;L1100;Aceitera Metalica de 250 ml ;Accesorios;;5.121,00;2
Lusqtoff;L1102;Aceitera Metalica de 350 Ml ;Accesorios;;9.219,00;10
Lusqtoff;RLD52R43;ACELERADOR COMPLETO 33/43/52 CC ;Repuestos;LD-52/PRO-52/LD-52PRO;18.866,00;12
Lusqtoff;RSTFS55R25;Acelerador para FS45/55 ;Repuestos;;18.866,00;2
Lusqtoff;RBL10008R05;ACOPLE INTERNO P/ BL1000-8 ;Repuestos;BL1000-8;6.288,00;12
Lusqtoff;AMM13M-9;ADAPTADOR MANDRIL ;Accesorios;;1.781,00;2
Lusqtoff;LK04;AEROGRAFO PARA PINTAR ;Accesorios;;44.031,00;2
Lusqtoff;LQ390;Aerosol antiadherente 440 ml ;Accesorios;;10.481,00;24
Lusqtoff;ARMOTL-8;Aerosol arranca Motor Instantáneo - Lusqtoff ARMOTL-8 ;Accesorios;#¿NOMBRE?;5.764,00;29
Lusqtoff;ACL40;Aerosol lubricante multipropósito - Lusqtoff ACL40 ;Accesorios;"- Protege y lubrica
- Afloja piezas metalicas
- Elimina ruidos
- Previene la corrosion
- Inhibe la humedad
- Quita el oxido
- Lubricante multiuso TODO EN UNO
- Lata de 415 ml / 300 gr
- Aplicacion: Automotor, industria, motos, hogar, armas.";5.660,00;67
Lusqtoff;11002-B;Afilador de cadenas para motosierra - Lusqtoff 11002-B ;Jardin y agro_Corte y poda;"- Tensión 220V
- Potencia 220 W
- Velocidad 7500/min
- Diámetro del disco 100 x 10 x 3,4 mm
- Peso 2 Kg";68.918,00;1
Lusqtoff;LQ-FA003;Airfryer Digital 9,5Lts Panel Digital - Lusqtoff LQE52 ;Hogar_Coccion;;102.265,00;1
Lusqtoff;LQFLUX091;Alambre flux x 1 kg - 0,9mm - Lusqtoff LQFLUX091 ;Consumibles;;7.756,00;1
Lusqtoff;LQAL-095;Alambre para soldar x 5 kg - 0,9mm - Lusqtoff LQAL-095 ;Consumibles;;24.631,00;15
Lusqtoff;LQFLUX095;Alambre para soldar x5kg 0,9mm - Lusqtoff LQFLUX095 ;Consumibles;"- Peso: 5 kg
- Diametro: 0,9 mm
- Alambre flux, suelda sin gas
- Grado: AWS A5.20
- Tubular auto protegido para usar sin gas.
- Diámetro interno del carretel: 55mm
- Diámetro externo del carretel: 200mm";34.589,00;3
Lusqtoff;LQFLUX085;Alambre para soldar x5kg 0.8mm - Lusqtoff LQFLUX085 ;Consumibles;"- Peso: 5 kg
- Diámetro: 0,85 mm
- Alambre flux, suelda sin gas
- Grado: AWS A5.20
- Tubular auto protegido para usar sin gas.
- Diámetro interno del carretel: 55mm
- Diámetro externo del carretel: 200mm";34.589,00;4
Lusqtoff;L4260;Alicate Corte Oblicuo 6'' (150mm) Aislación 1000V PRO ;Herramientas manuales_Pinzas y alicates;;16.389,00;14
Lusqtoff;GP2004;Alicate Corte Oblicuo 6'' (150mm) ;Herramientas manuales_Pinzas y alicates;;4.413,00;3
Lusqtoff;L4024;Alicate Corte Oblicuo Cuerda De Piano 7'' (180Mm) ;Herramientas manuales_Pinzas y alicates;;10.858,00;1
Lusqtoff;RLOL2608R38;ALMOHADILLA ;Repuestos;LOL260-8;3.626,00;3
Lusqtoff;RLBL32008R18;ALMOHADILLA ;Repuestos;LBL320-8;14.464,00;4
Lusqtoff;AML1010-8;Amoladora angular 1010w - Lusqtoff Aml1010-8 ;Herramientas electricas_Corte;"Potencia: 1010 W
Velocidad variable: 0 - 11000 Rpm
Máx. de disco de corte: 125 mm
Peso: 2,60 Kg";115.297,00;17
Lusqtoff;L820-7;Amoladora Angular 115 mm 720W ;Herramientas electricas_Lijado y pulido;"- Tension: 220V - 50hz
- Rosca: M14
- 11000 RPM
- Incluye:
- 1 mango
- 1 Llave
- 1 guarda de seguridad
";46.119,00;6
Lusqtoff;L-820;Amoladora Angular 115MM- 720W 11000rpm - Lusqtoff L-820 ;Herramientas electricas_Corte;"- Potencia: 720 w
- Tensión: 220v - 50 Hz
- Velocidad: 11000 rpm
- Máx disco de corte: 115mm
- Máx disco abrasivo: 115mm
- Rosca: M14
- Peso: 2.3 Kg
- Garantía: 2 años
- Incluye: 
- 1 mango, 1 guarda de seguridad, 1 llave, 1 disco de desbaste";50.311,00;65
Lusqtoff;AML1400-9;Amoladora angular 1400w 125mm - Lusqtoff - aml1400-9 ;Herramientas electricas_Corte;"- Marca: Lusqtoff
- Modelo: aml1400-9
- Voltaje: 220 V ~ 50 Hz.
- Diámetro del disco: 125mm
- Grosor máx. del disco: 4,8mm
- Rosca del eje: m14
- Velocidad nominal: 9000 Rpm
- Inudcido con protección antipolvo
- Garantía de 2 años 
- Peso: 2,60 Kg

- Incluye: 
- Amoladora angular aml 1400-9
- Disco de desbaste 
- Llave de ajuste 
- Mango Lateral
- Guarda protectora
";159.320,00;5
Lusqtoff;AML2200-8;Amoladora Angular 180mm 2200w + Accesorio Lusqtoff  Aml2200-8 ;Herramientas electricas_Corte;"- Potencia: 2200W
- Disco 7''
- Uso Profesional
- Diámetro de disco: 180 mm
- Velocidad: 8500 Rpm
- Tensión: 220V~50Hz
- Peso: 5,2 Kg
- Origen: China
- Largo del cable 2Mts
- Es antipolvo y protege el motor de la suciedad entrante

- INCLUYE
- Empuñadura
- Llave
- Disco de Desbaste";241.077,00;2
Lusqtoff;AML2200-9;Amoladora angular 2200w Black Series 230mm - Lusqtoff AML2200-9 ;Herramientas electricas_Corte;"- Tensión 220v 
- Potencia absorbida: 2200w
- Amperaje: 10a
- Velocidad nominal: 6500/min
- Incluye disco de corte
- Máx. del disco de corte: 230mm - 9''
- Máx. del disco abrasivo: 230mm - 9''
- Máx. de la placa de lijado de goma: 230mm - 9''
- Máx. del cepillo copa: 100mm - 4''
- Rosca: M14
- Peso: 6,9Kg
- Garantía de 3 años";289.292,00;5
Lusqtoff;AML850-9;AMOLADORA ANGULAR 850W ;Herramientas electricas_Corte;"- Potencia: 850 W
- Tensión: 220 V ~ 50 Hz
- Velocidad: RO 11000 /min
- Máx. del disco: 115 mm
- Rosca: M14

 ----INCLUYE ----
 - 1 mango
 -  1 llave
- 1 guarda de seguridad";52.408,00;12
Lusqtoff;AML2400-9;Amoladora Angular Black Series ;Herramientas electricas_Corte;;310.256,00;1
Lusqtoff;AML1300-10;Amoladora Angular Black Series ;Herramientas electricas_Corte;"- Voltaje: 220 V ~ 50 Hz.
- Potencia: 1300 W
- Diámetro de disco: 125 mm. (5'')
- Velocidad: 0-11.000 RPM
- ø Máx. del cepillo de alambre de copa: 75 mm.
- Cable: 4 metros
- Rosca del eje: M14
-Amperaje: 6 Ah";188.669,00;2
Lusqtoff;AML115-8B;Amoladora Angular Brushless 115mm a Bateria - NO INCLUYE CARGADOR NI BATERIA ;Herramientas electricas_Corte;"- Compatible con la Linea Iron Volt
- Velocidad maxima 8000RPM
- Motor Brushless
- Tension 18V
- Diametro del disco 115 mm
-  Rosca M14
- Incluye: 1 mango, 1 disco , 1 llave de ajuste
- Garantia 2 años";83.853,00;9
Lusqtoff;AML900-9;Amoladora Angular Eléctrica 900W 12.000 RPM - Black Series ;Herramientas electricas_Corte;"- Sistema de Gatillo Hombre Muerto
- Potencia 900W
- Voltaje 220V 50 HZ
- Velocidad 12.000 RPM
- Diámetro del Disco 125mm
- Cable 2mts
- Protección IPX0
- Incluye:
- Mango
- Llave de ajuste
- Guarda de seguridad
- Garantía 3 Años";96.430,00;8
Lusqtoff;AML115-9BK;Amoladora angular inalámbrica + 2 Baterias 4ah + Cargador + Accesorios (IRON VOLT) - Lusqtoff AML115-9BK ;Herramientas electricas_Corte;"- Tensión: 18 V =
- Amperaje batería: 4 Ah.
- Rosca: M14.
- Diámetro del disco: 115 mm.
- 3 velocidades: R 6500, 7000, 8500 r/min.
- Guarda con ajuste rápido.
- Filtro antipartículas.

INCLUYE

- 2 discos de desbaste.
- 1 mango antivibración con porta llaves.
- 1 llave de ajuste.
- Maletín de traslado.
- 2 baterías + cargador.";324.930,00;4
Lusqtoff;AML115-9B;Amoladora Angular Inalambrica Black Series No Incluye BATERIAS NI CARGADOR ;Herramientas electricas_Corte;"- Tecnologia Brushless
- Tension 18V
- 115mm
-  Iron Volt
- Amperaje de bateria: 4ah
- Rosca: M14
- 3 Velocidades: 6500, 7000, 8500 RPM
- Guarda con ajuste rapido
- Filtro antiparticulas
- Incluye:
- 2 Discos desbaste
- 1 Mango antivibracion con porta llaves
- 1 llave de ajuste
- Maletin
- Garantia 3 años";188.669,00;3
Lusqtoff;ABL750-9;Amoladora de Banco 10'' Potencia 750W Black Series ;Herramientas electricas_Lijado y pulido;"- Desbaste - Afilado - Pulido
- Tensión 220V - 50hz
- Velocidad nO 2980 /min
- Tamaño de piedra 250x25x20 mm
- Diametro del eje 20mm
- Grano #36 #60
- Base de Hierro
- Anti Vibraciones 
- Incluye: 
- 1 Piedra de grano #36
- 1 Piedra de grano #60
- 2 Protectores antichispas
- 2 Soportes de trabajo
";459.459,00;1
Lusqtoff;ABL500-9;Amoladora de Banco 8''  Potencia 500W Black Series ;Herramientas electricas_Lijado y pulido;"- Desbaste - Pulido - Afilado
- Incluye:
- 1 Piedra de grano #36
- 1 Piedra de grano #60
- 2 protectores antichispas
- 2 soportes de trabajo
- Tensión 220V - 50HZ
- Velocidad nO 2980 /min
- Tamaño de piedra 200x20x16 mm
- Diametro de eje 16 mm
- Grano #36
- Grano #60
- Base de hierro
- Anti vibraciones
- Garantía 3 años";195.270,00;1
Lusqtoff;ARL710-8;AMOLADORA RECTA 710W ;Herramientas electricas_Corte;;104.816,00;1
Lusqtoff;ANL2000-72;Anafe eléctrico 2000w - 2 hornallas - Lusqtoff ANL2000-72 ;Hogar_Coccion;"- Tensión: 220V-50Hz
-";50.311,00;8
Lusqtoff;N2;APAREJO ELÉCTRICO 250/500KG 12M ;Construccion_Aparejos;;239.301,00;2
Lusqtoff;N1;Aparejo eléctrico 550w 150/300KG 12M - Lusqtoff N1 ;Construccion_Aparejos;;181.869,00;1
Lusqtoff;LQ-QB-L150R-GU10;Aplique de Pared Aluminio 2 Focos LED - Lusqtoff LQ-QB-L150R-GU10 ;Hogar_Iluminacion;#¿NOMBRE?;17.799,00;4
Lusqtoff;LQ-L150S-GU10;Aplique de Pared Aluminio Bidireccional 2 Focos GU10 LED - Lusqtoff LQ-QB-L150S-GU10 ;Hogar_Iluminacion;#¿NOMBRE?;17.799,00;10
Lusqtoff;LQ-QB-L80R-GU10;Aplique de Pared LED Aluminio 1 Foco - Lusqtoff LQ-QB-L80R-GU10 ;Hogar_Iluminacion;#¿NOMBRE?;8.954,00;4
Lusqtoff;LQ-L230S;Aplique de Pared LED Aluminio Bidireccional 2 Focos GU10 - Lusqtoff LQ-QB-L230S-B-GU10 ;Hogar_Iluminacion;#¿NOMBRE?;25.014,00;4
Lusqtoff;LQ-QB-L160S-GU10;Aplique LED Aluminio de Pared 1 Foco Cuadrado - Lusqtoff LQ-QB-L160S-GU10 ;Hogar_Iluminacion;#¿NOMBRE?;18.795,00;10
Lusqtoff;LQ-QB-L80S-GU10;Aplique LED Aluminio de Pared 1 Foco Rectangular - Lusqtoff LQ-QB-L80S-GU10 ;Hogar_Iluminacion;#¿NOMBRE?;8.954,00;4
Lusqtoff;LQ-QB-L230R-B-GU10;Aplique LED Aluminio de Pared 2 Focos Semicircular - Lusqtoff LQ-QB-L230R-B-GU10 ;Hogar_Iluminacion;#¿NOMBRE?;25.925,00;4
Lusqtoff;LQ-QB-L160R-GU10;Aplique LED de Pared 1 Foco Aluminio Semicircular - Lusqtoff LQ-QB-L160R-GU10 ;Hogar_Iluminacion;#¿NOMBRE?;19.657,00;9
Lusqtoff;APL125-8A;ARENADORA NEUMATICA PORTATIL ;Herramientas neumaticas_Taller;;382.882,00;1
Lusqtoff;RLD389RQ05;ARNES P/ LD38-9 - FS280 ;Accesorios;;35.637,00;10
Lusqtoff;RLD52R47PRO;ARNES PARA DESMALEZADORA REFORZADO ;Accesorios;;20.963,00;3
Lusqtoff;RLD52R47;Arnes universal para desmalezadoras  52-43-33 cc ;Accesorios;#¿NOMBRE?;18.866,00;8
Lusqtoff;RMCL1508R15;Aro de Piston p/ MCL150-8 ;Repuestos;;786;6
Lusqtoff;RMDL20009R22;Aro de piston p/MDL200-9 ;Repuestos;;4.716,00;2
Lusqtoff;RLM390R27;AROS DE PISTON MOTOR MOTOBOMBA GENERADOR 13HP ;Repuestos;LM-390 / LM-420;7.861,00;1
Lusqtoff;RLM420R26;Aros Ø 90mm 1.2 mm de espesor P/LM420 ;Repuestos;;7.337,00;1
Lusqtoff;RLD52R11;Aros piston 52cc para desmalezadora ;Repuestos;;1.572,00;14
Lusqtoff;RLD52R01;ARRANQUE COMPLETO LD-52 ;Repuestos;LD-52/PRO-52/LD-52PRO;8.385,00;26
Lusqtoff;RMS170R09;Arranque Completo para ST170/ST180 ;Repuestos;;16.770,00;2
Lusqtoff;RLM390R55;ARRANQUE MANUAL COMPLETO MOTOR GENERADOR 13/15 HP ;Repuestos;LM-390/LM-420/LG-7500/LG-8500;33.541,00;8
Lusqtoff;RHL11091R26;Asiento de Piston para Hidrolavadora HL110-9 ;Repuestos;;2.096,00;6
Lusqtoff;LQ-ASPH28;Aspiradora Ciclonica sin Bolsa 2 Lts 1600W - Lusqtoff LQE80 ;Hogar_Limpieza;"- Capacidad 2 Litros
- 5 m con enrollacable automatico
- Filtro HEPA
- 1600 W de Potencia
- Sistema ciclonico para potencia constante
- Sin bolsa
- Filtros reutilizables y Lavables
- Con tubos prolongadores, boquilla multiple y cepillo combinado para pisos y alfombras
- Garantia 6 meses";86.675,00;10
Lusqtoff;LA-1000;Aspiradora Electrica 100W 15Lts  - LA-1000 ;Hogar_Limpieza;"- Potencia motor 1000w
-  3 en 1 Aspira sólidos, líquidos y sopla.
- Tension 220V-50 HZ
- Capacidad tanque 15 Lts
- Filtro de esponja lavable
- Caudal 1,5 M3/MIN
- Largo cable 2mts
- Presión acústica 78 dB
- Incluye: 
- Manguera de plástico con mango
- Curvado de 1,5 m
- 3 tubos de plástico
- Bolsa de papel
- Cepillo para suelos húmedos y secos
- Filtro de esponja
- 4 ruedas universales";79.660,00;3
Lusqtoff;LA-3000;Aspiradora Electrica de Polvo y Liquido 30 Lts ;Hogar_Limpieza;;482.154,00;1
Lusqtoff;LA-1500MM;Aspiradora industrial 1000w - 15l - Polvo y agua - Lusqtoff LA-1500 ;Herramientas electricas_Limpieza;"Incluye:

Manguera
3 Tubos de Plástico
Cepillo para Piso Cuadrado
Filtro de Espuma";92.238,00;3
Lusqtoff;LA-8003M;Aspiradora Industrial 80 Lts 3000W - 220V/50 H ;Herramientas electricas_Limpieza;"? Potencia de absorción: 3000 V
? Posee bolsa del filtro: no
? Tipo de tanque: metal
? Tensión: 220 V ~ 50 Hz
? Capacidad: 80 lts
? Caudal de aire: 38,334 l/s
? Largo de manguera: 2,5 mts
? Diámetro de manguera: 4 cm
? Tamaño: 60x58x95 cm
? Cantidad de motores: 3
? Uso Industrial
? Peso: 29 kg";943.346,00;1
Lusqtoff;LA-6002M;Aspiradora industrial capacidad 60 litros 2400W - Lusqtoff LA-6002M ;Herramientas electricas_Limpieza;;524.081,00;1
Lusqtoff;LTL20-8;ASPIRADORA LAVATAPIZADO 20 LT. ;Herramientas electricas_Limpieza;;262.040,00;1
Lusqtoff;LQ-ASPH30;Aspiradora Multiciclonica sin Bolsa 3.0 Lts 1800W - Lusqtoff LQE81 ;Hogar_Limpieza;"- Capacidad 3 Litros
- 5 m con enrollacable automatico
- Filtro HEPA
- 1800 W de Potencia
- Sistema multi ciclonico para potencia constante
- Sin bolsa
- Filtros reutilizables y Lavables
- Con tubos prolongadores, boquilla multiple y cepillo combinado para pisos y alfombras
- Garantia 6 meses";94.988,00;10
Lusqtoff;LQ-ASPH35;Aspiradora Multiciclonica sin Bolsa 3.5 Lts 2000W - Lusqtoff LQE82 ;Hogar_Limpieza;"- Capacidad 3.5 Litros
- 5 m con enrollacable automatico
- Filtro HEPA
- 2000 W de Potencia
- Sistema multi ciclonico para potencia constante
- Sin bolsa
- Filtros reutilizables y Lavables
- Con tubos prolongadores, boquilla multiple y cepillo combinado para pisos y alfombras
- Garantia 6 meses";105.675,00;10
Lusqtoff;LQ-ASPB20;Aspiradora Trineo con Bolsa Lavable 2 Lts 1400W - Lusqtoff LQE79 ;Hogar_Limpieza;"- Capacidad 2 Litros
- 5 m con enrollacable automatico
- Filtro HEPA
- 1400 W de Potencia
- Sistema de filtrado avanzado en 3 etapas
- Con bolsa lavable
- Indicador de bolsa llena
- Filtros reutilizables y Lavables
- Con tubos prolongadores, boquilla multiple y cepillo combinado para pisos y alfombras
- Garantia 6 meses";83.113,00;10
Lusqtoff;ATL710-8;Atornillador c/ Tope ;Herramientas electricas_Perforacion;;100.623,00;6
Lusqtoff;TAL300-8;Atornillador con Control de Torque 300 - TAL300-8 ;Herramientas electricas_Perforacion;;52.408,00;4
Lusqtoff;LIL260-9BK;Atornillador de Impacto Inalambrica Black Series 1/4'' 260 NM - Lusqtoff LIL260-9BK ;Herramientas electricas_Perforacion;"- Batería de 18V: Mayor autonomía para que trabajes sin interrupciones.
- Velocidad Ajustable: Con 0-1900 RPM, podrás adaptarte a diferentes tareas con facilidad.
- Impactos Potentes: Ofrece desde 0 hasta 2500 IPM, ideal para atornillar incluso en los materiales más exigentes.
- Torque de 260 Nm: Suficiente fuerza para enfrentar cualquier desafío.
- Encastre de 1/4'': Compatible con una amplia variedad de puntas y accesorios.
- Tecnología Brushless: Sin carbones, lo que garantiza mayor durabilidad y rendimiento.";377.338,00;4
Lusqtoff;ADL4-8;Atornillador Destornillador Inalambrico 4V ;Herramientas electricas;"- Tensión: 4 V
- Batería: 2 Ah  Lithium-ion
- Tiempo de Carga: 90 min
- Velocidad sin Carga: 260 min-1
- Fuerza de Torsión max: 5 Nm
- Giro con reserva
- Encastre 1?4 . 6,35 mm
- Luz led
- Indicador de Carga
- INCLUYE
- 1 cable usb (tipo c)
- 1 adaptador magnetico 1/4''
- 1 estuche
- 25 puntas:
- 4 planas de 25 mm: sl3  sl4  sl5  sl6
-2 planas de 45 mm: sl3  sl5
- 3 pozidriv de 25 mm: pz1  pz2  pz3
- 5 torx de 25 mm: t10  t15  t20  t25  t30
- 1 torx de 45 mm: t2
- 3 phillips de 25 mm: ph1 ph2 ph3
- 2 phillips de 45 mm: ph1  ph2
- 5 hexago. De 25 mm: h2  h3  h4  h5  h6";62.889,00;1
Lusqtoff;AITL32-9B;Atornillador Durlock Inalambrico c/ Tope de Profundidad - NO Incluye Bateria NI Cargador - Black Series ;Herramientas electricas_Perforacion;"- Incluye:
- 2 Puntas Phillips
- 1 Extensor
- Batería compatible con la línea Iron Volt
- Velocidad variable 0-4500 r/min  con reversa
- Tensión 18V
- Torque máximo 32 Nm
- Encastre 1/4'' - 6.3mm
- Posse luz led
- Mango ergonómico
- Motor con tecnología Brushless
- Sistema de tope de profundidad
- Garantía: 3 años";129.972,00;1
Lusqtoff;RLPA407R19;Auomatico P/ LPA40-7 ;Repuestos;;3.668,00;5
Lusqtoff;RHLPA4013ZR16;Automatico Presurizadora HLPA40-13Z ;Repuestos;;52.408,00;4
Lusqtoff;RLPS1585ZR16;AUTOMATICO PRESURIZADORAS 8.5 ;Repuestos;LPS15-8.5Z;7.232,00;3
Lusqtoff;RLG3500R42;AVR Gen Monofasico 5,5/6,5 HP ;Repuestos;;27.126,00;13
Lusqtoff;RLG7500EXTR12;AVR GENERADOR TRIFACICO 13/15 HP ;Repuestos;LG-7500EX;18.982,00;12
Lusqtoff;RGC904050R29;B O RING 2.5 ;Repuestos;;524;2
Lusqtoff;BCHL60-8;Bacha de Cocina Acero Inoxidable ;Hogar;;41.926,00;7
Lusqtoff;L1028;BANDEJA IMANTADA CIRCULAR DE ACERO INOXIDABLE ;Herramientas manuales;;10.243,00;2
Lusqtoff;L1029;BANDEJA IMANTADA RECTANGULAR DE ACERO INOXIDABLE ;Herramientas manuales;;16.389,00;2
Lusqtoff;RLOL2608R37;BASE ;Repuestos;LOL260-8;2.096,00;4
Lusqtoff;RLBL32008R27;BASE ;Repuestos;LBL320-8;9.433,00;2
Lusqtoff;RHL11091R22;Base de Bomba para Hidrolavadora HL110-9 ;Repuestos;;6.288,00;1
Lusqtoff;RGP2550R04;BASE DE FLAPPER GP-2550B ;Repuestos;GP-2550B;6.288,00;3
Lusqtoff;RLC0122R15;BASE DE FLAPPERS COMPLETA LC-0122 ;Repuestos;LC-0122;10.481,00;4
Lusqtoff;RHL11091R37;Base de Grapodina para Hidrolavadora HL110-9 ;Repuestos;;2.096,00;1
Lusqtoff;L1038;BASE MAGNETICA PARA RELOJ COMPARADOR ;Accesorios;;39.949,00;2
Lusqtoff;L1069;Batea Limpiador Ultrasonido de 6,5Lts Tanque de Acero Inoxidable ;Herramientas electricas_Limpieza;;471.196,00;1
Lusqtoff;LB4050-8;Bateria de Litio 40v 5ah - ECO LINE - Lusqtoff LB4050-8 ;Accesorios;"- Tension: 40v
- Amperaje: 5 ah
- Garantia 6 meses";180.283,00;5
Lusqtoff;RATL189BR12;BATERIA P/ATL18-9B ;Repuestos;ATL18-9B;41.926,00;1
Lusqtoff;RLIL5308BR38;BATERIAS P/LIL530-8B ;Repuestos;LIL530-8;161.417,00;1
Lusqtoff;LQ-1000E;Batidora Planetaria Celeste - Lusqtoff LQE08 ;Hogar_Pequeños electrodomesticos;#¿NOMBRE?;84.989,00;2
Lusqtoff;LQ-1000C;Batidora Planetaria Cream - Lusqtoff LQE10 ;Hogar_Pequeños electrodomesticos;#¿NOMBRE?;84.989,00;2
Lusqtoff;LQ-1000N;Batidora Planetaria Negra - Lusqtoff LQE09 ;Hogar_Pequeños electrodomesticos;#¿NOMBRE?;84.989,00;2
Lusqtoff;PB10-N;Bidón 10 litros naranja - Lusqtoff PB10-N ;Almacenamiento_Bidones;"- Antiestático
- Con pico surtidor y traba
- Bidón apto para combustibles
- Resistente a golpes
- Capacidad: 10 lts
- Apto para nafta, diesel,
  eurodiesel, gasoil,
  queroseno y otros.
- Pico a 45 grados y agarradera
  larga para fácil descarga
  de los líquidos.
- Cierre hermético para evitar
  derrames y olores.";28.422,00;1
Lusqtoff;BP02-N;Bidón de plástico 2 lts naranja - Lusqtoff BP02-N ;Almacenamiento_Bidones;;14.724,00;3
Lusqtoff;BE04-N;Bidón de plástico 4 lts extra chato naranja - Lusqtoff BE04-N ;Almacenamiento_Bidones;;19.632,00;1
Lusqtoff;BE08-N;Bidón de plástico 8 lts naranja extra chato - Lusqtoff BE08-N ;Almacenamiento_Bidones;;30.704,00;2
Lusqtoff;RLC30100R15;BIELA P/COMPRESOR LC-30100/LC-30200 ;Repuestos;LC-30100/LC-30150/LC-30200;25.155,00;1
Lusqtoff;RLD52R18;BOBINA DE ENCENDIDO PARA DESMALEZADORA DE 52 CC ;Repuestos;LD-52/PRO-52/LD-52PRO;9.433,00;8
Lusqtoff;RGS2500R15;BOBINA PARA GS-2500 ;Repuestos;GS-2500;20.439,00;2
Lusqtoff;RMS381R16;Bobina para MS381 ;Repuestos;;19.915,00;2
Lusqtoff;RMS660R14;Bobina para ST066 ;Repuestos;;20.963,00;2
Lusqtoff;RLG950PR08;BOBINA PARARELA GENERADOR 950 ;Repuestos;LG-950P;12.053,00;2
Lusqtoff;L5654;Bocallave De Impacto Blanco 23Mm Encastre 1/2'' ;Herramientas manuales_Tubos;;13.316,00;11
Lusqtoff;L5651;Bocallave De Impacto Para Llantas Amarillo 19Mm Encastre 1/2 ;Herramientas manuales_Tubos;;10.243,00;11
Lusqtoff;L5650;Bocallave De Impacto Para Llantas Azul 17Mm Encastre 1/2 ;Herramientas manuales_Tubos;;10.243,00;11
Lusqtoff;L5652;Bocallave De Impacto Para Llantas Rojo 21Mm Encastre 1/2 ;Herramientas manuales_Tubos;;11.267,00;12
Lusqtoff;L5653;Bocallave De Impacto Para Llantas Verde 22Mm Encastre 1/2 ;Herramientas manuales_Tubos;;11.267,00;11
Lusqtoff;L1043;BOCALLAVE SACA BUJIA ESTRIADA 14MM ENC 3/8 ;Herramientas manuales;;10.243,00;4
Lusqtoff;BVL1-8;Bolsa de dormir 0°c camping resistente agua - Lusqtoff Bvl1-8 ;Hogar_Jardin;"- Bolsa de dormir ultracompacta del tipo momia con cierre lateral y capucha.
- Excelente calidad y liviana.
- Ideal para salidas de aventura, hostels, ciclismo, deportes extremos.
- Relleno: Fibras sintéticas huecas.
- Cantidad de relleno: 50 g/m2.
- Tela interior: Poliéster 190T con tratamiento de suavidad.
- Tela exterior: Poliéster 210T Ripstop con capa W/R.
- Temperatura mínima: 0oC.
- Resistente al viento y al agua. Protección UV.
- Costuras termoselladas. Retardante del fuego.
- Incluye bolsa de transporte con cintas de compresión que reduce el volumen hasta un 30%.
";52.408,00;13
Lusqtoff;RLA1500MMR22;BOLSA DE PAPEL x Unidad ;Repuestos;LA-1500M;2.934,00;8
Lusqtoff;L8006;Bolso Porta Herramientas Profesional 18'' ;Almacenamiento_Bolsos y mochilas;;122.920,00;1
Lusqtoff;CPM180;BOMB CENTRIF 1.5HP 1100W 100L/M ;Jardin y agro_Riego;;377.338,00;2
Lusqtoff;CPM190T;BOMB CNTRÍF 3FAS 2HP 110L/M ;Jardin y agro_Riego;"- Potencia: 1850 W
- Motor: 2 HP
- Caudal máximo: 90 L/min
- Succión máxima: 8 mts.
- Altura máxima: 32 mts.
- Entrada-Salida: 1? / 1?
- Temperatura máx. del agua: 35ºC
- Grado de protección: IPX4
- Fuente de alimentación: electricidad
- Trifásico
- Tensión: 380 V - 50 Hz
- Largo de cable: 0,2 mts.
- Peso: 20 kgs.";373.145,00;3
Lusqtoff;RFPL5R22;BOMBA ;Repuestos;FPL-5 / FPL-7;4.821,00;1
Lusqtoff;GP255A;Bomba autocebante 1 hp con trampa de pelos - Lusqtoff GP255A ;Jardin y agro_Riego;"2 accesorios de acople para manguera de 2 1/4''
Bomba autocebante con filtro para pileta
Motor de 3/4 HP
Bajo nivel de sonido
Acceso rápido al filtro";226.403,00;2
Lusqtoff;SWP255A;Bomba autocebante 1hp - Lusqtoff SWP255A ;Jardin y agro_Riego;"- Potencia: 750 W
- Motor: 1 HP
- Caudal máximo: 55 l/min
- Succión máxima: 9 mts
- Altura máxima : 46 mts
- Temperatura máx. del agua: 35 ºC
- Grado de protección: IPX4
- Aislamiento: clase I
- Fuente de alimentación: electricidad
- Largo de cable: 0,2 mts
- Tensión: 220 V ~ 50 Hz
- Peso: 12,3 Kgs";132.068,00;5
Lusqtoff;CPM158;Bomba centrífuga 1hp - Lusqtoff CPM158 ;Jardin y agro_Riego;"- Motor: 1 HP
- Potencia: 750 W
- Caudal de máxima: 95 L/min
- Succión máxima: 6 mts.
- Altura máxima: 30 mts.
- Entrada-Salida: 1? / 1?
 - Temperatura máx. del agua: 35ºC
- Grado de protección: IPX4
- Seguridad eléctrica: Clase 1
- Grado de protección: IPX4
- Fuente de alimentación: electricidad
- Largo de cable: 0,2 mts.
- Tensión: 220 V ~ 50 Hz
- Peso: 11 kg.";106.912,00;4
Lusqtoff;CPM146;Bomba centrífuga 3/4hp - Lusqtoff CPM146 ;Jardin y agro_Riego;;100.623,00;10
Lusqtoff;RPROM52R59;Bomba de aceite para motosierra prom-52 ;Repuestos;;3.018,00;4
Lusqtoff;L1016;BOMBA DE VACIO MULTIFUNCIONAL ;Herramientas manuales;;81.947,00;1
Lusqtoff;LQSMARTER25;BOMBA ELEVADORA 25M 0.5HP ;Jardin y agro_Riego;;197.054,00;1
Lusqtoff;L1033;BOMBA MANUAL DE ACEITE ;Herramientas manuales;;71.703,00;1
Lusqtoff;RLTL208R53;BOMBA P/LTL20-8 ;Repuestos;LTL20-8;75.467,00;1
Lusqtoff;RF12L8R23;Bomba para F12L/F16L/F20L ;Repuestos;;8.909,00;2
Lusqtoff;RHL11091R06;Bomba para Hidrolavadora de Alta Presion para HL110-9 ;Repuestos;;14.674,00;3
Lusqtoff;CPM150;Bomba periférica elevadora 0.50 - 1/2 Bobinado cobre - Lusqtoff CPM150 ;Jardin y agro_Riego;"Tiene Proteccion Termica
Altura Maxima de 20 Mtrs
26 Litros por Minuto";46.119,00;4
Lusqtoff;LPS15-8.5Z;Bomba presurizadora 8,5 mts - 100w - Lusqtoff Lps15-8.5z ;Jardin y agro_Riego;"Presión Máxima: 10 bar
Cuerpo de hierro fundido
Potencia: 100 W
Caudal Máximo: 30 L/M
Altura Máxima: 8.5 M
Apta para 1 baño y medio";58.697,00;2
Lusqtoff;LPA40-7;BOMBA PRESURIZADORA C/ SOPOR ;Jardin y agro_Riego;;104.816,00;1
Lusqtoff;BPIL192-8;Bomba Presurizadora de Velocidad Variable Inverter 192W ;Jardin y agro_Riego;"- Tecnologia inverter
- Ajuste de presion automatica
- Eficiente consumo energetico
- Silenciosa
- Tension: 220V ? 50HZ
- Potencia: 192 W
- Corriente: 4 A
- Velocidad: 12000 RPM
- Caudal maximo: 67 LPM
- Altura maxima: 30MTS
- Succion maxima: 6 MTS
- Conexion entrada: 1?
- Conexion salida: 1?
- Temperatura de agua: 0 A 100°
- Temperatura ambiente: 4 ? 55°
- Cable: 1 MTS
- Proteccion: IP65
- Clase de aislacion: H
- Garantia 2 años
- Incluye 4 Soportes de apoyo
- NO RECOMENDADO PARA USAR CON AGUA CALIENTE O EN SALIDA DE CALEFONES / TERMOTANQUES";293.485,00;1
Lusqtoff;BPIL350-8;Bomba Presurizadora de Velocidad Variable Inverter 350W ;Jardin y agro_Riego;"- Tecnologia inverter
- Ajuste de presion automatica
- Eficiente consumo energetico
- Silenciosa
- Modo tradicional / Autocebante
- Tension: 220V - 50HZ
- Potencia: 350 W
- Corriente: 4,2 A
- Velocidad: 12000 RPM
- Caudal maximo: 75 LPM
- Altura maxima: 45 MTS
- Succion maxima: 9,5 MTS
- Conexion entrada: 1''
- Conexion salida: 1''
- Temperatura de agua: 0 A 100°
- Temperatura ambiente: 4 - 55°
- Cable: 1 MTS
- Proteccion: IP65
- Clase de aislacion: H
- Garantia 2 años
- Incluye 4 Soportes de apoyo
- NO RECOMENDADO PARA USAR CON AGUA CALIENTE O EN SALIDA DE CALEFONES / TERMOTANQUES";387.820,00;1
Lusqtoff;LLP-250;Bomba sumergible 250w - 3 en 1 - Lusqtoff LLP-250 ;Jardin y agro_Riego;"Función 3 en 1
Succión Máxima
Aguas Limpias
Aguas Sucias";79.660,00;1
Lusqtoff;LLP-900;Bomba sumergible 900w - 10m - Lusqtoff LLP-900 ;Jardin y agro_Riego;"Aplicaciones:
Drenaje de Aguas Limpias.
Vaciado por Inundaciones.
Vaciado de Depósitos.";150.935,00;3
Lusqtoff;LSP-750;Bomba sumergible plástica 750w - Lusqtoff LSP-750 ;Jardin y agro_Riego;;104.816,00;13
Lusqtoff;LLP-400;BOMBA SUMERGIBLE PLÁSTICA AGUA L ;Jardin y agro_Riego;;66.749,00;2
Lusqtoff;LSP-400;BOMBAS SUMERGIBLES 3 EN 1 ;Jardin y agro_Riego;;94.334,00;2
Lusqtoff;BOML18-9;Bombilla de 18cm - Lusqtoff  BOML18-9 ;Hogar_Termos y mates;;4.716,00;33
Lusqtoff;RK300R18;Boquilla 515 para K300 ;Accesorios;;26.204,00;5
Lusqtoff;RK300R19;Boquilla 517 para K300 ;Accesorios;;26.204,00;5
Lusqtoff;RLA1500MMR28;BOQUILLA ACCESORIO ;Repuestos;LA-1500M;3.668,00;4
Lusqtoff;BL18-8B;BORDEADORA A BATERIA ;Jardin y agro_Desmalezado;"- Tensión: 18 V
- Velocidad: 8000 RPM
 - Tanza: 1.6 mm.
- Nivel de ruido: 88 dB
- Diámetro de corte: 25/30 cm.
- Manillar ajustable
- Barra extensible de aluminio
- Cabezal móvil regulable
- Corte canteador con rueda
- Peso: 2.2 kg.";88.045,00;1
Lusqtoff;BL1200-8;Bordeadora de Cesped 1200w - Lusqtoff BL1200-8 ;Jardin y agro_Desmalezado;"- Tensión: 220V / 50 Hz
- Potencia: 1200 W
- Velocidad sin carga: 8,500 RPM
- Diámetro de corte: 37 cm
- Medida de la cuchilla: 255mm
- Peso: 6.4 kg
- Otras funciones: arranque suave, protección anti-impacto, doble gatillo de seguridad, empuñadura auxiliar en doble posición, ancho de corte de 330 mm

- Incluye:
- - Cuchilla de 255 mm
- - Carretel para tanza de 1.6 mm
- - Juego de llaves para ajuste de cuchilla
- - Correa arnés";205.439,00;3
Lusqtoff;BL600-8;Bordeadora de Cesped 600W -  Lusqtoff BL600-8 ;Jardin y agro_Desmalezado;"- Potencia: 600 W
- Velocidad del motor: 9,300 rpm
- Diámetro de corte: 1.6 mm
- Tipo de alimentación: Corriente eléctrica
- Sistema De Alimentación De Tanza: Automático
- Peso: 4.1 kg";86.148,00;26
Lusqtoff;BL1000-8;Bordeadora Electrica 1000w - Lusqtoff BL1000-8 ;Jardin y agro_Desmalezado;"Potencia: 1000 w
Diámetro de corte: 350 mm
Aislamiento: clase II
Diámetro del hilo de corte: hasta 2 mm
Motor en la parte superior para mayor comodidad.
Sistema de agarre ergonómico
Eje cardanico
Carrete semi automático";125.500,00;2
Lusqtoff;RIRON250R07;BORNE DE PINZAS ;Repuestos;IRON-150/IRON-180/IRON-250;7.232,00;1
Lusqtoff;RIRON300R08;BORNERAS IRON-300 ;Repuestos;IRON-300;4.716,00;6
Lusqtoff;LOD606;Botella Termica 750 ML Acero Inoxidable 18/8 Color Camuflado - Outdoor ;Hogar_Termos y mates;;20.963,00;17
Lusqtoff;BOTL750-8B;BOTELLA TERMICA 750 ML BLANCO ;Hogar_Termos y mates;;20.963,00;4
Lusqtoff;RL820R19;BOTON DE BLOQUEO P/ L-820 ;Repuestos;;524;7
Lusqtoff;RAML8508NR20;Boton de Traba para AML/850 ;Repuestos;;524;5
Lusqtoff;DFL9-8;BOYA DOSIFICADORA DE CLORO 9 PULGADAS ;Hogar_Piletas;;4.192,00;19
Lusqtoff;J19LM;Bujia para motores de 4 tiempos - Lusqtoff J19LM ;Repuestos;"- Para Cortadoras de Pasto, Motobomba, Generador
- Universal Motores 4 Tiempos
- Hecho en China";3.626,00;40
Lusqtoff;RGC509040R24;BUMPER ;Repuestos;GC9040-50;786;2
Lusqtoff;RHL150R20;BY PASS HL-150 ;Repuestos;HL-150;2.096,00;9
Lusqtoff;RHL11091R05;By Pass para Hidrolavadora de Alta Presion ;Repuestos;;9.433,00;5
Lusqtoff;SAL3TON-7;Caballete Soporte Tripode Auto 3 Toneladas - Lusqtoff Sal3ton-7 ;Accesorios;- Capacidad: 3;49.774,00;2
Lusqtoff;DE001.067;Cabezal automatio para desmalezadora - Lusqtoff DE001.067 ;Repuestos;;10.481,00;3
Lusqtoff;RLC30100R46;CABEZAL COMPRESOR 3 HP ;Repuestos;LC-30100/LC-30200/LC-30150;236.884,00;2
Lusqtoff;DE001.066;CABEZAL MANUAL PARA DESMALEZADORA ;Accesorios;;7.861,00;2
Lusqtoff;DE001.065;CABEZAL MANUAL PARA DESMALEZADORA ;Accesorios;;11.529,00;14
Lusqtoff;RRCL2608R8;Cable de Señal de la Estacion de Carga para RCL260-8 ;Repuestos;;5.031,00;1
Lusqtoff;RRCL2608R5;Cable de Señal para RCL260-8 ;Repuestos;;5.240,00;1
Lusqtoff;LQ-EX010;Cafetera Espresso Multicapsula - Lusqtoff ;Hogar_Pequeños electrodomesticos;#¿NOMBRE?;233.526,00;5
Lusqtoff;LQ-EX008;Cafetera Espresso Multicapsula Cream - Lusqtoff ;Hogar_Pequeños electrodomesticos;#¿NOMBRE?;196.020,00;3
Lusqtoff;LQE6013-250;Caja de electrodos 6013 2,5mm x 25kg - Lusqtoff LQ6013-250 ;Consumibles;Codigo anterior: LQ6013-250;125.779,00;2
Lusqtoff;RTPL7108R07;CAJA DE ENGRANAJE ;Repuestos;TPL710-8;3.018,00;1
Lusqtoff;RAML8508NR18;Caja de Engranaje 32 Dientes ;Repuestos;;2.882,00;1
Lusqtoff;RRML8507R51;CAJA DE ENGRANAJE P/RML850-7 ;Repuestos;RML850-7;4.192,00;1
Lusqtoff;RATL189BR05;Caja de engranaje para ATL18-9B ;Repuestos;;17.818,00;7
Lusqtoff;RSTFS55R11;Caja de engranaje para FS55 ;Repuestos;;45.070,00;1
Lusqtoff;RFS220R22;Caja de Engranajes p/ FS160/220/280 ;Repuestos;;42.974,00;2
Lusqtoff;RTIL809BKR4;Caja de Engranajes para TIL80-9BK ;Repuestos;;48.215,00;19
Lusqtoff;L4950;Caja De Herramienta Completa ;Herramientas manuales_Sets de herramientas;;65.557,00;1
Lusqtoff;LQCP125;CAJA DE HERRAMIENTAS PLEGABLE 64 PCS ;Herramientas manuales_Sets de herramientas;;229.452,00;1
Lusqtoff;RATL188BR05;CAJA DE IMPACTO ;Repuestos;TAL18-8;17.818,00;2
Lusqtoff;RLDPRO52R44;CAJA ENGRANAJE COMPLETA 7 ESTRIAS 26MM 33/43/52 CC ;Repuestos;LD-52PRO;19.915,00;2
Lusqtoff;RLD52R38;CAJA ENGRANAJE COMPLETA 9 ESTRIAS 26MM 33/43/52 CC ;Repuestos;LD-52/PRO-52/LD-52PRO;40.878,00;2
Lusqtoff;CFL230-8;CAJA FUERTE 230 MM ;Seguridad industrial_Candados;"- Forjada en acero de primera calidad.
- Fácil de instalar.
- Ideal para hogares y Negocios.
- Espesor aproximado 1,5 mm cuerpo y 3 mm puerta
- Cuerpo y puerta de Acero forjado de alta resistencia
- Código de apertura programable
- Alarma de Código erróneo
- Bloqueo progresivo de seguridad luego cada intento erróneo
- Indicador de batería baja
- Función de desbloqueo manual mediante llave.
- Incluye Manual en español, Llave (2), Tornillos para fijación.
- Ideal para: Joyas, billetes y pequeños valores.";49.128,00;1
Lusqtoff;CFL350-8;Caja fuerte de seguridad digital 35cm - Lusqtoff Cfl350-8 ;Seguridad industrial_Candados;"- Códigos de usuario: Configurarlo por usuario
- Tipo de bloqueo: Teclado con contraseña - bloqueo de teclas
- Bloque automático de seguridad
- Advertencia de batería baja
- Tratamiento superficial: Recubrimiento en polvo
- Espesor de la puerta: 3mm
- Espesor del cuerpo: 1.5mm
- Fuente de alimentación: Baterías 4AA (NO ESTAN INCLUIDAS)
- Estante interno: con 1 balda
- Sistema de auto-bloqueo después de 3 ingresos erróneos.
- Llave de emergencia
- Medidas externas: 31 x 41 x 31 cm
- Peso: 6kg";52.408,00;14
Lusqtoff;L8130;Caja Herramientas 23'' con Ruedas y Mango Telescopico ;Almacenamiento_Cajas de herramientas;;133.164,00;3
Lusqtoff;L8100;Caja para Herramientas 14'' Cierre Metalico ;Almacenamiento_Cajas de herramientas;;16.389,00;6
Lusqtoff;L8102;Caja para Herramientas 17'' Cierre Metalico ;Almacenamiento_Cajas de herramientas;;23.559,00;1
Lusqtoff;L8104;Caja para Herramientas 19'' Cierre Metalico ;Almacenamiento_Cajas de herramientas;;29.705,00;1
Lusqtoff;LQCH50-9X;Cajón portaherramientas 50 kg - Lusqtoff LQCH50-9 ;Almacenamiento_Cajas de herramientas;;146.635,00;1
Lusqtoff;LQCH70-9X;Cajón portaherramientas 70 kg - Lusqtoff LQCH70-9 ;Almacenamiento_Cajas de herramientas;;142.114,00;1
Lusqtoff;HTBGA-15A;Calefactor cañón a gas envasado 15KW - Lusqtoff HTBGA-15A ;Hogar_Climatizacion;"- Calorías: 13000 cal
- Combustible: gas
- Consumo: 1,09 KG/H
- Presión de la bomba: 0.7 BAR
- Radio de calefacción: 250 m3/H
- Color: negro
- Encendido y Propulsión Eléctrica, presenta conexión a 220 volts.
- Alto: 39 cm
- Ancho: 21,5 cm
- Profundidad: 29 cm
- Peso bruto: 4,4 kg";199.150,00;2
Lusqtoff;HTBGO-30A;Calefactor Cañon Kerosene 26.000 KCAL ;Hogar_Climatizacion;"- Combustible: kerosene / gasoil
- Calorías: 26.000 Kcal.
- Salida: 30 Kw
- Consumo: 2,8 lts/h.
- Capacidad de tanque: 38 lts.
- Salida de aire: 720 m3/h.
- Color: negro
- Presión de la bomba: 33 Kpa / 4.8 Psi
- Tensión: 220-240 / 50
- Ventilación: forzada
- Incluye: termostato digital, ruedas y manija
";712.750,00;1
Lusqtoff;JK-1008N;Calefactor Exterior Estufa Hongo sin base - Lusqtoff Jk1008bn ;Hogar_Climatizacion;;314.448,00;2
Lusqtoff;HTBGA-50A;CALEFACTOR IND. CAÑON GAS 50KW ;Hogar_Climatizacion;;335.412,00;1
Lusqtoff;LQE-CAM.BAT-3MP;Camara con Bateria 3MP ;Hogar_Iluminacion;"* Tipo: cámara de seguridad WiFi con batería recargable
* Resolución: 3 MP
* Uso: interior y exterior
* Ángulo de visión: 100°
* Visión nocturna: a color
* Detección: sensor de movimiento (alertas ante actividad)";99.928,00;4
Lusqtoff;LQE-CAM.DOB-4MP;Camara Doble 4MP+4MP ;Hogar_Iluminacion;Cámara Doble Lente 4MP Lusqtoff. -Alimentación: 12V 2A. -Campo visual: Panorámica 355° / 90°. -Zoom: NO. -Almac. y cap.: MicroSD hasta 256GB / NUBE. -Temperatura de trabajo: -10°C / 55°C. -Medidas: 92 x 173mm. -Seguimiento automático. -Visión nocturna a color. -WiFi 2.4G. Bluetooth.;93.800,00;4
Lusqtoff;LQE-CAM.SOL-3MP;Camara Exterior 3MP ;Hogar_Iluminacion;Cámara Exterior Lusqtoff 3MP con Panel Solar y Visión Nocturna (Color). Ideal para hogar o negocio: brinda imagen nítida de día y de noche, con monitoreo remoto por Wi-Fi y alertas en tiempo real por detección de movimiento. Diseño tipo domo para instalación en pared o techo. Resistente al agua y apta para exteriores (temperatura de trabajo: 10 °C a 55 °C). Amplio ángulo de visión: 270° horizontal y 90° vertical. Panel solar para funcionamiento continuo sin depender de cambios de batería.;114.454,00;2
Lusqtoff;LQE-CAM.INT2-3MP;Camara Interior 3MP ;Hogar_Iluminacion;Cámara de interior 3MP lusqtoff. -Alimentación: 5V DC por USB tipo-C. -Campo visual: 87° / 43° / 104°. -Zoom: NO. -Almac. y cap.: MicroSD hasta 256GB / NUBE. -Temperatura de trabajo: -10°C / 55°C. -Medidas (abierto): 80 x 118mm. -Seguimiento automático. -Visión nocturna blanco y negro. -WiFi 2.4G. Bluetooth.;49.422,00;4
Lusqtoff;LQE-CAM.INT1-3MP;Camara Interior 3MP ;Hogar_Iluminacion;"- Modelo LQE-CAM.INT1-3MP
- Alimentacion 5V DC por USB Tipo-C
- Campo visual 87° / 43° / 104°
- Zoom NO
- Almacenamiento y Capacidad: MicroSd hasta 256GB / NUBE
- Temp. de trabajo: -10 °C TO 55 °C
- Seguimiento automatico 
- WiFi 2.4G BT
- Alimentacion por USB-C
- Vision nocturna a color
- NO INCLUYE conector USB a 220V
- Garantia 2 años";43.407,00;4
Lusqtoff;LCA-40;CAMILLA PARA MECÁNICO LQ ;Herramientas neumaticas_Taller;;75.467,00;8
Lusqtoff;RGS4500R56;CAMPANA DE EMPRAGUE MOTOSIERRA GS4500/GS5200 ;Repuestos;GS-4500/GS-5200;6.288,00;1
Lusqtoff;LOD007;Canasta Termica 38 Litros Outdoor ;Almacenamiento_Bolsos y mochilas;"- Bolsillos de guardado
- 4 Horas de conservacion de temperatura
- Capacidad 38 litros
- Manija de facil traslado
- Material exterior tela
- Peso 750g
- Garantia 6 meses";33.541,00;1
Lusqtoff;CAP330UF400V;CAPACITOR 330UF/400V ;Repuestos;IRON-150/ IRON-180/IRON-250/IRON-300;12.053,00;6
Lusqtoff;RLC40100R50;CAPACITOR COMPRESOR DE 35UF 4HP ;Repuestos;LC-40100/LC-3550B;13.626,00;1
Lusqtoff;RLC2550BR08;CAPACITOR LC-2025/2550 ;Repuestos;LC-2550B;15.722,00;4
Lusqtoff;RLPS1585ZR17;CAPACITOR PARA BOMBA PRESURIZADORA 8,5 ;Repuestos;LPS15-8.5Z;3.144,00;1
Lusqtoff;RLMB30R63;CARACOL MOTOBOMBA 3'' ;Repuestos;LMB-30;21.696,00;2
Lusqtoff;RLOL2608R16;CARBON ;Repuestos;LOL260-8;2.096,00;3
Lusqtoff;RLBL32008R06;CARBON ;Repuestos;LBL320-8;1.886,00;3
Lusqtoff;RLBL8107R29;Carbon para Lijadora de Banda LBL810-7 ;Repuestos;LBL810-7;2.410,00;9
Lusqtoff;RMDL15009R55;Carbon para Martillo Demoledor 1500W ;Repuestos;;5.240,00;6
Lusqtoff;RGPBS27R64;Carbon para martillo demoledor exagonal ;Repuestos;;11.529,00;2
Lusqtoff;RSML20008R32;Carbon para SML2000-8 ;Repuestos;;2.096,00;8
Lusqtoff;RAML10108R39;Carbon x1 P/AML1010-8 ;Repuestos;AML1010-8;1.048,00;9
Lusqtoff;RAML22008R39;Carbon x1 P/AML2200-8 ;Repuestos;AML2200-8;3.144,00;4
Lusqtoff;RATL7108R29;Carbon x1 P/ATL710-8 ;Repuestos;ATL710-8;1.048,00;11
Lusqtoff;RCEL10509R28;Carbon x1 P/CEL 1050-9 ;Repuestos;CEL1050-9;1.886,00;11
Lusqtoff;RCEL6208R18;Carbon x1 P/CEL620-8 ;Repuestos;CEL620-8;2.096,00;10
Lusqtoff;RCM14R21;Carbon x1 P/CM-14 ;Repuestos;;4.192,00;11
Lusqtoff;RCM14BR08;Carbon x1 P/CM-14B ;Repuestos;CM-14B;4.716,00;10
Lusqtoff;RCSL15008R05;Carbon x1 P/CSL1500-8 ;Repuestos;CSL1500-8;2.096,00;3
Lusqtoff;RCSL22008R12;Carbon x1 P/CSL2200-8 ;Repuestos;CSL220-8;4.192,00;2
Lusqtoff;RFRL14009R84;Carbon x1 P/FRL1400-9 ;Repuestos;FRL1400-9;2.410,00;2
Lusqtoff;RGP810R52;Carbon x1 P/GP-810 ;Repuestos;LQ810 / GP810;2.096,00;14
Lusqtoff;RLIL9008R40;Carbon x1 P/LIL900-8 ;Repuestos;LIL900-8;524;8
Lusqtoff;RLJL13008R36;Carbon x1 P/LJL1300-8 ;Repuestos;LJL1300-8;1.048,00;11
Lusqtoff;RLQI1650R05;Carbon x1 P/LQI-1650 ;Repuestos;;4.716,00;3
Lusqtoff;RLQMH550R03;Carbon x1 P/LQMH550 Maq. Multiuso ;Repuestos;;1.572,00;10
Lusqtoff;RRECL7108R11;Carbon x1 P/RECL710-8 ;Repuestos;RECL710-8;2.620,00;9
Lusqtoff;RRML15008R84;Carbon x1 P/RML1500-8 ;Repuestos;;2.096,00;10
Lusqtoff;RML8509R79;Carbon x1 P/RML850-9 ;Repuestos;ML850;1.048,00;10
Lusqtoff;RSAL6008R22;Carbon x1 P/SAL600-8 ;Repuestos;SAL600-8;786;6
Lusqtoff;RSCL4507R45;Carbon x1 P/SCL450-7 ;Repuestos;SCL450-7;2.096,00;6
Lusqtoff;RSCL7108R64;Carbon x1 P/SCL710-8 ;Repuestos;SCR710-8;2.410,00;7
Lusqtoff;RTAL3008R09;Carbon x1 P/TAL300-8 ;Repuestos;TAL300-8;2.096,00;9
Lusqtoff;RTAL4509R21;Carbon x1 P/TAL450-9 ;Repuestos;TAL4509;1.048,00;6
Lusqtoff;RTPL6008R23;Carbon x1 P/TPL600-8 ;Repuestos;TPL600-8;2.096,00;13
Lusqtoff;RTPL7108R18;Carbon x1 P/TPL710-8 ;Repuestos;TPL710-8;2.620,00;8
Lusqtoff;RGP65BR40;CARBONES ;Repuestos;GP65;7.232,00;1
Lusqtoff;RMDL17509R65;Carbones p/ MLD1750-9 ;Repuestos;;2.096,00;6
Lusqtoff;RMDL20009R59;Carbones p/MDL200-9 ;Repuestos;;1.572,00;6
Lusqtoff;RAML8508R33;Carbones para AML850 ;Repuestos;AML850;2.096,00;1
Lusqtoff;RMS250R21;Carburador  para ST230/ST250 ;Repuestos;;24.107,00;2
Lusqtoff;RLD52R05;CARBURADOR 43/52 CC ;Repuestos;LD-52/PRO-52/LD-52PRO;23.059,00;2
Lusqtoff;RLG7500EXR60;CARBURADOR COMPLETO GENERADOR 13/15 HP CON ELECTROVALVULA ;Repuestos;;62.889,00;4
Lusqtoff;RLG2500R12;CARBURADOR COMPLETO GENERADOR 5,5/6,5 HP ;Repuestos;;35.637,00;4
Lusqtoff;RLM160R24;Carburador completo motor motobomba ;Repuestos;;23.059,00;5
Lusqtoff;RLM390R24;CARBURADOR COMPLETO MOTOR MOTOBOMBA 13/15 HP ;Repuestos;LM-390 / LM-420;72.323,00;9
Lusqtoff;RGS2500R38;CARBURADOR DE 25 CM3 ;Repuestos;GS-2500;29.348,00;1
Lusqtoff;RLD364R34;CARBURADOR PARA DESMALEZADORA LD36-4 ;Repuestos;LD36-4;20.124,00;9
Lusqtoff;RLD389RF01;Carburador para LD38-9 ;Repuestos;;34.589,00;4
Lusqtoff;RPROM52R60;Carburador para motosierra prom-52 ;Repuestos;;13.259,00;7
Lusqtoff;RMS172R08;Carburador para MS162/172 ;Repuestos;;41.926,00;3
Lusqtoff;RMS381R20;Carburador para MS381 ;Repuestos;;18.866,00;5
Lusqtoff;RSTFS450R09;Carburador para ST-FR400/450/480 ;Repuestos;;45.070,00;2
Lusqtoff;RLPS1585ZR18;CARCASA DE PLASTICO LPS15-8.5Z ;Repuestos;LPS15-8.5Z;8.385,00;5
Lusqtoff;RIRON250R01;CARCAZA DELANTERA IRON-250 ;Repuestos;IRON-150/IRON-180/IRON-250;2.096,00;2
Lusqtoff;RLC2550BR29;CARCAZA PLASTICA B ;Repuestos;LC-2550B;17.818,00;1
Lusqtoff;RSTFS55R26;Cardan para FS55 ;Repuestos;;31.444,00;2
Lusqtoff;RATL188BR17;CARGADOR ;Repuestos;ATL18-8B;20.963,00;1
Lusqtoff;LCC-180;Cargador arrancador de batería -12/24v - 180amp - Lusqtoff LCC180 ;Herramientas electricas_Arrancadores y cargadores;"- Entrada: 220V 50Hz
- Salida: 12/24 V
- Potencia máxima en carga: 1Kw
- Potencia máxima en arranque: 6,4 Kw
- Cargador: 30 Amp
- Corriente de arranque: 180 Amp
- Capacidad de batería: 50-500 Ah
- Con Protección Térmica.
- Peso: 14,7 Kg
- Origen: China";366.856,00;1
Lusqtoff;LCC-1000;CARGADOR ARRANCADOR DE BATERIA CON CONTROL REMOTO ;Herramientas electricas_Arrancadores y cargadores;"? Voltaje: 220 V - 50 Hz.
? Potencia: 2500 W
? Máx. voltaje de salida: 76 V
? Salida: cargador 6Vcc/ 5A/10A /45A - 12Vcc/lOA/45A/70A 24Vcc/ 10A/45A/60A arrancador /l2Vcc / 24Vcc 750A
? Para arranque: (l2VCD/24VCD) 70AS-1Ss ON· 240s OFF'' PEAK 1000A
? Voltaje de arranque: >1V
? Tipo de carga: 10 pasos, ciclo de carga completamente automático
? Protección: IP20
? Baterías recomendadas: Todos los tipos 6V Lead-acid y 12V Lead-acid & 12V lithium Ion
Baterías (LiFePO4 de 4 Celdas) y 24V Lead-acid
? Capacidad de batería: 15-550ah (6V) / 15-750ah (12V) 15-550ah (24V)
? 3 años de garantía";1.173.942,00;1
Lusqtoff;LCT-4000;CARGADOR BATERIA SMART ;Herramientas electricas_Arrancadores y cargadores;;83.853,00;2
Lusqtoff;LCR-40;Cargador de bateria 40a - Lusqtoff LCR-40 ;Herramientas electricas_Arrancadores y cargadores;;209.632,00;3
Lusqtoff;LCC-45;Cargador de bateria de auto - 120 amp 12v 24v - Lusqtoff  LCC-45 ;Herramientas electricas_Arrancadores y cargadores;"- Entrada: 220V 50Hz
- Salida: 12/24 V
- Cargador: 20 Amp
- Capacidad de batería: 120/300 Ah
- Peso: 9,7 Kg
- Cargador de batería portátil monofásico para cargar baterías de ácido plomo de 12/24 v
- Protegido contra sobrecarga y la inversión de polaridad
";209.632,00;2
Lusqtoff;LCBH-120;Cargador de Bateria para Herramientas Inalambricas - ECO LINE - Lusqtoff LCML750-9 ;Herramientas electricas_Arrancadores y cargadores;"- Potencia: 120W
- Entrada: 220-240V - 50-60hz
- Salida: 40V - 3AH
- Amperaje de carga: 3.0 AH
- Indicador led
- Garantia 6 meses";75.467,00;12
Lusqtoff;LCT-7000;CARGADOR DE BATERIA SMART 220V/ ;Herramientas electricas_Arrancadores y cargadores;;73.371,00;2
Lusqtoff;LCT-2000;Cargador de bateria smart 220V/5 - Lusqtoff LCT-2000 ;Herramientas electricas_Arrancadores y cargadores;"- SEGURIDAD: Protege contra polaridad reversa, chispas, sobrecarga, sobre corriente, circuitos abiertos y cerrados, sobrecalentamiento.
- MEMORIA: Regresa al ultimo movimiento cuando se reinicia.
- ENERGÍA: Minimiza el consumo de energía cuando el aparato no lo necesita.
- DIAGNOSTICO: Intuitivo para detectar la reserva de polaridad, bajo voltaje o daños de batería.
- FIREWALL: Barrera de seguridad para prevenir condiciones inseguras.

- ESPECIFICACIONES:
- Artículo LCT-2000.
- Entrada: 220v - 240v / 50Hz - 60Hz.
- Eficiencia: Sobre 85%.
- Energía Máx: 35 W.
- Corriente de Carga: 2A (12V) 1A(12V).
- Capacidad: 2-60Ah (12V) Mantenimiento 12V plomo-ácido.
- Dimensiones: 15,5 x 7 x 4 cm.
- Peso: 600 gramos.
- Aislamiento: IP54 .
- ULTRASMART.

- ACCESORIOS INCLUIDOS:
- Cable con pinzas.
- Cable con terminales anillo.";73.371,00;15
Lusqtoff;RATL189BR17;CARGADOR P/ATL18-9B ;Repuestos;ATL18-9B;12.577,00;8
Lusqtoff;PB-100;CARGADOR/ARRANCADOR DE BATERIA M ;Herramientas electricas_Arrancadores y cargadores;;104.816,00;3
Lusqtoff;PI-300;CARGADOR/ARRANCADOR DE BATERIA M ;Herramientas electricas_Arrancadores y cargadores;;136.261,00;1
Lusqtoff;CNFL2-8;CARPA IPANEMAPARA 2 PERSONAS - PLAYA ;Hogar_Jardin;"-Medidas: 145 x 110 x 105 cm.
- Tela exterior: Poliéster 100% 500T con recubrimiento PU
- Tela interior: Poliéster respirable 100% 190T
- Ventanas: 2 (con mosquitero)
- Piso: 110 grs. PE
- Faldón: no
- Costuras: termoselladas
- Incluye bolsa de transporte y 3 estacas
- Varillas: fibra de vidrio
- Color: naranja
- Peso: 0,8 kg.";39.830,00;1
Lusqtoff;DE001.064;CARRETEL MANUAL PARA DESMALEZADORA M12*1.5Compatible Sthil ;Accesorios;;12.577,00;26
Lusqtoff;RBL10008R23;Carretel Porta Tanza para BL1000 - Lusqtoff RBL10008R23 ;Repuestos;"- Repuesto para bordeadoras Lusqtoff, modelo BL1000
- Incluye tanza
- Tipo Semi Automático
- Material Resistente";24.107,00;20
Lusqtoff;LCF102STB;Carretel porta tanza simil stihl ;Accesorios;Tanza de 1.5 a 3mm rosca M12x1.5mm compatible con stihl modelo fs 160/220/280;9.957,00;7
Lusqtoff;LQC-250;CARRO MULTIFUNCION CARGA V/H HAS ;Construccion_Carga;;105.292,00;2
Lusqtoff;GHL253-8;CARRO PARA HERRAMIENTAS 7 CAJONES CON 253 PZAS ;Almacenamiento_Cajas de herramientas;"BANDEJA 1
? 6 Destornilladores punta plana de acero al carbono, medidas: 3x75, 4x100, 5x100, 6x38, 6x150, 8x200
? 6 Destornilladores philips: PH2*38, PHO*75,PH1*100,PH2*100, PH2*150, PH3*200
? 6 Destornilladores dieléctricos de
acero al carbono, medidas: 3*75,4*100,5.5*125, PHO*75, PH1*100,PH2*100
? 1 Llave hexagonal (CVR) T40,T30,T27,T25,T20,T15,T10
? 1 Busca polo

BANDEJA 2
? 1 Llave crique de acero al carbono de 1?4
? 1 Junta de acero al carbono de 1?4
? 1 Barra de acero al carbono 5?
? 2 Barras de extensión de acero al carbono 2? + 4? de 1?4
? 1 Manija T de acero al carbono de 1?4
? 1 Mango giratorio de acero al carbono de 1?4
? 13 Tubos de acero al carbono de 1?2,
medidas 10-12-13-14-15-16-17-18-19-20-21-22-24
? 13 Tubos de acero al carbono de 1?4,
medidas: 4-4.5-5-5.5-6-7-8-9-10-11-12-13-14 mm
? 2 Alargadores de acero al carbono de 1?2
? 1 Crique de acero al carbono de 1?2 con 72 dientes
? 1 Adaptador T de acero al carbono
? 1 Martillo de chapista de acero al carbono
? 1 Martillo goma

BANDEJA 3
? 1 Alicate combinado de acero al carbono 6?
? 1 Alicate diagonal de acero al carbono de 6?
? 1 Alicate de punta larga de acero al carbono de 6?
? 4 Alicates para arandelas de acero al carbono 7?
? 1 Crimpadora
? 160 Terminales mixtos

BANDEJA 4
? 6 Llaves Allen mango T, medidas: 2.5*100mm, 3*100mm, 4*150mm, 5*150mm, 6*150mm, 2*100mm
? 12 Llaves combinadas de acero al carbono

INCLUYE
? Traba de seguridad.
? 4 ruedas.
? Cierre con llave.";809.229,00;1
Lusqtoff;CMPL80-7;Carro Plegable Multiuso Outdoor ;Accesorios;"- Carga maxima 80 kg
- Material tela impermeable
- Armazon hierro
- Espacio de carga 84x47x28 cm
- Tamaño plegado 78x53x21 cm
- Ruedas de PVC 20x3,8 cm
- Garantia 6 meses
";91.891,00;9
Lusqtoff;L8106;Carro Porta Herramientas Metalico 3 en 1 - Lusqtoff HM ;Almacenamiento_Cajas de herramientas;"- 3 cajas:
- Superior: 15 kg. (50x24x22,5 cm.)
- Intermedia: 5 kg. (50x24x17 cm.)
- Inferior: 20 kg. (56x37x41 cm.)
- Mango telescópico de traslado
- Cerraduras y anclajes de metal
- Caja intermedia con dos bandejas
- Estructura reforzada
- Ruedas de 12,5 cm.
- Garantía: 10 años";245.841,00;2
Lusqtoff;LCHP6-8;Carro Porta Herramientas Organizador ;Almacenamiento_Cajas de herramientas;;512.170,00;2
Lusqtoff;L8034;Cartuchera Porta Herramientas Con Cinto ;Almacenamiento_Bolsos y mochilas;;24.584,00;1
Lusqtoff;LQCR-9;Caudalimetro para Regulador CO2 / Argon ;Accesorios;"- Presion 0 a 250 Kg
- Apto Argon y CO2
- Conexion de salida 9/16
- Regulable de 0 a 25 L/MIN
- Apto para MIG/MAG/TIG";13.626,00;2
Lusqtoff;RLD52R53;CAZOLETA CON TRINQUETE DE METAL ;Repuestos;;2.096,00;3
Lusqtoff;CEL620-8;CEPILLO 620W ;Herramientas electricas_Lijado y pulido;;83.853,00;6
Lusqtoff;CEL15000-9B;Cepillo a Bateria Brushless Technology - IRON VOLT - Black Series ;Herramientas electricas_Lijado y pulido;"- Bloqueo de Seguridad
- Arranque Progresivo
- Expulsor Lateral de Viruta
- Soporte de Base Retractil
- Tensión: 18V
- Motor: Brushless
- Velocidad: n0 15000/min
- Ancho de cepillado: 82 mm
- Profundidad de cepillado: 0 a 2
- Garantía: 3 años
- INCLUYE
- 1 Guía paralela de Cepillado
- 1 Llave tubo hexagonal
- 2 Kit afilador de cuchillo";209.632,00;2
Lusqtoff;CBCL18-8;CEPILLO BARRE FONDO CURVO 18 PULGADAS ;Hogar_Piletas;;8.385,00;10
Lusqtoff;CBTL-8;Cepillo Barrefondo Triangulo ;Hogar_Piletas;;6.288,00;2
Lusqtoff;CCR100-9;CEPILLO COPA RISADO 100MM ;Accesorios;;4.716,00;3
Lusqtoff;CCR75-9;CEPILLO COPA RISADO 75MM ;Accesorios;;4.192,00;1
Lusqtoff;CEL1050-9;Cepillo eléctrico 1050w - Black Series  Lusqtoff CEL1050-9 ;Herramientas electricas_Lijado y pulido;;209.632,00;9
Lusqtoff;LQE-SM-0111;Cerradura Smart Interior / Exterior Inteligente con Reconocimiento Facial - Lusqtoff LQE-CER-CAMRF2BAT ;Hogar_Iluminacion;"- Bateria Litio 7.4V
- Red WI-FI
- Distancia control: 5 - 10m
- Capacidad 200 usuarios
- Distancia de tarjetas: 0 - 5mm
- Distancia de cuerpo: 0,6 - 1m
- 5 metodos de desbloqueo
- Energia de emergencia
- Funciones: Huella digital, contraseña temporal, panel numerico, tarjeta, llave, reconocimiento facial, camara HD y App tuya.
- Garantia 2 años";407.976,00;1
Lusqtoff;LQE-SM-0204T;Cerradura Smart Interior Inteligente - Lusqtoff LQE-CER-BASIAA ;Hogar_Iluminacion;"- Bateria 4 pilas AA
- Red WI-FI
- Distancia control 5 - 10m
- Capacidad 200 usuarios
- Distancia de tarjetas 0 - 40mm
- Material principal Acero aleado
- 4 metodos de desbloqueo
- Energia de emergencia
- Funciones: Huella digital, contraseña temporal, panel numerico, tarjeta, llave y App tuya.
- Garantia 2 años";112.114,00;1
Lusqtoff;LQE-SM-0205TC;Cerradura Smart Interior Inteligente con Camara / Reconocimiento Facial - Lusqtoff LQE-CER-CAM4AA ;Hogar_Iluminacion;"- Bateria 4 pilas AA
- Red WI-FI
- Distancia control 5 - 10m
- Capacidad 200 usuarios
- Distancia de tarjetas 0 - 40mm
- Material principal: Aluminio
- 4 metodos de desbloqueo
- Energia de emergencia
- Funciones: Huella digital, contraseña temporal, panel numerico, tarjeta, llave, camara HD, reconocimiento facial y App tuya.
- Garantia 2 años";220.958,00;2
Lusqtoff;LQE-SM-9401;Cerradura Smart Interior Inteligente con Picaporte - Lusqtoff LQE-CER-PICBTH ;Hogar_Iluminacion;"- Bateria 4 Pilas AAA
- Capacidad 300 Usuarios
- Espesor de puerta: 35 - 65 mm
- 4 Metodos de Desbloqueo
- Energia de Emergencia
- Funciones: Huella digital, contraseña, tarjeta, llave y App tuya
- Garantia 2 años


";87.295,00;2
Lusqtoff;CHE60L-8;Chipeadora Electrica Bolsa Recolectora 60L 2500W ;Jardin y agro_Maquinarias;;427.650,00;1
Lusqtoff;CHT6.5L-9;Chipeadora Trituradora 6.5Hp ;Jardin y agro_Maquinarias;;1.761.259,00;1
Lusqtoff;RLD52R25;Cigüeñal Desmalezadora ;Repuestos;;12.577,00;2
Lusqtoff;RGS4500R15;CIGUEÑAL PARA GS4500/GS5200 ;Repuestos;GS-4500/GS-5200;27.252,00;1
Lusqtoff;RGS5200R07;Cilindro P/GS5200 ;Repuestos;;18.080,00;7
Lusqtoff;RLD52R14;CILINDRO PARA DESMALEZADORAS DE 52 CC ;Repuestos;LD-52/PRO-52/LD-52PRO;17.818,00;3
Lusqtoff;L7160;Cincel De Punta ;Herramientas manuales;;9.219,00;2
Lusqtoff;CSDSP20L-9;CINCEL SDS PLUS 20 MM X 250 ;Accesorios;;3.350,00;12
Lusqtoff;L1412;Cinta Amarre con Crique 700Kg Set x 4 Unidades - Lusqtoff HM ;Herramientas manuales_Elevacion y traccion;;38.924,00;11
Lusqtoff;L1402;Cinta Amarre Criq 10M 5000Kg ;Herramientas manuales_Elevacion y traccion;;32.778,00;3
Lusqtoff;L1400;Cinta de Amarre con Crique 2000Kg - Lusqtoff HM ;Herramientas manuales_Elevacion y traccion;;16.389,00;18
Lusqtoff;L1410;Cinta de Amarre con Crique 700Kg Set x 2 Unidades - Lusqtoff HM ;Herramientas manuales_Elevacion y traccion;;20.486,00;19
Lusqtoff;ICLM358;CIRCUITO INTEGRADO LM358 ;Repuestos;IRON-100 / IRON-150/ IRON-180/IRON-250/IRON-300;524;2
Lusqtoff;ICLNK626;CIRCUITO INTEGRADO LNK626 ;Repuestos;IRON-100 / IRON-150/ IRON-180/IRON-250/IRON-300;3.144,00;4
Lusqtoff;ICSG3525A;CIRCUITO INTEGRADO SG3525A ;Repuestos;IRON-100 / IRON-150/ IRON-180/IRON-250/IRON-300;1.048,00;6
Lusqtoff;GCL5318-8;Clavadora Engrampadora 1100w 53/18 - Lusqtoff Gcl5318-8 ;Herramientas neumaticas_Engrampadoras;"- Tensión: 220V-50HZ
- Potencia: 1100 W
- Velocidad de disparo nominal: 20pcs / min
- Grampa: tipo 53
- Calibre: 18
- Peso: 1,4 Kg";62.889,00;2
Lusqtoff;CN90;Clavadora Neumatica Paletera - CN90 ;Herramientas neumaticas_Engrampadoras;"- Consumo de aire: 2,3 L por clavo
- Carga maxima: 100 unidades
- Diseño antibloqueo
- Presion de trabajo 60-100 PSI
- Longitud de clavos: 45-90 mm
- Incluye: Aceite de lubricacion / Maletin
- Garantia 2 años";382.882,00;1
Lusqtoff;CYF835;CLAVO 35 X 5000 UNIDADES ;Consumibles;;9.433,00;2
Lusqtoff;CYF820;CLAVOS 20 X 5000 UNIDADES ;Consumibles;;5.240,00;4
Lusqtoff;CYF825;CLAVOS 25 X 5000 UNIDADES ;Consumibles;;6.288,00;4
Lusqtoff;CYF830;CLAVOS 30 X 5000 UNIDADES ;Consumibles;;7.861,00;2
Lusqtoff;CYF840;CLAVOS 40 X 5000 UNIDADES ;Consumibles;;10.481,00;4
Lusqtoff;CYF850;CLAVOS 50 X 5000 UNIDADES ;Consumibles;;11.529,00;2
Lusqtoff;L7780;Clavos para Clavadora Manual 15mm ;Consumibles;;1.257,00;10
Lusqtoff;RLRL3008R09;Colector de Polvo para Lijadora Roto-Orbital ;Repuestos;LRL300-8;2.410,00;2
Lusqtoff;SD1;Combo Hidrolavadora + Aspiradora a Bateria + 2 Baterias 2.0 Ah + Cargador + Maletin - Lusqtoff SD1 ;Herramientas electricas_Limpieza;"Codigos que Componen Combo: 
- LA3.8-8B Aspiradora a Bateria 
- LAPL3,6-8BK Hidrolavadora a Bateria 
- Tensión: 18 V
- Amperaje batería: 2 Ah.
- Presión máx. suministro agua: 5 bar.
- Temperatura máx. agua: 40°C.
- Caudal máximo: 3,6 l/min.
- Presión máxima: 30 bar.
- INCLUYE
- 1 Recipiente de detergente.
- 1 Manguera.
- 1 Extensión de lanza.
- 1 Boquilla pulverizadora ajustable.
- 1 Filtro de aspiración.
- 2 Baterías 2 Ah.
- 1 Cargador.
-1 Maletín de traslado

codigo de barras:
aspiradora: 7799108046777
Hidrolavadora: 7799108045596";259.965,00;4
Lusqtoff;COMBOPINZASLQ;Combo Pinzas Lusqtoff ;Herramientas manuales_Sets de herramientas;"- Contiene: 
- EXPARLQ (1)
- L4072 (12)
- L4074 (12)
- L4076 (6)
- L4078 (6)
- L4080 (3)
- L4082 (3)
- L4242 (3)
- L4244 (6)
- L4248 (2)
- L4250 (2)
- L4254 (2)
- L4260 (6)
- L4272 (12)
- L4274 (12)
- L4280 (6)
- L4282 (3)
- L4284 (6)
- L4286 (3)
- L4300 (3)
- L4302 (3)
- L4304 (3)
- L4306 (3)
- L4310 (3)
- L4316 (3)
- L4318 (3)
- L4400 (3)
- L4402 (3)
- L4404 (3)
- L4410 (3)";1.022.444,00;2
Lusqtoff;L1000;COMPRESOMETRO KIT NAFTA ;Herramientas manuales;;34.827,00;2
Lusqtoff;L1015;COMPRESOMETRO MOTORES DIESEL KIT 19 PIEZAS ;Herramientas manuales;;77.849,00;1
Lusqtoff;LC-0122;COMPRESOR DE AIRE 24 LTS- 1 HP-1 ;Herramientas electricas_Compresores;;172.297,00;1
Lusqtoff;LC-883;COMPRESOR DE AIRE ECOLOGICO -110 ;Herramientas electricas_Compresores;"Velocidad 22500 RPM
Potencia 1.4 HP
Capacidad de succión 180L/MIN
Tensión 220 V
Presión máxima 115 PSI";47.860,00;1
Lusqtoff;LC-2550BK;Compresor Mando Directo 2.5 Hp - 50 Lts + Kit 3 Piezas - Lusqtoff LC-2550BK ;Herramientas electricas_Compresores;"- Incluye:

- Compresor de 50 Litros
- Manguera espiralada de 5 m
- Pistola para lavar con recipiente
- Pistola de pintar alta presión con recipiente
- Manual de uso";264.188,00;7
Lusqtoff;LC-2550BKP;Compresor Mando Directo 2.5 Hp - 50 Lts + Kit 3 Piezas Incluye Pelota de Regalo - Lusqtoff LC-2550BKP ;Herramientas electricas_Compresores;"- Incluye:
- Compresor de 50 Litros
- Manguera espiralada de 5 m
- Pistola para lavar con recipiente
- Pistola de pintar alta presión con recipiente
- Manual de uso";264.189,00;2
Lusqtoff;RLC0122R23;CONECTOR DE BRONCE LC-0122 ;Repuestos;LC-0122;786;10
Lusqtoff;RLRL3008R08;CONECTOR DEL COLECTOR ;Repuestos;LRL300-8;7.232,00;2
Lusqtoff;RRCL2608R15;Conexion 3M-314 para RCL260-8 ;Repuestos;;2.096,00;30
Lusqtoff;RGC509040R85;CONJ DE CUBIERTA DE GUIA CONDUCT ;Repuestos;GC9040-50;24.107,00;1
Lusqtoff;RLRL3008R12;Conjunto de Carbones para Lijadora Roto-Orbital P/LRL300-8 ;Repuestos;LRL300-8;2.096,00;9
Lusqtoff;RMTL1509R11;Conjunto de Carbones para Minitorno MTL150-9 ;Repuestos;MTL150-9;2.410,00;11
Lusqtoff;RLCO468BR05;Conjunto de Sujecion Superior para LCO46-8B ;Repuestos;;20.963,00;6
Lusqtoff;RLG15L9R17;Conmutador Trifasico ATS para LG15L-9 ;Repuestos;;303.967,00;1
Lusqtoff;RLAR101R08;CONTROL REMOTO ;Repuestos;LAR-101;24.107,00;1
Lusqtoff;RCEL150009BR24;Controlador para CEL15000-9B ;Repuestos;;52.408,00;1
Lusqtoff;RAML8508R11;CORONA HELICOIDAL ;Repuestos;AML850;9.643,00;2
Lusqtoff;RAML8509R12;Corona Helicoidal p/ AML850-9 ;Repuestos;;3.406,00;1
Lusqtoff;RAML8508NR15;Corona Helicoidal para AML850 ;Repuestos;;3.668,00;3
Lusqtoff;RTB13R01;CORREA P/TB-13 ;Repuestos;TB-13;6.288,00;8
Lusqtoff;COL28-8B;Cortacerco a Bateria 40V - Eco Line - NO INCLUYE CARGADOR NI BATERIA ;Jardin y agro_Corte y poda;"- Velocidad: 1400 RPM
- Longitud de Corte: 58cm 
- Tension: 40V 
- Max. diametro de rama: 28 mm
- Nivel de ruido: 96,00 dB
- Autonomia: 50 min
- Brushless Technology
- Garantia 2 años";324.930,00;2
Lusqtoff;COL550-8;CORTACERCO ELECTRICO 550W ;Jardin y agro_Corte y poda;;109.008,00;25
Lusqtoff;LCO46-8B;Cortadora de Cesped a Bateria 3 en 1 con Bolsa - ECO LINE - NO INCLUYE CARGADOR NI BATERIA ;Jardin y agro_Cortadoras de cesped;"- Funciones 3 en 1: Corta-Tritura y Recolecta
- Altura de corte 7 posiciones
- Capacidad de Bolsa: 55L
- Capacidad de Corte: 18'' (460mm)
- Tension: 40V
- Plataforma Metalica
- Grado de proteccion IPX4
- Autopropulsado: Si
- Funcion de refuerzo: SI
- Cortacesped inalambrico de 21''
- Nivel de ruido: 96 dB
- Autonomia: 28 min
- Brushless Technology
- Garantia 2 años";691.787,00;2
Lusqtoff;LQ500;Cortadora de Cesped a Explosión 6.5 HP ;Jardin y agro_Cortadoras de cesped;;471.673,00;2
Lusqtoff;LQ520B;Cortadora de Césped a Explosión Autopropulsada 6.5 HP 7 Posiciones de Corte (3,2 - 9,5 cm) ;Jardin y agro_Cortadoras de cesped;"? Motor: 4T RATO
? Cilindrada: 170 cc
? Capacidad de tanque de combustible: 0.8 L
? Combustible: nafta
? Aceite: 4T
? Peso: 36,9 Kg";838.530,00;1
Lusqtoff;LQ500B;Cortadora de Césped a Explosión con Bolsa 6.5 HP 7 Posiciones de Corte (2,5 - 7,5 cm) ;Jardin y agro_Cortadoras de cesped;"- Motor: 4T RATO
 - Cilindrada: 170 cc
- Capacidad de tanque de combustible: 0.8 L
- Combustible nafta
- Aceite: 4T
- Peso: 35 kg.";691.787,00;4
Lusqtoff;LCO-1640B;Cortadora de Cesped Electrica 16'' 1600W ;Jardin y agro_Cortadoras de cesped;"-Tensión: 220 V - 50 Hz
- Potencia: 1600 W
- Altura de corte: 25-35-45-55-65 mm.
- Ancho de corte: 400 mm.
- Protección: IPX4
- Ruedas: 6''
- Fuente de alimentación: eléctrica
- Capacidad de bolsa: 40 lts.
";230.595,00;2
Lusqtoff;CCOL3200-9;Cortadora de Concreto ;Construccion_Cortadoras;"? Potencia: 3200 W
? Velocidad: 3500 RPM/MIN
? Tensión: 220 V - 50 Hz
? Tamaño cuchilla: 400 mm
? Diámetro cuchilla: 25,4 mm
? Peso: 11,5 kg

INCLUYE
? Llave inglesa
? 1 disco para sierra
? 6 ruedas auxiliares";943.346,00;1
Lusqtoff;CPCL40-8;Cortadora de plasma 10mm 6200w con compresor incluido - Lusqtoff CPCL40-8 ;Herramientas electricas_Soldadoras;"- Tensión De Entrada: 1ph Ac 220 ( +/- 10%) V
- Frecuencia: 50 Hz
- Capacidad De Entrada Nominal: 6,2 Kw
- Corriente De Entrada Nominal: 28,1 A
- Ciclo De Trabajo (40 ºc %): 28 A / 88 V - 100% // 40 A / 96 V - 25%
- Tensión En Vacío: 270 V
- Rango De Trabajo De Salida: 15 / 40 A
- Eficiencia: 75 %
- Tipo De Arranque: High Arc.
- Espesor De Corte: Menor Igual A 10 Mm
- Presión De Gases 0,15 - 0,25 / 1,5 - 2,5. (mpa) (bar)
- Flujo De Gases: 250 L/min.
- Tiempo De Flujo De Post Gas: 8-10 Seg.
- Clase De Protección: Ip21s.
- Grado De Aislamiento: H.
- Norma Técnica: (iec) En 60974-1.
- Tipo De Enfriamiento: Forzado.
- Tamaño: 430 X 290 X 390mm / Peso 19 Kg.
- Origen: China.
- Garantía: 24 Meses.";650.900,00;1
Lusqtoff;INCUT-100;CORTADORA DE PLASMA PROFESIONAL ;Herramientas electricas_Corte;"? Tensión de entrada: 3 Ph AC 380 ( ± 10% V
? Frecuencia: 50 Hz
? Capacidad de entrada nominal: 11,5 Kw
? Corriente de entrada nominal: 30 A
? Ciclo de trabajo ( 40 ºC- %): 80 A / 112 V @ 100% // 100 A / 120 V @ 60%
? Tensión en vacío: 320 V
? Rango de trabajo de salida: 30/100 A
? Eficiencia: 85 %
? Tipo de arranque: ARCO PILOTO
? Espesor de corte: 40 mm
? Presión de gases: 0,4 - 0,6/ 4 ? 6 Mpa- Bar
? Flujo de gases: 220 ~ 380 l/min
? Tiempo de flujo de post gas: 8 - 10 seg
? Clase de protección: IP21S
? Grado de aislamiento: H
? Norma técnica: (IEC) EN 60974-1
? Tipo de enfriamiento: forzado
? Tamaño: 670 X 330 X 525 mm
? Peso: 28 Kg";2.295.380,00;1
Lusqtoff;INCUT-40;Cortadora de plasma profesional - 40 amp - Lusqtoff INCUT-40 ;Herramientas electricas_Soldadoras;;114.864,00;1
Lusqtoff;L4295;Cortapernos 24'' (600 mm) ;Herramientas manuales_Corte y desbaste;;30.730,00;1
Lusqtoff;L4296;Cortapernos 30'' (750 mm) ;Herramientas manuales_Corte y desbaste;;45.070,00;1
Lusqtoff;L4297;Cortapernos 36'' (900 mm) ;Herramientas manuales_Corte y desbaste;;61.460,00;1
Lusqtoff;L4298;Cortapernos 42'' (1065 mm) ;Herramientas manuales_Corte y desbaste;;86.044,00;2
Lusqtoff;LCREM-9;Crema Limpia manos 500gr ;Accesorios;;9.801,00;6
Lusqtoff;LQ-C2;CRIQUE CARRITO 2TON HIDRAULICO L ;Herramientas manuales_Elevacion y traccion;;61.261,00;31
Lusqtoff;CRL2-8;CRIQUE CARRITO EXTRA CHATO 2TN ;Herramientas manuales_Elevacion y traccion;"- Capacidad máxima de carga: 2.000 Kg
- Altura máxima: 35,6 cm
- Altura mínima: 7,6 cm
- Peso: 16,3 Kgs";356.375,00;1
Lusqtoff;LQC2-7;Crique Hidraulico 2TN ;Herramientas manuales_Taller;;57.432,00;2
Lusqtoff;LQ90203S;CRIQUET BOTELLA  2TN ;Herramientas manuales_Elevacion y traccion;;25.155,00;1
Lusqtoff;RLC2550AR16;Cubierta Carter p/LC-2550A ;Repuestos;LC-2550A;7.337,00;1
Lusqtoff;RCEL6208R35;CUCHILLA ;Repuestos;CEL620-8;6.288,00;7
Lusqtoff;L7463;Cuchillas para Cutter 18mm x 20 Piezas ;Consumibles;;4.192,00;7
Lusqtoff;RLCO468BR107;Cuchillas para LCO46-8B ;Repuestos;;16.770,00;3
Lusqtoff;L7462;Cuchillas Trapezoidales x 20 Piezas ;Herramientas manuales_Corte y desbaste;;4.192,00;10
Lusqtoff;CUL10-8;Cuchillo Flotante de Pesca 10cm - Lusqtoff CUL10-8 ;Hogar_Cuchillos;"Longitud hoja: 10 cm-
mango: 13 cm-
Espesor: 2,5 mm-
Fluorecente en el agua-
Flota en dirección vertical-
Especial para: caza-pesca-campamento";12.577,00;8
Lusqtoff;L7445;Cuchillo Mango Aislado 1000 V ;Herramientas manuales_Corte y desbaste;"- Cuchilla con aislación 1000 V
- Material de hoja: SGR13
- Mango bimaterial 99+TPR confort grip";20.486,00;2
Lusqtoff;L7456;Cutter Profesional 18mm ;Herramientas manuales_Corte y desbaste;;3.585,00;65
Lusqtoff;L7458;Cutter Retractil Profesional 150mm ;Herramientas manuales_Corte y desbaste;;8.706,00;5
Lusqtoff;LDGOM-8;DELANTAL LISO 60 x 90 SIN GOMA ;Accesorios;;1.476,00;1
Lusqtoff;LDJEAN-9;Delantal para servicios tecnicos (LDJEAN-9) ;Accesorios;;13.626,00;3
Lusqtoff;LD5500-8B;Desmalezadora a Bateria 40v ECO LINE - NO INCLUYE CARGADOR NI BATERIA ;Jardin y agro_Desmalezado;"- Selector Velocidad variable 3 posiciones 4500-5000-5500 / RPM
- Brushless Technology
- Tension: 40V
- Control tactil de velocidades
- Diametro de corte: 350mm
- Diametro max. de tanza: 2mm
- Nivel de ruido: 96 dB
- Autonomia: 20 min
- Garantia 2 años
";343.797,00;1
Lusqtoff;LD52-7;Desmalezadora naftera 52cc - 2T - Lusqtoff LD52-7 ;Jardin y agro_Desmalezado;Incluye cuchilla + Portatanza + Guarda protectora + Bidón de mezcla + Llaves de ajuste + Arnés tipo correa + Llave Allen + Sacabujías;137.837,00;54
Lusqtoff;LD38-9;Desmalezadora Naftera Profesional 38.9cc ;Jardin y agro_Desmalezado;;361.003,00;7
Lusqtoff;L6918;Destornillador Con 20 Puntas ;Herramientas manuales_Destornilladores;;6.658,00;1
Lusqtoff;L1039;DESTORNILLADOR DE IMPACTO ;Herramientas manuales;;40.973,00;1
Lusqtoff;L6929;Destornillador De Precision De 17 Piezas ;Herramientas manuales_Destornilladores;;12.292,00;12
Lusqtoff;L6930;Destornillador De Precision De 66 Piezas ;Herramientas manuales_Destornilladores;;26.632,00;10
Lusqtoff;L6602;Destornillador Phillips Ph0 - 3 X 75Mm ;Herramientas manuales_Destornilladores;;1.843,00;3
Lusqtoff;L6606;Destornillador Phillips Ph1 - 5 X 100M ;Herramientas manuales_Destornilladores;;2.048,00;3
Lusqtoff;L6630;Destornillador Phillips Ph1 - 5 X 100M Pasante ;Herramientas manuales_Destornilladores;;2.765,00;3
Lusqtoff;L6608;Destornillador Phillips Ph1 - 5 X 150 Mm ;Herramientas manuales_Destornilladores;;2.458,00;3
Lusqtoff;L6634;Destornillador Phillips Ph2 - 6 X 100M Pasante ;Herramientas manuales_Destornilladores;;3.073,00;3
Lusqtoff;L6636;Destornillador Phillips Ph2 - 6 X 150M Pasante ;Herramientas manuales_Destornilladores;;3.277,00;3
Lusqtoff;L6612;Destornillador Phillips Ph2 - 6 X 38Mm ;Herramientas manuales_Destornilladores;;2.048,00;3
Lusqtoff;L6640;Destornillador Phillips Ph3 - 8 X 200M Pasante ;Herramientas manuales_Destornilladores;;4.711,00;3
Lusqtoff;L6502;Destornillador Plano 3 x 75 mm ;Herramientas manuales_Destornilladores;;1.727,00;3
Lusqtoff;L6506;Destornillador Plano 5 X 100Mm ;Herramientas manuales_Destornilladores;;2.253,00;3
Lusqtoff;L6530;Destornillador Plano 5 X 100Mm Pasante ;Herramientas manuales_Destornilladores;;2.868,00;3
Lusqtoff;L6508;Destornillador Plano 5 X 150Mm ;Herramientas manuales_Destornilladores;;2.458,00;3
Lusqtoff;L6510;Destornillador Plano 6 X 100Mm ;Herramientas manuales_Destornilladores;;2.560,00;2
Lusqtoff;L6536;Destornillador Plano 6 X 100Mm Pasante ;Herramientas manuales_Destornilladores;;3.073,00;3
Lusqtoff;L6512;Destornillador Plano 6 X 150Mm ;Herramientas manuales_Destornilladores;;2.663,00;3
Lusqtoff;L6538;Destornillador Plano 6 X 150Mm Pasante ;Herramientas manuales_Destornilladores;;3.482,00;3
Lusqtoff;L6516;Destornillador Plano 8 X 150Mm ;Herramientas manuales_Destornilladores;;3.482,00;3
Lusqtoff;L6518;Destornillador Plano 8 X 200Mm ;Herramientas manuales_Destornilladores;;4.097,00;3
Lusqtoff;L6542;Destornillador Plano 8 X 200Mm Pasante ;Herramientas manuales_Destornilladores;;4.711,00;3
Lusqtoff;L6704;Destornillador Torx Tamper T10 X 75Mm ;Herramientas manuales_Destornilladores;;2.458,00;3
Lusqtoff;L6706;Destornillador Torx Tamper T15 X 100Mm ;Herramientas manuales_Destornilladores;;2.458,00;3
Lusqtoff;L6708;Destornillador Torx Tamper T20 X 100Mm ;Herramientas manuales_Destornilladores;;2.970,00;3
Lusqtoff;L6710;Destornillador Torx Tamper T25 X 100Mm ;Herramientas manuales_Destornilladores;;3.277,00;3
Lusqtoff;L6712;Destornillador Torx Tamper T27 X 125Mm ;Herramientas manuales_Destornilladores;;3.380,00;3
Lusqtoff;L6714;Destornillador Torx Tamper T30 X 125Mm ;Herramientas manuales_Destornilladores;;3.482,00;3
Lusqtoff;L6716;Destornillador Torx Tamper T40 X 125Mm ;Herramientas manuales_Destornilladores;;3.687,00;3
Lusqtoff;L6702;Destornillador Torx Tamper T8 X 75Mm ;Herramientas manuales_Destornilladores;;2.253,00;2
Lusqtoff;DVL1000-9;Detector de Voltaje 1000v - Black Series ;Herramientas manuales;;29.348,00;4
Lusqtoff;DMP115-9;Disco de Corte Multiproposito ;Consumibles;;5.869,00;32
Lusqtoff;DCL18016;Disco de Corte para Acero / Acero Inoxidable 180x1.6x22 - Lusqtoff DCL18016 ;Consumibles;;1.509,00;85
Lusqtoff;DMS115-9;Disco de Corte para Madera ;Consumibles;;5.240,00;38
Lusqtoff;DCL11510;Disco de Corte para Metal / Acero Inoxidable 115x1.2x22 - Lusqtoff DCL11510 ;Consumibles;;733;184
Lusqtoff;DCL11516;Disco de Corte para Metal / Acero Inoxidable 115x1.6x22 - Lusqtoff DCL11516 ;Consumibles;;796;261
Lusqtoff;DCL23019;Disco de Corte para Metal / Acero Inoxidable 230x1.9x22 - Lusqtoff DCL23019 ;Consumibles;;2.389,00;13
Lusqtoff;DVC115-9;Disco de Corte para Vidrio ;Consumibles;;5.869,00;58
Lusqtoff;DFLRG115;Disco de Fibra 115mm Removedor Grueso ;Consumibles;- 115 * 22.2 mm;5.240,00;69
Lusqtoff;DCLCM2200;DISCO DE SIERRA PARA METAL355 * 2 * 25,4 mm   72 Dientes  / Diente Carburo de tungstenoACERO 75CR1 1800 RPM - APTO CML2200-9D ;Accesorios;;251.559,00;2
Lusqtoff;DDS180-9;DISCO DIAMANTADO SEGMENTADO 180MM ;Accesorios;;14.150,00;1
Lusqtoff;LQDFLAP40;DISCO FLAP GRANO 40 ;Accesorios;;1.362,00;4
Lusqtoff;LQDFLAP60;Disco flap grano 60 Zirconio ;Accesorios;;1.362,00;3
Lusqtoff;LQDFLAP80;DISCO FLAP GRANO 80 ;Accesorios;;1.362,00;1
Lusqtoff;LF-20;DISTRIBUIDOR DE AIRE 4 VIAS ;Accesorios;;15.862,00;2
Lusqtoff;RLC2550BR41;EJE DE RUEDA COMPRESOR 25/50 LTS ;Repuestos;LC-2550B;12.053,00;10
Lusqtoff;RBL10008R22;EJE DE SALIDA P/ BL1000-8 ;Repuestos;BL1000-8;20.963,00;1
Lusqtoff;RESL20008R47;EJE DE SALIDA P/ ESL 2000-8 ;Repuestos;ESL2000-8;8.385,00;2
Lusqtoff;RAML8508NR13;Eje de Salida p/AML850 ;Repuestos;;2.096,00;2
Lusqtoff;LQ4-PACK-120M;ELECTROBOMBA SUMERGIBLE 220V-50 ;Jardin y agro_Riego;;251.559,00;1
Lusqtoff;LQ4-PACK-70;Electrobomba Sumergible para Perforaciones 2'' ;Jardin y agro_Riego;"- Voltaje: 220 V ? 50 Hz
- Potencia: 370 W ? 0,5 HP
- Caudal máximo: 15 L/min
- Altura máxima: 70 m
- Longitud del cable: 20 m
- Grado de protección: IP 68
- Diámetro de bomba: 2?
- Salida: 1/2?
- Agua Limpia
- Garantia 2 Años
- Ideal para reemplazar bombas con eyector (BOMBEADORES ANTIGUOS), molinos, riegos en general, llenado de
tanques elevados, cisternas, piscinas, bebederos en el ámbito doméstico, civil, industrial y agropecuaria.
- INCLUYE
- Pico conector
";142.550,00;1
Lusqtoff;LQE6013250M;Electrodos para soldar punta azul 6013 - 2,5mm X 1 Kg - Lusqtoff LQE6013250M ;Consumibles;"- Codigo caja: LQE6013-250
De mediana penetración, son aplicables en carpintería metálica, tareas generales de mantenimiento y soldaduras de diversas estructuras donde se deba cuidar la terminación del cordón.
Permiten una fácil remoción de escoria y generan muy poco chisporroteo.";5.031,00;42
Lusqtoff;LQE6013200M;Electrodos para soldar punta azul 6013 - 2mm X 1 Kg - LQE6013200M ;Consumibles;#¿NOMBRE?;5.600,00;27
Lusqtoff;LQE6013325M;Electrodos para soldar punta azul 6013 - 3,25mm X 1 Kg - Lusqtoff LQE6013325M ;Consumibles;Codigo de caja: LQE6013-325;4.780,00;25
Lusqtoff;ESL2000-8;Electrosierra 2000w - Lusqtoff ESL200-8 ;Jardin y agro_Corte y poda;"Potencia: 2000W
Aislamiento: Clase II
Velocidad sin carga: 5500 rpm
Velocidad de cadena: 13 m/s
Longitud de corte: 40 cm
Paso de cadena: 3/8 b.p.
Embrague de seguridad
Bloqueo de encendido
Montada sobre rulemanes tipo bolilla.
Fácil mantenimiento.";136.261,00;17
Lusqtoff;MML40-9BK;ELECTROSIERRA A BATERIA (IRON VOLT) ;Herramientas electricas_Sierras;;115.297,00;2
Lusqtoff;ML300-8B;Electrosierra a Bateria 40v 14'' - 3/8 Lp paso de Cadena - ECO LINE - NO INCLUYE CARGADOR NI BATERIA - Lusqtoff ML300-8B ;Jardin y agro_Corte y poda;"- Tension: 40V 
- Protector anti golpe con freno de cadena
- Lubricacion automatica de la espada y la cadena 
- Nivel de ruido: 96 dB
- Autonomia: 40 min
- Largo de espada: 14''
- Velocidad de la cadena: 10 m/s
- Paso de Cadena: 3/8 LP
- Longitud de Corte: 356mm
- Brushless Technology
- Lithium-ion 40
- Garantia 2 años";356.375,00;3
Lusqtoff;RGS4500R57;EMBRAGUE COMPLETO MOTOSIERRA GS4500/GS5200 ;Repuestos;GS-4500/GS-5200;14.674,00;5
Lusqtoff;REIGL47PR14;Encendedor para EIGL4-7P ;Repuestos;;3.668,00;4
Lusqtoff;LENDU4-8;ENDUIDO 4 LTS ;Consumibles;;14.150,00;1
Lusqtoff;EGL860-8;ENGALLETADORA 860W ;Herramientas electricas_Sierras;;199.150,00;1
Lusqtoff;L7740;Engrampadora Clavadora Manual Con Maletin Y Accesorios ;Herramientas manuales_Fijacion;"- Incluye:
- 500 Grampas Longitud: 8 mm / Corona: 10,6 mm / Alambre: 1,2 mm
- 500 Grampas en U Longitud: 12 mm / Corona: 6,3 mm /  Alambre: 1,2 mm
- Clavos Longitud: 10 mm / Corona: 2 mm / Alambre: 1,2 mm
- Garantia 2 años";20.486,00;4
Lusqtoff;L7730;Engrampadora Clavadora Profesional ;Herramientas manuales_Fijacion;"- Grampa Longitud: 6-14 mm / Corona: 10,6 -11,3 mm / Alambre: 1,2 mm
- Accion suave con mayor fuerza de engrapado
- Mango ergonomico
- Clavos Longitud: 14-15 mm / Corona: 2 mm / Alambre: 1,2 mm
- Garantia 2 años";30.730,00;4
Lusqtoff;L7720;Engrampadora Manual Metalica ;Herramientas manuales_Fijacion;"- Longitud de grampa: 4-8 mm
- Mango ergonomico
- Superficie cromada
- Garantia 2 años";12.292,00;11
Lusqtoff;L7722;Engrampadora Manual Metalica Profesional ;Herramientas manuales_Fijacion;"- Grampa Longitud: 6-14 mm / Corona: 10,6 -11,3 mm / Alambre: 1,2 mm
- Mango ergonomico
- Superficie cromada";22.535,00;12
Lusqtoff;RRML8507R64;ENGRANAJE CHICO P/RML850-7 ;Repuestos;RML850-7;2.096,00;1
Lusqtoff;RESL20008R68;ENGRANAJE DE CADENA P/ESL 2000-8 ;Repuestos;;6.288,00;1
Lusqtoff;RML3008BR39;Engranaje de Motor para ML300-8B ;Repuestos;;8.385,00;13
Lusqtoff;RTPL7108R10;ENGRANAJE GRANDE ;Repuestos;TPL710-8;2.620,00;2
Lusqtoff;RCSL15008R42;ENGRANAJE GRANDE ;Repuestos;CSL1500-8;7.337,00;3
Lusqtoff;RESL20008R44;ENGRANAJE GRANDE P/ ESL 2000-8 ;Repuestos;;29.348,00;2
Lusqtoff;RLQI12508R42;Engranaje para LQI1250-8 ;Repuestos;;4.716,00;1
Lusqtoff;RTPL7108R13;ENGRANAJES ESTÁTICOS DE IMPACTO ;Repuestos;TPL710-8;1.813,00;3
Lusqtoff;L1040;ENGRASADORA MANUAL DE 400 CC ;Herramientas manuales_Engrasadores;;28.681,00;4
Lusqtoff;RLAR102R02;ENTRADA DE SUCCION LAR-102 ;Repuestos;LAR-102;7.232,00;1
Lusqtoff;ESL143-74;Escalera Domestica de Aluminio 4 Escalones - Lusqtoff ESL143-74 ;Construccion_Escaleras;;86.381,00;7
Lusqtoff;ESL166-75;Escalera Domestica de Aluminio 5 Escalones ;Construccion_Escaleras;;98.161,00;4
Lusqtoff;ESL191-76;Escalera Domestica de Aluminio 6 Escalones ;Construccion_Escaleras;;121.586,00;2
Lusqtoff;L7010;ESCUADRA DE ALUMINIO 300MM ;Herramientas manuales_Fijacion;"- Incluye nivel de burbuja
- Mediciones y trazados de 90° con máx. precisión
- Garantía: 10 años";9.219,00;1
Lusqtoff;SEL18-8B;Esparcidor De Semillas A Bateria - NO INCLUYE CARGADOR NI BATERIA ;Jardin y agro_Maquinarias;"- Tension 18V
- Regulador de caudal
- Control de velocidad
- Agitador y deflector
- Deflector de control lateral
- Volumen de esparcido ajustable
- Ancho de esparcido Ajustable - 8 niveles
- Velocidad de esparcido Ajustable - 6 Niveles
- Mango de agarre Suave
- Capacidad 3.3L
- Garantia 2 años";125.779,00;3
Lusqtoff;L7152;Espatula Flexible Inoxidable 200 MM ;Herramientas manuales_Albañileria;;9.219,00;1
Lusqtoff;L7154;Espatula Flexible Inoxidable 250 MM ;Herramientas manuales_Albañileria;;11.267,00;5
Lusqtoff;L7156;Espatula Flexible Inoxidable 300 MM ;Herramientas manuales_Albañileria;;13.316,00;1
Lusqtoff;L7142;Espatula Flexible Inoxidable 60 MM ;Herramientas manuales_Albañileria;;6.146,00;2
Lusqtoff;L7144;Espatula Flexible Inoxidable 70 MM ;Herramientas manuales_Albañileria;;6.555,00;1
Lusqtoff;L7146;Espatula Flexible Inoxidable 80 MM ;Herramientas manuales_Albañileria;;6.965,00;1
Lusqtoff;L7148;Espatula Flexible Inoxidable 90 MM ;Herramientas manuales_Albañileria;;7.784,00;1
Lusqtoff;L1019;ESPEJO TELESCÓPICO DE INSPECCION ARTICULADO ;Herramientas manuales;;4.711,00;2
Lusqtoff;L1020;ESPEJO TELESCÓPICO DE INSPECCION CON LUZ LED ;Herramientas manuales;;9.219,00;2
Lusqtoff;EEPL500;Espuma de Poliuretano Expandido 500 ML ;Accesorios;"- Incluye adaptador pistola 
- Adherible sobre: Hormigon - Madera - Metal - Yeso - Cemento
- Tiempo de secado 10-15min
- Tiempo para cortar 40-46min
- Resistencia a la temperatura -30 a 80°C
- Aisla - Fija - Sella - Rellena
- Rellena multiples tipos de cavidades
- Provee aislamiento a sistemas de calefacción y de aire acondicionado
- Rellena espacios entre los paneles
- Sella conexiones entre tubos
- Sella ensambles de concretos y ALC
- Aislación térmica y acústica";6.498,00;1
Lusqtoff;LESPUM-9;Espuma Limpia Manos 230ml - Lusqtoff Lespum-9 ;Accesorios;"- Para todo tipo de suciedad leve o severa
- Suaviza y protege la piel del usuario
- Remueve todo tipo de grasitudes minerales, tintas y negro de humo
- Producto de máxima seguridad
- Peso: 205 g";11.529,00;17
Lusqtoff;RRCL2608R16;Estacas de Limite para RCL260-8 ;Repuestos;;262;104
Lusqtoff;ES3L45-8;Estacion soldado lapiz simple 40w - Lusqtoff Es3l45-8 ;Herramientas electricas_Soldadoras;"- Tensión: 220 V - 50 Hz
- Rango de temperatura cautín: 200° - 400° C
- Temperatura de trabajo: 0~40° C / 32° F~104° F
- Regulador de aire
- Regulador de temperatura
- Peso: 1,58 Kg";38.288,00;11
Lusqtoff;RAML8508R29;ESTATOR ;Repuestos;AML850;26.518,00;2
Lusqtoff;RLC2550BR24;ESTATOR B ;Repuestos;LC-2550B;120.538,00;2
Lusqtoff;RLPS1585ZR03;Estator bobina original bomba presurizadora - Lusqtoff Lps15-8 ;Repuestos;LPS15-8.5Z;35.637,00;8
Lusqtoff;RLPS1585ZNR03;Estator Kexing80 para LPS15-8.5Z ;Repuestos;;35.637,00;6
Lusqtoff;RLC2025R23;ESTATOR LC-2025 ;Repuestos;LC-2025;94.334,00;1
Lusqtoff;RLC40100R21;ESTATOR LC-40100 ;Repuestos;LC-40100/LC-3550B;178.187,00;2
Lusqtoff;RMDL20009R71;Estator p/MDL200-9 ;Repuestos;;180.283,00;1
Lusqtoff;RCEL150009BR26;Estator para CEL15000-9B ;Repuestos;;50.311,00;1
Lusqtoff;RLC40100ENR41;Estator para LC-40100 ;Repuestos;;314.448,00;2
Lusqtoff;RTIL809BKR5;Estator para TIL80-9BK ;Repuestos;;60.793,00;4
Lusqtoff;RHLPA40132R03;Estator sin Carcaza p/ LPA40-13Z ;Repuestos;;30.134,00;1
Lusqtoff;L1034;ESTETOSCOPIO PARA MECÁNICO ;Herramientas manuales;;12.292,00;2
Lusqtoff;EXPARLQ;Exhibidor de Pared Lusqtoff ;Almacenamiento_Exhibidores;;153.651,00;2
Lusqtoff;RK300R16;Extension 50 cm para K300 ;Accesorios;;30.396,00;5
Lusqtoff;RK300R17;Extension 75 cm para K300 ;Accesorios;;34.589,00;5
Lusqtoff;L1030;EXTRACTOR DE CLIPS DE 6'' ;Herramientas manuales;;7.170,00;2
Lusqtoff;L1006;EXTRACTOR DE FILTRO DE ACEITE 3 GARRAS - PLANAS ;Herramientas manuales;;14.340,00;3
Lusqtoff;L1007;EXTRACTOR DE FILTROS DE ACEITE 3 GARRAS - REDONDAS ;Herramientas manuales;;16.389,00;3
Lusqtoff;LQ-JE070;Extractor de Jugo 600W - Lusqtoff ;Hogar_Pequeños electrodomesticos;#¿NOMBRE?;69.583,00;2
Lusqtoff;L1002;EXTRACTOR DE POLEAS DE 3 GARRAS - 3 PULGADAS ;Herramientas manuales;;24.584,00;3
Lusqtoff;L1005;EXTRACTOR DE RODAMIENTOS KIT 9 PIEZAS ;Herramientas manuales;;61.460,00;2
Lusqtoff;L1011;EXTRACTOR TAPONES DE CARTER 12 PIEZAS ;Herramientas manuales;;71.703,00;4
Lusqtoff;RLAR101R15;FILTRO ;Repuestos;LAR-101;4.821,00;1
Lusqtoff;RPROM52R42;Filtro aire para motosierra prom-52 ;Repuestos;;1.813,00;8
Lusqtoff;LQ-142;FILTRO DE AIRE ;Repuestos;;1.205,00;7
Lusqtoff;RLA2501MR27;FILTRO DE AIRE LA-2501M ;Repuestos;;16.246,00;5
Lusqtoff;RLC2025R03;FILTRO DE AIRE METALICO LC-2025/LC-40100 ;Repuestos;LC-2025/2550/30100/40100/40200;3.668,00;29
Lusqtoff;RLG15L9R01;Filtro de Aire p/ LG15L-9 ;Repuestos;;37.733,00;3
Lusqtoff;RSTFS55R15;Filtro de aire para FS55 ;Repuestos;;1.572,00;6
Lusqtoff;RGS4500R42;FILTRO DE AIRE PARA GS4500/GS5200 ;Repuestos;GS-4500/GS-5200;786;8
Lusqtoff;RMS381R08;Filtro de Aire para MS381 ;Repuestos;;5.764,00;6
Lusqtoff;RLC2550BR03;FILTRO DE AIRE PLASTICO B ;Repuestos;GP-2550B//2025/3550/30100/40100/40200;2.096,00;17
Lusqtoff;RFS450FL;FILTRO DE AIRE STHIL FS450 y otros ;Accesorios;;5.031,00;5
Lusqtoff;RLA1500MMR29;FILTRO DE ESPONJA ;Repuestos;LA-1500M;4.192,00;10
Lusqtoff;LQ-17;FILTRO DE NAFTA WALBRO ;Repuestos;;4.318,00;9
Lusqtoff;RK300R15;Filtro interno para K300 ;Accesorios;;3.144,00;5
Lusqtoff;LQ-07;FILTRO NAFTA DESMALEZADORA STIHL ;Repuestos;;3.144,00;8
Lusqtoff;RF12L8R18;Filtro para F12L/F16L/F20L ;Repuestos;;1.048,00;3
Lusqtoff;RLC2550BR43;FLAPPERS B ;Repuestos;LC-2550B;2.096,00;4
Lusqtoff;RLC40100R04;FLAPPERS DE LC-40100/3550B/2025 ;Repuestos;LC-40100/LC-3550B/LC-2025;1.048,00;8
Lusqtoff;RLC2025R44;FLAPPERS LC-2025/40100 ;Repuestos;LC-2025/40100;1.048,00;10
Lusqtoff;RECL710-8;Fresadora / Router 710w con 4 bases - Lusqtoff RECL710-8 ;Herramientas electricas_Sierras;"Potencia 710 W
Velocidad 10000 - 30000 RPM
Diámetro del portabrocas 6-8 mm";241.077,00;1
Lusqtoff;FRL1400-9;Fresadora eléctrica 1400w - Lusqtof FRL1400-9 ;Herramientas electricas_Sierras;;178.187,00;3
Lusqtoff;FRL3300-9B;Fresadora Router a Bateria Brushless Technology - IRON VOLT - Black Series ;Herramientas electricas_Lijado y pulido;"- Velocidad Variable
- Arranque Suave
- Regulacion en Profundidad
- Conector para Extraccion de Polvo
- Tensión: 18V
- Motor: Brushless
- Velocidad: n0 10000 ? 30000/min (rpm)
- Tamaño de pieza: 6 / 6,35 / 8mm
- Garantía: 3 años
- Incluye
- 1 Guía de corte
- 2 llaves 10mm y 17mm
- 1 Guia paralela
- 1 Llave alem
- 1 Llave de ajuste lateral
- 1 Acople para aspiración";272.522,00;2
Lusqtoff;LJ-F40;Fumigador a explosion 40 cc 26L 1.6hp Mochila -Lusqtoff Lj-f40 ;Jardin y agro_Atomizacion;;277.589,00;1
Lusqtoff;L1055;Funda Protectora Magnetica 120cm x 100cm ;Accesorios;;30.730,00;4
Lusqtoff;L1054;Funda Protectora Magnetica 79cm x 59cm ;Accesorios;;16.389,00;4
Lusqtoff;RLG75L9ER04;Fusible Ro 15 Ceramico de 10* 38 para LG7500 ;Repuestos;;524;20
Lusqtoff;GML12-9;Gabinete Organizador Desmontable 2 en 1 Racing - Lusqtoff GML12-9 ;Almacenamiento_Cajas de herramientas;"- Soporta 150Kg
- Bandeja superior con tapa
. Diseño 2 en 1 Gabinete y cofre desmontable
- 12 Cajones: 5 Superiores / 7 Inferiores
- Movilidad 4 ruedas giratorias - 2 con freno
- Cierre de seguridad con llave
- Dimensiones totales: 1.04 x 1.60 M
- Incluye:
- Accesorios para montaje (tornillos, tuercas, etc)
- Manual de usuario
- Garantía: 2 años";2.202.332,00;1
Lusqtoff;GLNL-8R;Gafas de Vision de Nivel Laser Rojo - GLNL-8R ;Accesorios;#¿NOMBRE?;10.481,00;14
Lusqtoff;GLNL-8V;Gafas de Vision de Nivel Laser Verde - GLNL-8V ;Accesorios;#¿NOMBRE?;10.481,00;15
Lusqtoff;GBL-8;GAZEBO 3x3 TELA OXFORD ADHESIVA 3000D ;Hogar_Jardin;"- Medidas: 300 x 300 x 240 cm
- Capacidad: 4 - 6 personas
- Material: oxford
- Varillas: aluminio
- Color: blanco
- Peso: 11,5 kg";178.187,00;1
Lusqtoff;GBL-9;Gazebo Lusqtoff Reversible ;Hogar_Jardin;#¿NOMBRE?;1.467.427,00;1
Lusqtoff;LG7.5L-9E;Generador a Gas 7.5 KW - 9.5 KVA Residencial con Tablero de Transferenca - Lusqtoff LG7.5L-9E ;Construccion_Grupos electrogenos;"- Potencia: 9.5 KVA / 7.5 KW
- Tensión nominal: 230 V
- Carga nominal de corriente: 30 A
- Encendido: automático
- Incluye tablero de transferencia automática.
- Apto gas natural de red y gas envasado GLP.
- Motor: Rato
- Nivel de ruido: 95 dB
- Capacidad: 500 CC
- Refrigerado por aire
- Medidas: 71 x 69 x 104 cm
- Peso: 155 Kg
- Cabinado insonorizado
- Incluye base de fácil instalación";6.413.281,00;1
Lusqtoff;LG3500EXI;Generador inverter 3500W extreme- Lusqtoff LG3500EXI ;Construccion_Grupos electrogenos;"- Motor: 4 tiempos
- Tensión: 220 V ~ 50 Hz.
- Potencia máxima: 3500 W
- Potencia del motor: 7 Hp
- Autonomía: 11 hs.
- Fases: monofásico
- Capacidad tanque: 15 lts.
- Tipo de tecnología: inverter
- Fuente de alimentación: nafta
- Peso: 44 Kg";1.531.530,00;1
Lusqtoff;LGI8.0-9;Generador Inverter 8.0Kw 420cc Nafta 25L ;Construccion_Grupos electrogenos;"- TENSIÓN 50HZ 220V
- CILINDRADA 420cc
- MOTOR 4 TIEMPOS OHV
- ARRANQUE ELÉCTRICO/MANUAL
- TANQUE COMBUSTIBLE NAFTA 25L
- TANQUE DE ACEITE 1.2L
- NIVEL DE RUIDO (7M): 75Db
- POTENICA NOMINAL 7.5 KW
- 6 MESES DE GARANTÍA";1.569.818,00;1
Lusqtoff;10GF2-4;GENERADOR NAFTERO -4 T-380V-50 H ;Construccion_Grupos electrogenos;"- Motor: 4 tiempos
- Potencia del motor: 20 HP
- Potencia del motor: 11 KVA
- Potencia nominal 10 KVA
- Autonomía: 10 hs.
- Tensión: 380 V ~ 50 Hz
 -Capacidad tanque: 23 lts.
  -Arranque: eléctrico
- Fuente de alimentación: nafta
 -Trifásico
- Peso: 180 kg.";3.254.501,00;1
Lusqtoff;LG3500EX;Generador naftero 3500W extreme - Lusqtoff LG3500EX ;Construccion_Grupos electrogenos;"- Tipo de Motor: 4 tiempos
- Potencia: 6.5 Hp
- Potencia nominal: 2450 W
- Potencia máxima: 3500 W
- Autonomía aproximada: 6-8 hs (dependiendo el consumo)
- Capacidad de tanque: 15 lts
- Fuente de alimentación: nafta
- Fases: monofásico
- Peso: 45 kg";670.044,00;1
Lusqtoff;GP8000;Generador Naftero 6.5KW 15HP Garden Plus ;Construccion_Grupos electrogenos;"- 220v Tensión 50 HZ
- Cilindrada 420CC
- Motor 4 tiempos OHV
- Arranque manual
- Tanque combustible 25Lts
- Nivel de ruido 97 Db
- Potencia Nominal 6.0KW
";765.765,00;6
Lusqtoff;LG950P;Generador naftero 950W - 2T - Lusqtoff LG950P ;Construccion_Grupos electrogenos;"Potencia Máx 800 Watts
Motor 2 Tiempos 2Hp
Tensión 220 V
Arranque Manual
Combustible Mezcla
Autonomía Media 2.8 H
Capacidad de tanque 4,2 L
Consumo 1.5 L/h";210.585,00;2
Lusqtoff;CYF9025;GRAMPAS 90/25 5000 UNIDADES ;Consumibles;;13.966,00;1
Lusqtoff;CYF9040;GRAMPAS 90/40 5000 UNIDADES ;Consumibles;;23.277,00;4
Lusqtoff;GRL048-8;GRAMPAS PARA GRAMPADORA ;Consumibles;;6.288,00;2
Lusqtoff;L7764;Grampas para Grampadoras Manual 10mm / 10.6 x 1.2 ;Consumibles;- Medidas Corona: 10.6 mm / Alambre: 1.2 mm / Longitud: 10 mm;2.096,00;10
Lusqtoff;L7766;Grampas para Grampadoras Manual 12mm /10.6 x 1.2 ;Consumibles;- Medidas Corona: 10.6 mm / Alambre: 1.2 mm / Longitud: 12 mm;2.305,00;10
Lusqtoff;L7768;Grampas para Grampadoras Manual 14mm / 10.6 x 1.2 ;Consumibles;- Medidas Corona: 10.6 mm / Alambre: 1.2 mm / Longitud: 14 mm;2.515,00;9
Lusqtoff;L7760;Grampas para Grampadoras Manual 6mm / 10.6 x 1.2 ;Consumibles;- Medidas Corona: 10.6 mm / Alambre: 1.2 mm / Longitud: 6mm;1.677,00;4
Lusqtoff;L7770;Grampas para Grampadoras Manual 6mm / 11.3 x 0.7 ;Consumibles;- Medidas Corona: 11.3 mm / Alambre: 0.7 mm / Longitud: 6 mm;1.257,00;9
Lusqtoff;L7762;Grampas para Grampadoras Manual 8mm / 10.6 x 1.2 ;Consumibles;- Medidas Corona: 10.6 mm / Alambre: 1.2 mm / Longitud: 8 mm;1.781,00;8
Lusqtoff;L7772;Grampas para Grampadoras Manual 8mm / 11.3 x 0.7 ;Consumibles;- Medidas  Corona: 11.3 mm / Alambre: 0.7 mm / Longitud: 8 mm;1.467,00;10
Lusqtoff;GRASARM-9;Grasa Lubricante 30 Grs ;Consumibles;#¿NOMBRE?;5.240,00;53
Lusqtoff;GLD-9;Grasa para desmalezadora 70 g ;Accesorios;;3.144,00;7
Lusqtoff;RLC2025R31;GRIFO DE AIRE LC-2025/2550/30100/40100 ;Repuestos;LC-2025/LC-40100/LC-30100/;5.764,00;2
Lusqtoff;RLG3500R04;Grifo de nafta gen LG8500/7500/3500 ;Repuestos;;7.672,00;9
Lusqtoff;GRCL800-10;Guantes aramida para alta temperatura - Lusqtoff GRCL800-10 ;Seguridad industrial_Proteccion corporal;;25.155,00;29
Lusqtoff;LGSOL-8;Guantes para Soldador Común ;Seguridad industrial_Proteccion corporal;;10.481,00;44
Lusqtoff;RBL10008R17;GUIA CARDAN IN P/ BL1000-8 ;Repuestos;BL1000-8;7.232,00;3
Lusqtoff;RSML20008R16;Guia de Corte para SML2000-8 ;Repuestos;;3.668,00;1
Lusqtoff;RSM2501500R132;GUIA DE DISCO P/SM250 ;Repuestos;SM250-1500;6.037,00;1
Lusqtoff;L9073;Hacha de Mano 1000 Gr Cabo de Fibra ;Herramientas manuales_Corte y desbaste;;20.486,00;4
Lusqtoff;L9070;Hacha de Mano 600 Grs Cabo de Fibra ;Herramientas manuales_Corte y desbaste;;16.389,00;7
Lusqtoff;L9071;Hacha de Mano 680Grs ;Herramientas manuales_Corte y desbaste;;12.701,00;2
Lusqtoff;L9072;Hacha de Mano 800 Gr Cabo de Fibra ;Herramientas manuales_Corte y desbaste;;18.438,00;3
Lusqtoff;HL-120RA;Hidrolavadora 1200w - 105 bar ;Herramientas electricas_Limpieza;"Auto-stop, detiene el equipo cuando se suelta el gatillo de la lanza
Diseño ultramoderno y compacto
Manija de transporte con porta lanza incluido.
Incluye: lanza, ruedas portátiles, botella aplicadora y manguera de alta presión (3 metros)";6.333,94;3
Lusqtoff;HL-120;Hidrolavadora 1200w - 105 bar - Lusqtoff HL-120 ;Herramientas electricas_Limpieza;"Auto-stop, detiene el equipo cuando se suelta el gatillo de la lanza
Diseño ultramoderno y compacto
Manija de transporte con porta lanza incluido.
Incluye: lanza, ruedas portátiles, botella aplicadora y manguera de alta presión (3 metros)";107.207,00;8
Lusqtoff;HL-120OUT;Hidrolavadora 1200w - 105 bar - Lusqtoff HL-120 - OUTLET ;Ofertas y Promociones;"Auto-stop, detiene el equipo cuando se suelta el gatillo de la lanza
Diseño ultramoderno y compacto
Manija de transporte con porta lanza incluido.
Incluye: lanza, ruedas portátiles, botella aplicadora y manguera de alta presión (3 metros)";100.400,00;6
Lusqtoff;HL1800-8;Hidrolavadora 1800W ;Herramientas electricas_Limpieza;;239.301,00;1
Lusqtoff;HL2100-9;Hidrolavadora 2100W ;Herramientas electricas_Limpieza;;325.450,00;2
Lusqtoff;LAPL3,6-8BK;HIDROLAVADORA A BATERIA ;Herramientas electricas_Limpieza;;162.725,00;3
Lusqtoff;LT-590;Hidrolavadora eléctrica profesional 130bar 2200w  7,7L - Lusqtoff LT-590 ;Herramientas electricas_Limpieza;"- Tensión: 220v-50hz
- Motor: 2200w
- Revolución: 2900 rpm
- Máx presión: 130bar / 1900psi
- Caudal nominal: 7.9 l/minimalista
- Peso: 19.8 kg";430.742,00;1
Lusqtoff;LH-5.5;Hidrolavadora naftera 5.5 HP - 154 bar ;Herramientas electricas_Limpieza;Incluye 4 picos, lanza, filtro para desagotar, manguera de 8 metros;478.603,00;3
Lusqtoff;HL100-7;HIDROLAVADORA PARA GRANDES SUPERFICIES/ONLINE ;Herramientas electricas_Limpieza;;91.891,00;10
Lusqtoff;HSCFL-9;HOJA DE SIERRA CALADORA X PACK DE 5 UNIDADES ;Accesorios;;4.192,00;2
Lusqtoff;HSCR-9;HOJA DE SIERRA CALADORA X PACK DE 5 UNIDADES ;Accesorios;;4.192,00;3
Lusqtoff;HSCCC-9;HOJA DE SIERRA CALADORA X PACK DE 5 UNIDADES ;Accesorios;;4.192,00;5
Lusqtoff;HSCHL-9;HOJA DE SIERRA CALADORA X PACK DE 5 UNIDADES ;Accesorios;;5.764,00;4
Lusqtoff;HSCCF-9;HOJA DE SIERRA CALADORA X PACK DE 5 UNIDADES ;Accesorios;;5.240,00;1,8
Lusqtoff;TRI-FORCE;Horno Air Fryer 10Lts Digital Cream - Lusqtoff LQE58 ;Hogar_Coccion;"- SKU: LQE58
- Capacidad total de 10 litros
- Potencia de 1.400 W
- Panel digital con control táctil
- 8 funciones preprogramadas
- Luz interna y puerta con visor transparente
- 3 en 1: fríe, hornea y recalienta
- Tecnología Air Circuit 360°
- Accesorios incluidos: 1 rejilla antiadherente y 1 bandeja recolectora
- Rango de temperatura ajustable: de 80°C a 200°C
- Rango de tiempo ajustable: de 0 a 60 minutos
- Sistema de protección contra sobrecalentamiento
";103.901,00;8
Lusqtoff;L1018;IMAN TELESCOPICO EXTENSIBLE ;Herramientas manuales;;5.121,00;1
Lusqtoff;IL150-8;Inflador Inalambrico Con Medidor Digital 12v Lusqtoff Il150-8 ;Herramientas electricas_Compresores;"Incluye:
- Bateria y Cargador de Bateria para Autos
- Cargador LCBH-15
- 3 Picos 
- 1 Manguera
- Maletin
- Voltaje: 12V 
- Corriente: 2A
- Presión máxima: 150 PSI (10.3 BAR)
- Caudal máximo: 22 L/min
- Ciclo de trabajo: 10 min x 10 min
- Temperatura de trabajo: -20 ?C 60 ?C";95.720,00;3
Lusqtoff;RAML8508R39;INTERRUPTOR ;Repuestos;AML850;4.821,00;1
Lusqtoff;RATL188BR11;INTERRUPTOR ;Repuestos;TAL18-8;17.818,00;12
Lusqtoff;RLJL13008R41;INTERRUPTOR ;Repuestos;LJL1300-8;5.240,00;8
Lusqtoff;RBSS16BVR72;INTERRUPTOR ;Repuestos;BSS-16BV;20.963,00;1
Lusqtoff;RTIL809BKR21;Interruptor + Controladora para TIL80-9 ;Repuestos;;58.697,00;3
Lusqtoff;RLC40100R37;INTERRUPTOR DE PRESION/PRESOSTATO LC-2025/30100/40100 ;Repuestos;LC-40100/LC-3550B;14.674,00;2
Lusqtoff;RLIL5308BR36;INTERRUPTOR P/LIL530-8B ;Repuestos;LIL530-8;20.963,00;7
Lusqtoff;RRML8507R82;INTERRUPTOR P/RML850-7 ;Repuestos;RML850-7;10.481,00;2
Lusqtoff;RSM2501500R26;INTERRUPTOR P/SM250-1500 ;Repuestos;SM250-1500;36.161,00;3
Lusqtoff;RTB16AR30;INTERRUPTOR P/TB-16A ;Repuestos;TB-16A;12.053,00;2
Lusqtoff;RLA2501MR02;INTERRUPTOR PARA LA-2501M ;Repuestos;LA-2501M;6.288,00;6
Lusqtoff;RLTF6315R08;Interruptor para LTF-6315 ;Repuestos;;524;3
Lusqtoff;RCSL15008R15;INTURRUPTOR ;Repuestos;CSL1500-8;6.288,00;8
Lusqtoff;LQ-IONSOL;Ionizador Solar para Piletas Tapa Removible ;Hogar_Piletas;;57.432,00;3
Lusqtoff;L4904;Juego de  67 Herramientas - Lusqtoff HM ;Herramientas manuales_Sets de herramientas;"- 1 pinza universal 6''
- 1 pinza de punta media caña 6''
- 1 cinta métrica de 3 metros x 16 mm.
- 9 llaves allen
 -1 destornillador encastre 1/4''
- 6 destornilladores de precisión:
- Plano 1,4-2-2,4-3
- Phillips PH0 y PH1 
- 1 caja de tornillos autoperforantes (60 unidades)
- Adaptador para bocallaves (1/4'').
- 6 bocallaves hexagonales encastre 1/4'': 5-6-8-9-10-11 mm.
- 20 puntas de atornillar:
- Plano: SL3-SL4-SL5-SL6
- Philips: PH0-PH1-PH2-PH3
- Pozidrive: PZ0-PZ1-PZ2-PZ3
- Torx: T10-T15-T20-T30
- Hexagonal: H3-H4-H5-H6
- 1 martillo galponero 227 grs.
- 1 tijera de 210 mm.
- 1 cutter de 18 mm.
- 10 repuestos hojas para cutter
- 1 buscapolo digital 12-250 V
- 1 llave ajustable 8''
- Cinta aisladora
- Nivel de burbuja 230 mm.
- 1 mini arco de sierra 6''
- Destornillador phillips PH1 5x100 mm.
- Destornillador plano 5x100 mm.";92.190,00;1
Lusqtoff;L4912;Juego de 10 Herramientas - Lusqtoff HM ;Herramientas manuales_Sets de herramientas;"- Cinta aisladora 10 m
- Cinta métrica de 3 metros x 16 mm.
- Llave ajustable 82'' - 200 mm.
- Pinza de punta media caña 6''
- Pinza universal 7''
- Punta de 100 mm de largo, medidas: SL5 X PH1 
- Cutter de 18 mm. 
- Buscapolo digital 12-250 V
- Martillo galponero 227 gramos
- Mango destornillador para puntas: 1 punta de 100 mm.
de largo, medidas: SL6xPH2";40.973,00;2
Lusqtoff;L4906;Juego de 14 Herramientas - Lusqtoff HM ;Herramientas manuales_Sets de herramientas;"- Martillo galponero: 227 grs.
- 10 puntas de atornillar: 
plano: SL3, SL4, SL5, SL6.
philips:  PH1, PH2, PH3.
pozidrive: PZ1, PZ2 PZ3.
- Destornillador para puntas encastre 1/4
- Llave ajustable 8'' 200 mm
- Pinza universal 6''";34.827,00;2
Lusqtoff;L4914;Juego de 15 Herramientas - Lusqtoff HM ;Herramientas manuales_Sets de herramientas;"- Cinta métrica de 3 metros x 16 mm.
- Pinza universal 6''
- Juego de puntas de atornillar
- Destornillador para puntas de encastre 1/4''
- Martillo galponero 227 gramos
- Cutter de 18 mm.";31.754,00;3
Lusqtoff;L6910;Juego De 2 Destornilla ;Herramientas manuales_Destornilladores;;4.916,00;2
Lusqtoff;L4902;Juego de 20 Herramientas - Lusqtoff HM ;Herramientas manuales_Sets de herramientas;"- 1 pinza universal
- 1 pinza de punta media caña 6''
- 1 cinta métrica de 3 metros x 16 mm.
- 9 llaves allen
- 1 llave ajustable
- 1 mini arco de sierra 6''
- 1 buscapolo digital 12-250 V
- Mango destornillador para puntas
- 1 punta de 100 mm. de largo. Medidas: SL5 x Ph1
- 1 punta de 100 mm. de largo. Medidas: SL6 x Ph2
- 1 martillo galponero 227 grs.
- 1 cutter de 18 mm.
- 1 tijera de 210 mm.";69.655,00;1
Lusqtoff;LQCM245-8;Juego de 245 herramientas en maletín - Lusqtoff LQCM245-8 ;Herramientas manuales_Sets de herramientas;"Material: Aluminio reforzado.
Con manija superior extensible para facilitar el transporte.
Herrajes y trabas metálicas.
Carro con ruedas.
4 Bandejas contenedora de herramientas.
Medidas: 460mm (alto) x 360mm (largo) x 180mm (profundidad).";143.407,00;1
Lusqtoff;L6960;Juego De 3 Destornilladores Dielectricos Aislados 1000 V ;Herramientas manuales_Sets de herramientas;;16.901,00;4
Lusqtoff;L4100;Juego de 3 Pinzas - Lusqtoff HM ;Herramientas manuales_Sets de herramientas;;20.486,00;23
Lusqtoff;L4265;Juego de 3 Pinzas con Aislacion 1000 V - Lusqtoff HM ;Herramientas manuales_Sets de herramientas;"- Acero CrV 60 (Cromo vanadio)
- Contiene 3 pinzas:
-Universal 7'' (180 mm.)
-Alicate de corte diagonal 6'' (150 mm.)
-Punta media caña 6'' (150 mm.)
- Línea Pro aislación 1000 V (norma VDE) DIN ISO 5746
- Filo Xtra Sharp HCR-58-62
- Material del cuerpo: HRC-40-58
- Mango comfort grip
- Garantía de por vida";40.603,00;11
Lusqtoff;L4235;Juego de 3 Pinzas CRV - Lusqtoff HM ;Herramientas manuales_Sets de herramientas;"- Contiene 3 pinzas:
 Universal 8'' (200 mm.)
 Alicate de corte diagonal 6'' (150 mm.)
 Punta media caña 6'' (150 mm.)
- Línea Pro-50 CRV
- Filo Xtra Sharp HCR-55-60
- Material del cuerpo: HRC-43-50
- Alto aplacamiento: 35% menos esfuerzo
- Mango comfort grip
 - Garantía de por vida";28.681,00;26
Lusqtoff;L6912;Juego De 4 Destornilla ;Herramientas manuales_Destornilladores;;8.706,00;5
Lusqtoff;L3220;Juego de 4 Llaves Torx E ;Herramientas manuales_Llaves;#¿NOMBRE?;33.803,00;2
Lusqtoff;L6902;Juego de 6 Destornilladores ;Herramientas manuales_Destornilladores;;11.267,00;6
Lusqtoff;L6908;Juego De 6 Destornilladores Pasantes ;Herramientas manuales_Destornilladores;;18.438,00;1
Lusqtoff;L6914;Juego De 6 Destornilladores Torx ;Herramientas manuales_Destornilladores;;17.413,00;2
Lusqtoff;L6904;Juego de 8 Destornilladores ;Herramientas manuales_Destornilladores;"- 2 Burbujas 0° y 90°
- Material: Cuerpo robusto de aluminio
- Presicion: 0,5 mm por metro";15.365,00;3
Lusqtoff;L6946;Juego de 9 Llaves Torx ;Herramientas manuales_Llaves;#¿NOMBRE?;9.219,00;1
Lusqtoff;L6950;Juego de 9 Llaves Torx Largas ;Herramientas manuales_Llaves;#¿NOMBRE?;13.316,00;2
Lusqtoff;L1704;JUEGO DE ACCESORIOS PARA MINI TORNO 217PCS ;Accesorios;;31.444,00;1
Lusqtoff;RLC2550BR07;JUEGO DE AROS X2 B ;Repuestos;LC-2550B;4.716,00;6
Lusqtoff;L5720;Juego De Bocallaves De Impacto L ;Herramientas manuales_Sets de herramientas;;86.044,00;2
Lusqtoff;L5731;Juego De Bocallaves Torx 14 Pzas ;Herramientas manuales_ Sets de herramientas;;20.486,00;3
Lusqtoff;L5722;Juego De Bocallaves Torx 9 Pzas ;Herramientas manuales_ Sets de herramientas;;20.486,00;2
Lusqtoff;L5734;Juego De Bocallaves Y Accesorios - 26 Pzas Encastre 3/4 - 1'' ;Herramientas manuales_Sets de herramientas;;379.006,00;3
Lusqtoff;L5702;Juego de Bocallaves y Accesorios 18 Piezas ;Herramientas manuales_Sets de herramientas;"- Material: acero CRV - Cromo Vanadio
 - Línea PRO

---- INCLUYE -----
- Bocallaves Hexagonales - 13 piezas - Encastre 1/4''
 - Barras de Extensión - 2 piezas - Encastre 1/4''
- Mango deslizante tipo ''T'' - Encastre 1/4''
- Llave crique - Encastre 1/4''
- Movimiento universal - Encastre 1/4''";40.973,00;1
Lusqtoff;RHL1250EXR56;JUEGO DE BOQUILLA HL-1250EX ;Repuestos;HL-1250EX;14.674,00;10
Lusqtoff;L1049;Juego de Compresores de  Aros de Piston 7 Piezas ;Herramientas manuales_Pinzas y alicates;;75.801,00;1
Lusqtoff;RGC509040R88;JUEGO DE GATILLO ;Repuestos;GC9040-50;4.192,00;2
Lusqtoff;L3200;Juego de Llaves Combinadas con Crique ;Herramientas manuales_Llaves;;55.314,00;2
Lusqtoff;JLC9-9;Juego De Llaves Combinadas Con Crique - 9 Piezas ;Herramientas manuales_Llaves;;81.947,00;10
Lusqtoff;RGC509040R84;JUEGO DE PISTONES DE VALVULA ;Repuestos;GC9040-50;1.813,00;2
Lusqtoff;L1012;JUEGO DE PRENSA PARA RESORTES DE VALVULAS 16-30MM ;Herramientas manuales;;67.606,00;2
Lusqtoff;L1048;JUEGO DE PUNTAS TORX Y BOCALLAVES 35 PIEZAS ;Herramientas manuales_Sets de herramientas;;67.606,00;4
Lusqtoff;L1047;JUEGO DE PUNTAS TORX, HEXAGONALES Y MULTIESTRIAS 40 PIEZAS ;Herramientas manuales_Sets de herramientas;;55.314,00;1
Lusqtoff;RLAR102R04;JUEGO DE RUEDAS LAR-102 ;Repuestos;LAR-102;28.929,00;2
Lusqtoff;RGC509040R87;JUEGO DE VALVULA DE DISPARO ;Repuestos;GC9040-50;7.232,00;1
Lusqtoff;RMDL20009R57;Juego Porta Carbon p/ MDL200-9 ;Repuestos;;12.053,00;1
Lusqtoff;L1046;JUEGO REPARADOR DE ROSCAS 49 PIEZAS ;Herramientas manuales;;204.868,00;2
Lusqtoff;RLM160R40;JUNTA DE CARTER DE 5,5 HP ;Repuestos;LG-2500/LMB-20/LM160;2.096,00;3
Lusqtoff;RLA6002R05;JUNTA DE MANGUERA PARA LA-6002M ;Repuestos;LA-6002M;3.144,00;4
Lusqtoff;RMDL20009R44;Junta de Placa Lateral Derecha p/ MDL200-9 ;Repuestos;;3.144,00;1
Lusqtoff;RLM160R17;JUNTAS DE TAPA DE CILINDRO MOTOR MOTOBOMBA GENERADOR 5,5/6,5 HP ;Repuestos;LG-2500/LMB-20/LM160/LMB-30/LG-3500;4.192,00;8
Lusqtoff;KATL-9BK;Kit  Amoladora Angular + Taladro Black Series ;Herramientas electricas;;408.783,00;6
Lusqtoff;KACL4-9;Kit Acople Rapido para Compresor ;Accesorios;;6.288,00;11
Lusqtoff;KATL-8;Kit Amoladora 115mm -720w (L-820) + Taladro Percutor 13mm - 650w (TPL600-8) - Lusqtoff KATL-8 ;Herramientas electricas;"- Codigo nuevo por Edicion Especial para Regalar: KATL-8R
AMOLADORA ANGULAR  L-820
- Tensión: 220 V ~ 50 Hz
- Velocidad: RO 11000 /min.
- Máx. del disco de corte: 115 mm.
- Máx. de disco abrasivo: 115 mm.
- Rosca: M14
- Peso: 2 kg
INCLUYE
- 1 mango
- 1 llave
- 1 guarda de seguridad
- 2 discos abrasivos
- 1 par de carbones
TALADRO PERCUTOR TPL600-8
- Potencia: 600 W
- Tensión: 220 V ~ 50 Hz
- Velocidad: RO 3000/min.
- Mandril: 13 mm
- Peso: 2,56 kg.
INCLUYE
- 1 mango
- 1 guía
- 1 par de carbones";129.972,00;8
Lusqtoff;ACTIGL-8.1KIT;KIT DE ACCESORIOS PARA TIG DIFUSOR 1.6mm ;Accesorios;;7.337,00;2
Lusqtoff;ACTIGL-8.2KIT;KIT DE ACCESORIOS PARA TIG DIFUSOR 2.4mm ;Accesorios;;7.337,00;2
Lusqtoff;RLC2025R04;KIT DE JUNTAS LC-2025 ;Repuestos;LC-2025/LC-40100;6.288,00;10
Lusqtoff;RGS4500R69;KIT DE JUNTAS PARA GS4500 / GS5200 ;Repuestos;GS-4500/GS-5200;524;1
Lusqtoff;KITMLD;Kit de Mantenimiento para Desmalezadora ;Repuestos;"Características del Producto:
- Medidas de bujía: 33/43/52cc.
- Diámetro de rosca: 13.7mm.
- Largo de rosca: 8mm.
- Compatible con LD52-7 y varios modelos y marcas de motoguadañas.

Incluye:

- 1 Bujía.
- 1 Filtro de Combustible.
- 1 Filtro de Aire.
- 1 Manguera de Filtro.";8.385,00;94
Lusqtoff;RLD52R51;KIT DE REPARACION DE CARBURADOR ;Repuestos;LD-52/PRO-52/LD-52PRO;2.620,00;10
Lusqtoff;RLD52RKIT08;Kit Full Reparacion Motor Desmalezadora ;Repuestos;"Repuesto Kit De Mantenimiento Para Desmalezadora 52cc

Incluye:

- Cilindro
- Aros
- Pistón
- Perno
- 4 Tornillos
- 4 Juntas
- 1 Cojinete de Agujas
- 1 Bujía
- 2 Sellos de Aceite";31.444,00;32
Lusqtoff;RK300R08;KIT INTERRUPTOR PRESION P/K300 ;Repuestos;K300;32.493,00;2
Lusqtoff;D20-WYJ;KIT JUNTAS 7 PIEZAS/WALBRO ;Repuestos;LD-52/ PRO-52;4.192,00;6
Lusqtoff;RLD52R08;Kit Motor Completo 52cc ;Repuestos;;25.155,00;9
Lusqtoff;RPROM52KIT08;Kit Motor Completo Ø 45 MM ;Repuestos;;24.107,00;28
Lusqtoff;RFS160R01;Kit motor completo para FS-160 ;Repuestos;;31.444,00;1
Lusqtoff;RFS220R01;Kit motor completo para FS-220 ;Repuestos;;31.444,00;1
Lusqtoff;RFS280R01;Kit motor completo para FS-280 ;Repuestos;;31.444,00;2
Lusqtoff;RSTFS55R01;Kit motor para FS55 ;Repuestos;;29.348,00;20
Lusqtoff;RMS380R01;Kit Motor para MS380 ;Repuestos;;47.167,00;2
Lusqtoff;RMS381R01;Kit Motor para MS381 ;Repuestos;;47.167,00;2
Lusqtoff;RMS382R01;Kit Motor para MS382 ;Repuestos;;58.697,00;1
Lusqtoff;RMS180R01;Kit Motor para ST180 ;Repuestos;;31.444,00;3
Lusqtoff;RMS361R01;Kit Motor para ST361 ;Repuestos;;49.263,00;2
Lusqtoff;LQROD-20;Kit Rodillo Recargable Extensible + Acc - Lusqtoff Lqrod-20 ;Herramientas manuales_Sets de herramientas;"- Cabeza De Tambor Grande: 19,5 X 21 Cm.
- Mango De Tambor Pequeño: 25 Cm De Largo.
- Diámetro Del Tambor: 10 Cm.
- Raspador: 20 X 6,8 Cm.
- Ranuras: 21,9 Cm De Largo Y 11,9 Cm De Ancho.
- Peso: 0,80 Kg.

- Incluye

- 1 Rodillo Para Pintura + Repuesto
- 1 Bordeador Flocado
- 1 Almohadilla De Esquina
- 1 Bandeja De Descanso
- 1 Jarra Para Pintura Con Pico
- 1 Tubo De Aluminio 3 En 1";33.541,00;3
Lusqtoff;KTAL2-9BK;Kit Taladro Atornillador Inalambrico y Atornillador Durlock Black Series Incluye 2 Baterías + Cargador + Maletín Apilable y Encastrable ;Herramientas electricas_Perforacion;"- Cod. que componen el Kit: AITL32-9B / TAL60-9B
- TAL60-9B: 2 Velocidades variables 0-2000r/min 0-500r/min
- Tensión 18v
- Motor sin escobillas BRUSHLESS
- Torque máximo 60nm
- Selector de torque 20 posiciones
- Mandríl metálico 10mm 
- Peso 900grs
- AITL32-9B:  Velocidad variable 0-4500r/min con reversa
- Tensión 18v
- Torque máx. 32nm
- Encastre 1/4'' - 6.3mm
- Mango ergonómico
- Motor con tecno. BRUSHLESS
- Sistema de tope de profundidad
- Peso 1Kg
- Compatibles con línea de Batería IRON VOLT
- Poseen Luz Led
- Incluye Hebilla para cinturón
- 3 años de garantía

";389.916,00;3
Lusqtoff;LPACK004-7;Kit Taladro Percutor 13MM (TPL710-7) + Amoladora Angular 115MM (L820-7) - LPACK004-7 ;Herramientas electricas;"- Taladro TPL710-7
- Potencia 710W
- Tension 220V - 50HZ
- Velocidad 3200 RPM
- Funcion Reversa
- Mandril 13mm
- Limitador de Profundidad
- Amoladora L820-7
- Tension 220V - 50HZ
- Velocidad 11000 RPM
- Diametro de Corte 115 mm
- Rosca M14
- Caja engranaje metalica
- Guarda protectora
- Garantia 6 meses";92.238,00;14
Lusqtoff;LQE-LVIN-DOR;Lampara de Mesa Vintage Control Touch  Dorado ;Hogar_Iluminacion;"- Luz calida 3000K
- Luz neutra 4000K
- Luz fria 6500K
- Conecta via USB-C
- Bateria recargable 1800mAh
- Indice de proteccion IP44
- Alimentacion 5V 1A
- Dimerizable con memoria del 10% al 100%
- Material: Aluminio y acrilico
- Medidas: 13 x 28.5 cm
- Garantia 2 años";31.767,00;10
Lusqtoff;LQE-LVIN-NEG;Lampara de Mesa Vintage Control Touch Negra ;Hogar_Iluminacion;"- Luz calida 3000K
- Luz neutra 4000K
- Luz fria 6500K
- Conecta via USB-C
- Bateria recargable 1800mAh
- Indice de proteccion IP44
- Alimentacion 5V 1A
- Dimerizable con memoria del 10% al 100%
- Material: Aluminio y acrilico
- Medidas: 13 x 28.5 cm
- Garantia 2 años";31.767,00;11
Lusqtoff;KBL12WN;Lampara LED 12W Luz Neutro ;Hogar_Iluminacion;;1.024,00;88
Lusqtoff;KBL9W;Lampara LED 9W Luz Fria ;Hogar_Iluminacion;;944;89
Lusqtoff;LQE-LAMSP1;Lampara Solar de Pie LED 240w ;Hogar_Iluminacion;"- LQE-LMASP1codigo de factura
- La lámpara solar de pie ofrece una solución de iluminación eficiente y sostenible para exteriores. Diseñada para funcionar con energía solar, se carga durante el día y proporciona luz durante la noche, ideal para jardines, patios o caminos.
Su estructura robusta y resistente a la intemperie garantiza durabilidad, mientras que su diseño elegante se integra armoniosamente en cualquier entorno. Con fácil instalación y sin necesidad de cables, es perfecta para quienes buscan una opción práctica y ecológica.";233.373,00;5
Lusqtoff;RHL11092R14;Lanza completa /HL110-9 ;Repuestos;;55.517,00;1
Lusqtoff;RF12L8R1;Lanza Completa de Pulverizador para F12L/F16L/F20L ;Repuestos;;2.096,00;1
Lusqtoff;RHL13092R18;Lanza Completa para Hidrolavadora p/HL130-9 ;Accesorios;;70.833,00;2
Lusqtoff;LHLZ;LANZA UNIVERSAL PARA HIDROLVADOR ;Accesorios;;25.155,00;1
Lusqtoff;LLEXT20-8;Látex interior - exterior profesional 20 lts - Lusqtoff LLEXT20-8 ;Consumibles;;78.612,00;12
Lusqtoff;LQLSEG-8;LENTES DE SEGURIDAD CRISTAL (40041) ;Seguridad industrial_Proteccion corporal;;1.467,00;7
Lusqtoff;RLCBL3709BAND120;LIJA BANDA GRANO 100 100*915 P/ LCBL370-9 ;Accesorios;;5.764,00;2
Lusqtoff;LBAN100-9;LIJA DE BANDA 75 X 533MM 100 (6U) ;Accesorios;;7.861,00;2
Lusqtoff;LBAN150-9;LIJA DE BANDA 75 X 533MM 150 (6U) ;Accesorios;;7.861,00;4
Lusqtoff;LBAN40-9;LIJA DE BANDA 75 X 533MM 40 (6U) ;Accesorios;;7.861,00;0,83
Lusqtoff;LBAN60-9;LIJA DE BANDA 75 X 533MM 60 (6U) ;Accesorios;;7.861,00;9
Lusqtoff;LBAN80-9;LIJA DE BANDA 75 X 533MM 80 (6U) ;Accesorios;;7.861,00;1
Lusqtoff;RLCBL3709DISC80;LIJA DE DISCO GRANO 80 150MM P/ LCBL370-9 ;Accesorios;;1.677,00;6
Lusqtoff;LVEL125120-9;LIJA VELCRO 6 UNIDADES 125MM 120 ;Accesorios;;2.410,00;1
Lusqtoff;LCML750-9;Lijadora Combinada de Mesa 750W - Black Series - Lusqtoff LCML750-9 ;Herramientas electricas_Lijado y pulido;"- Tensión: 220 V ? 50 Hz
- Potencia: 750 W
- Velocidad: n0 2980 / min
- Tamaño de correa: 150 x 1290 mm
- Velocidad de la correa: 8 m/s
- Medida de lija de banda: 150 1219 mm
- Velocidad de Lijado de la banda: 470 mts / min
- Diámetro de lija circular: 254 mm
- Tamaño de mesa de lijado: 332,5 x 170 mm
- Garantía: 3 años
- INCLUYE
- 1 banda de lijado
- 1 disco de lijado
- 1 mesa de trabajo
- 1 guía para lijar";804.053,00;1
Lusqtoff;LBL810-7;Lijadora de banda - 810w - Con bolsa recolectora - Lusqtoff LBL810-7 ;Herramientas electricas_Lijado y pulido;"Incluye 2 soportes y bolsa recolectora.
Soportes de fijación horizontal.";125.779,00;2
Lusqtoff;LOL260-8;LIJADORA ORBITAL 1/4 HOJA 260W ;Herramientas electricas_Lijado y pulido;;62.889,00;7
Lusqtoff;LBL320-8;Lijadora orbital 320w - 1/3 hoja - 14000 Rpm - Lusqtoff LBL320-8 ;Herramientas electricas_Lijado y pulido;"Interruptor anti polvo.
Base porta lija metálica.";94.334,00;5
Lusqtoff;LOL11000-9B;Lijadora Orbital a Bateria ;Herramientas electricas_Lijado y pulido;;104.816,00;2
Lusqtoff;LRL11000-9B;Lijadora Roto Orbital a Bateria ;Herramientas electricas_Lijado y pulido;;146.742,00;2
Lusqtoff;LRL300-8;Lijadora rotoorbital 300W - Lusqtoff LRL300-8 ;Herramientas electricas_Lijado y pulido;;71.275,00;1
Lusqtoff;LRL300-8OUT;Lijadora rotoorbital 300W - Lusqtoff LRL300-8 OUTLET ;Herramientas electricas_Lijado y pulido;;66.749,00;1
Lusqtoff;LQLV-1050;LIMPIADOR A VAPOR - 1050W ;Consumibles;;103.378,00;3
Lusqtoff;RRCL2608R14;Linea Limitrofe 80 MTS para RCL260-8 ;Repuestos;;83.853,00;2
Lusqtoff;LINL28-9B;Linterna Inalambrica 18v 2200 Lumens - Lusqtoff LINL28-9B ;Herramientas electricas_Linternas;"- Alimentación: Batería (no incluida) - compatible con baterías de 18V, 4 Ah
- Potencia: 28 W
- Autonomía: Hasta 7 horas (depende del nivel de uso)
- Flujo luminoso: 1000 - 1800 - 2200 lúmenes, ajustable según la necesidad
- Distancia del haz: Hasta 500 metros
- Ajuste de ángulo: 0° a 90° para mayor versatilidad
- Peso: 2 kg

- No incluye batería ni cargador (compatible con baterías de 18V)
- Diseño ergonómico y liviano, fácil de manejar
- Gancho integrado para mayor versatilidad en diferentes lugares
- Sistema de gatillo con múltiples niveles de potencia para mayor control";88.045,00;2
Lusqtoff;L7922;Linterna Led De Aluminio Cilíndrica Recargable 1000 Lumenes- 310G- 162Mm ;Hogar_Linternas;;36.876,00;9
Lusqtoff;L7924;Linterna Led De Aluminio Cilíndrica Recargable 1300 Lumenes- 170Mm- 375G ;Hogar_Linternas;;51.217,00;3
Lusqtoff;L7932;Linterna LED Recargable Anti Impacto Combinada Multiposicion 360° ;Hogar_Linternas;"- Brillo: 800 lm
- Iluminacion 360°
- Resistente a caidas
- Con iman
- Materail: ABS + goma
- Led principal y secundario";61.460,00;5
Lusqtoff;L7934;Linterna LED Recargable Anti Impacto Combinada Plegable - Lusqtoff HM ;Hogar_Linternas;"- Plegable 180°
- Brillo 1000 lm
- Cabezal giratorio 270°
- Resistente a caidas
- Doble iman en  base
- Autonomia 3 a 12 hs
- Garantia 2 años";51.217,00;4
Lusqtoff;L7909;Linterna Led Recargable Con Iman Multiposicion ;Hogar_Linternas;;19.462,00;6
Lusqtoff;L7907;Linterna Recargable Combinada Con Iman Plegable ;Hogar_Linternas;;18.438,00;5
Lusqtoff;L3310;Llave Ajustable 10'' Fosfatizada Profesional ;Herramientas manuales_Llaves;;20.486,00;6
Lusqtoff;L3328;Llave Ajustable 12'' (300Mm) ;Herramientas manuales_Llaves;;20.077,00;6
Lusqtoff;L3312;Llave Ajustable 12'' Fosfatizada Profesional ;Herramientas manuales_Llaves;;28.681,00;6
Lusqtoff;L3315;Llave Ajustable 15'' Fosfatizada Profesional ;Herramientas manuales_Llaves;;49.168,00;2
Lusqtoff;L3306;Llave Ajustable 6'' Fosfatizada Profesional ;Herramientas manuales_Llaves;;10.243,00;5
Lusqtoff;L3324;Llave Ajustable 8'' (200Mm) ;Herramientas manuales_Llaves;;9.833,00;2
Lusqtoff;L3308;Llave Ajustable 8'' Fosfatizada Profesional ;Herramientas manuales_Llaves;;13.316,00;6
Lusqtoff;L3102;Llave Combinada Con Crique ;Herramientas manuales_Llaves;;13.726,00;2
Lusqtoff;L3100;Llave Combinada Con Crique ;Herramientas manuales_Llaves;;13.111,00;2
Lusqtoff;L3098;Llave Combinada Con Crique ;Herramientas manuales_Llaves;;12.496,00;1
Lusqtoff;L3096;Llave Combinada Con Crique ;Herramientas manuales_Llaves;;11.984,00;2
Lusqtoff;L3094;Llave Combinada Con Crique ;Herramientas manuales_Llaves;;10.858,00;2
Lusqtoff;L3090;Llave Combinada Con Crique ;Herramientas manuales_Llaves;;9.526,00;2
Lusqtoff;L3088;Llave Combinada Con Crique ;Herramientas manuales_Llaves;;9.014,00;2
Lusqtoff;L3086;Llave Combinada Con Crique ;Herramientas manuales_Llaves;;8.502,00;1
Lusqtoff;L3084;Llave Combinada Con Crique ;Herramientas manuales_Llaves;;7.989,00;1
Lusqtoff;L3092;Llave Combinada con Crique 14MM - Lusqtoff HM ;Herramientas manuales_Llaves;"- Material: acero CrV
- Crique de 72 dientes";10.243,00;4
Lusqtoff;L3080;Llave Combinada Con Crique 8 ;Herramientas manuales_Llaves;;7.170,00;2
Lusqtoff;L3082;Llave Combinada Con Crique 9 ;Herramientas manuales_Llaves;;7.580,00;2
Lusqtoff;L3043;LLAVE COMBINADA DE 1'' ;Herramientas manuales_Llaves;;14.955,00;4
Lusqtoff;L3044;LLAVE COMBINADA DE 1'' 1/16 ;Herramientas manuales_Llaves;;16.123,00;2
Lusqtoff;L3045;LLAVE COMBINADA DE 1'' 1/18 ;Herramientas manuales_Llaves;;20.343,00;2
Lusqtoff;L3046;LLAVE COMBINADA DE 1'' 1/4 ;Herramientas manuales_Llaves;;26.694,00;2
Lusqtoff;L3035;LLAVE COMBINADA DE 1/2 ;Herramientas manuales_Llaves;;4.425,00;3
Lusqtoff;L3031;LLAVE COMBINADA DE 1/4 ;Herramientas manuales_Llaves;;2.417,00;6
Lusqtoff;L3004;LLAVE COMBINADA DE 10 MM ;Herramientas manuales_Llaves;;3.216,00;8
Lusqtoff;L3005;LLAVE COMBINADA DE 11 MM ;Herramientas manuales_Llaves;;3.400,00;10
Lusqtoff;L3038;LLAVE COMBINADA DE 11/16 ;Herramientas manuales_Llaves;;6.453,00;5
Lusqtoff;L3006;LLAVE COMBINADA DE 12 MM ;Herramientas manuales_Llaves;;3.564,00;1
Lusqtoff;L3007;LLAVE COMBINADA DE 13 MM ;Herramientas manuales_Llaves;;4.425,00;11
Lusqtoff;L3040;LLAVE COMBINADA DE 13/16 ;Herramientas manuales_Llaves;;8.624,00;6
Lusqtoff;L3008;LLAVE COMBINADA DE 14 MM ;Herramientas manuales_Llaves;;4.896,00;12
Lusqtoff;L3009;LLAVE COMBINADA DE 15 MM ;Herramientas manuales_Llaves;;5.101,00;7
Lusqtoff;L3042;LLAVE COMBINADA DE 15/16 ;Herramientas manuales_Llaves;;12.824,00;4
Lusqtoff;L3010;LLAVE COMBINADA DE 16 MM ;Herramientas manuales_Llaves;;5.285,00;9
Lusqtoff;L3011;LLAVE COMBINADA DE 17 MM ;Herramientas manuales_Llaves;;5.859,00;8
Lusqtoff;L3012;LLAVE COMBINADA DE 18 MM ;Herramientas manuales_Llaves;;7.662,00;9
Lusqtoff;L3013;LLAVE COMBINADA DE 19 MM ;Herramientas manuales_Llaves;;7.682,00;7
Lusqtoff;L3014;LLAVE COMBINADA DE 20 MM ;Herramientas manuales_Llaves;;8.624,00;10
Lusqtoff;L3015;LLAVE COMBINADA DE 21 MM ;Herramientas manuales_Llaves;;9.034,00;10
Lusqtoff;L3016;LLAVE COMBINADA DE 22 MM ;Herramientas manuales_Llaves;;9.505,00;7
Lusqtoff;L3017;LLAVE COMBINADA DE 23 MM ;Herramientas manuales_Llaves;;12.374,00;5
Lusqtoff;L3018;LLAVE COMBINADA DE 24 MM ;Herramientas manuales_Llaves;;12.824,00;3
Lusqtoff;L3019;LLAVE COMBINADA DE 25 MM ;Herramientas manuales_Llaves;;14.955,00;1
Lusqtoff;L3020;LLAVE COMBINADA DE 26 MM ;Herramientas manuales_Llaves;;15.303,00;1
Lusqtoff;L3021;LLAVE COMBINADA DE 27 MM ;Herramientas manuales_Llaves;;16.123,00;1
Lusqtoff;L3022;LLAVE COMBINADA DE 28 MM ;Herramientas manuales_Llaves;;19.646,00;2
Lusqtoff;L3023;LLAVE COMBINADA DE 29 MM ;Herramientas manuales_Llaves;;20.343,00;1
Lusqtoff;L3039;LLAVE COMBINADA DE 3/4 ;Herramientas manuales_Llaves;;7.682,00;4
Lusqtoff;L3033;LLAVE COMBINADA DE 3/8 ;Herramientas manuales_Llaves;;3.216,00;3
Lusqtoff;L3024;LLAVE COMBINADA DE 30 MM ;Herramientas manuales_Llaves;;25.116,00;1
Lusqtoff;L3025;LLAVE COMBINADA DE 32 MM ;Herramientas manuales_Llaves;;25.936,00;1
Lusqtoff;L3027;LLAVE COMBINADA DE 36 MM ;Herramientas manuales_Llaves;;37.675,00;1
Lusqtoff;L3028;LLAVE COMBINADA DE 41 MM ;Herramientas manuales_Llaves;;63.181,00;1
Lusqtoff;L3029;LLAVE COMBINADA DE 46 MM ;Herramientas manuales_Llaves;;95.693,00;1
Lusqtoff;L3032;LLAVE COMBINADA DE 5/16 ;Herramientas manuales_Llaves;;3.113,00;2
Lusqtoff;L3037;LLAVE COMBINADA DE 5/8 ;Herramientas manuales_Llaves;;5.285,00;5
Lusqtoff;L3030;LLAVE COMBINADA DE 50 MM ;Herramientas manuales_Llaves;;119.765,00;1
Lusqtoff;L3000;LLAVE COMBINADA DE 6 MM ;Herramientas manuales_Llaves;;2.335,00;3
Lusqtoff;L3001;LLAVE COMBINADA DE 7 MM ;Herramientas manuales_Llaves;;2.335,00;3
Lusqtoff;L3034;LLAVE COMBINADA DE 7/16 ;Herramientas manuales_Llaves;;3.564,00;5
Lusqtoff;L3041;LLAVE COMBINADA DE 7/8 ;Herramientas manuales_Llaves;;9.505,00;5
Lusqtoff;L3002;LLAVE COMBINADA DE 8 MM ;Herramientas manuales_Llaves;;2.827,00;7
Lusqtoff;L3003;LLAVE COMBINADA DE 9 MM ;Herramientas manuales_Llaves;;2.991,00;8
Lusqtoff;L3036;LLAVE COMBINADA DE 9/16 ;Herramientas manuales_Llaves;;5.101,00;4
Lusqtoff;LIL900-8;Llave De Impacto 900w Lusqtoff Lil900-8 ;Herramientas electricas_Fuerza;;167.706,00;5
Lusqtoff;LIL1900-9B;LLAVE DE IMPACTO A BATERIA ENCASTRE 1/2 - Black Series ;Herramientas electricas_Fuerza;;159.320,00;3
Lusqtoff;LIL530-8B;Llave de impacto Inalambrica 530 nm + cargador y 2 baterias 18v - Lusqtoff - LIL530-8B ;Herramientas electricas_Fuerza;;471.144,00;4
Lusqtoff;LIL1500-9B;Llave de Impacto Inalámbrico Black Series NO INCLUYE  BATERÍA NI CARGADOR ;Herramientas electricas_Fuerza;"- Velocidad variable 0-2900r/min 0-1800
- Tensión 18v
- Torque máx. 1500nm
- Encastre 3/4''
- Motor con tecno. BRUSHLESS
- Mango ergonómico
- Interruptor sentido de rotación
- Compatible con la línea IRON VOLT
- Posee luz led
- Incluye: Mango
- Llave de ajuste
- Guarda de seguridad
- 3 años de garantía";524.081,00;2
Lusqtoff;LIL800-9BK;Llave inalambrica de impacto de 1/2'' 750NM - Black Series Iron Volt - Lusqtoff LIL800-9BK ;Herramientas electricas_Fuerza;"- Tensión: 18 V
- Amper batería: 4 Ah.
- Encastre: 1/2''
- Torque máx.: 750 Nm
- Cantidad de velocidades: 2 (0-900 RPM) y (0-2150 RPM)
- Velocidad: Ro 0-2150/min
- Impactos: 0-3250 GPM
- Peso: 5.8 kg.
- Luz led de alta iluminación
- Clip para colgar
- Selector electrónico de torque (x2)
- Tecnología Brushless
- 3 años de garantía

INCLUYE

- Lubricante
- 2 tubos (19 y 21 mm.)
- 2 baterías de 4 Ah.
- Cargador
- Correa de hombro portátil
- Maletín de traslado";440.228,00;11
Lusqtoff;L3400;Llave para Caño 1'' ;Herramientas manuales_Llaves;"- Material: tratamiento anticorrosivo
- Sistema de rápido apertura de mordaza
- Cromo Molibdeno
- Apertura máxima: 25 mm.
- Garantía: 10 años";15.365,00;1
Lusqtoff;L3404;Llave para Caño 2'' ;Herramientas manuales_Llaves;"- Material: tratamiento anticorrosivo
- Sistema de rápido apertura de mordaza
- Cromo Molibdeno
- Apertura máxima: 25 mm.
- Garantía: 10 años";40.973,00;1
Lusqtoff;L1053;Llave para Tuercas con Orificios Laterales 10 Piezas ;Herramientas manuales_Llaves;;106.531,00;2
Lusqtoff;L1021;LLAVE SACA FILTROS DE ACEITE AJUSTABLE 10'' ;Herramientas manuales_Llaves;;20.486,00;3
Lusqtoff;L1022;LLAVE SACA FILTROS DE ACEITE AJUSTABLE 12'' ;Herramientas manuales_Llaves;;22.535,00;4
Lusqtoff;LQ-SL100;Luminaria Solar de Calle 100W 6500K ;Hogar_Iluminacion;;61.050,00;3
Lusqtoff;LQE-LUMBISOL-2F;Luminaria Solar LED RGB Bidireccional 2 Focos ;Hogar_Iluminacion;"- 40 Lumenes
- Bateria de litio 600mAh
-  Material ABS
- Indice de proteccion: IP65
- Autonomia mas de 12 hs
- Voltaje 4.5V / 150mA
- Garantia 2 años";15.389,00;6
Lusqtoff;LQ-SL50;Luminaria Vial Solar 50W 6500K ;Hogar_Iluminacion;;48.564,00;4
Lusqtoff;LJL1300-8;Lustralijadora - Pulidora 1300w - Lusqtoff LJL1300-8 ;Herramientas electricas_Lijado y pulido;"Incluye llave de ajuste, mango, gorro de pulir, disco de goma de respaldo, disco de lija, llave hexagonal, maletín de traslado y plato con abrojo.
Velocidad variable.
1300W de potencia.";167.706,00;1
Lusqtoff;LQE-EME30F;Luz de Emergencia 30 Leds Luz Fria 6500K ;Hogar_Iluminacion;"- Alimentacion 220V 50/60 hz - 2W
- Potencia 30 leds Alto brillo (SMD)
- Flujo luminoso 110 lm
- Bateria Litio 3.7V - 1A (Recargable)
- Tiempo de carga 20-24h
- Autonomia 3h(alta) - 6h (baja)
- Dimensiones alto 159 / ancho 43 / Prof. 24.5 mm";10.864,00;9
Lusqtoff;LQE-EME60F;Luz de Emergencia 60 Leds Luz Fria 6500K ;Hogar_Iluminacion;"- Autonomia 3h (alta) - 6h (baja)
- Potencia 60 leds alto brillo (SMD)
- Voltaje 220V
- Bateria de Litio 3.7V -1.2 A (RECARGABLE)
- Tiempo de carga 20-24h
- Dimensiones: alto 250 / ancho 55 / prof. 27mm";19.840,00;8
Lusqtoff;L7911;Luz Led Recargable Tira Flexible Con Iman ;Hogar_Linternas;;49.168,00;12
Lusqtoff;LQE-SL02;Luz Led Solar de Exterior Litio / Acero Inoxidable ;Hogar_Iluminacion;"- Voltaje 3.7V
- Color de la Luz: Calida
- Temperatura de color: 3.000 K
";25.041,00;11
Lusqtoff;LQE-SL33;Luz LED Solar Gran Angular 333 Leds - LQE-SL333 ;Hogar_Iluminacion;;47.995,00;9
Lusqtoff;RATL189BR02;Mandril 10mm para ATL18-9B ;Repuestos;;18.866,00;8
Lusqtoff;RTAL128AR02;Mandril para Taladro Atornillador Inalambrico TAL12-8A ;Repuestos;;6.288,00;4
Lusqtoff;RTIL809BKR3;Mandril para TIL80-9BK ;Repuestos;;22.011,00;2
Lusqtoff;RMON3507R5;Mango Control de Freno p/MON350-7 ;Repuestos;;25.155,00;1
Lusqtoff;RF12L8R9;Mango de Accion para F12L/F16L/F20L ;Repuestos;;1.572,00;2
Lusqtoff;RLA1500MMR23;MANGUERA ;Repuestos;LA-1500M;10.481,00;1
Lusqtoff;RHL11092R16;Manguera  P/HL110-9 ;Repuestos;;42.117,00;1
Lusqtoff;RHL120BR35;Manguera Alta Presión P/HL-120 ;Repuestos;;20.963,00;3
Lusqtoff;MCBL30-8;MANGUERA CORRUGADA BICOLOR TUBE 30M ;Accesorios;;52.408,00;2
Lusqtoff;MCML30-8;MANGUERA CORRUGADA MONOCHROME TUBE 30M ;Accesorios;;54.970,00;1
Lusqtoff;RHL13092R19;Manguera para Hidrolavadora p/HL130-9 ;Accesorios;;44.031,00;2
Lusqtoff;LHMG;Manguera universal para hidrolavadora 6 mts - Lusqtoff LHMG ;Accesorios;;14.674,00;8
Lusqtoff;RRML8507R95;MANIJA AGARRE COMPLE P/RML850-7 ;Repuestos;RML850-7;6.813,00;1
Lusqtoff;RMDL17509R94;Manija p/ MDL1750-9 ;Repuestos;;30.396,00;1
Lusqtoff;RLC2550BR33;MANOMETRO CHICO LC-2025/2550/30100/40100 ;Repuestos;LC-2550B/LC-2025/LC-30100/LC-40100;10.481,00;5
Lusqtoff;RLC2025R28;MANOMETRO GRANDE LC-2025/40100 ;Repuestos;LC-2025/LC-40100;10.481,00;5
Lusqtoff;MCS12L-8;MAQUINA DE COSER ;Hogar_Pequeños electrodomesticos;;83.853,00;9
Lusqtoff;MLA1500-9;Maquina Laser con Refrigeracion  por Agua Black Series ;Herramientas electricas_Soldadoras;"- Potencia de entrada: Monofasica AC 220 V
- Frecuencia de alimentacion: 50/60 Hz
- Corriente de entrada nominal: 30 A
- Capacidad de entrada nominal: 6.6 Kva
- Longitud de onda del laser de salida:1080 +- 5 nM
- Potencia maxima de salida: 1500 W
- Espesor de soldadura (acero inoxidable) (mm): espesor recomendado 0,5; espesor max: 6
- Espesor de corte (acero inoxidable) (mm): espesor recomendado 0,5; espesor  max. 6
- Formato de limpieza (mm): 0-80
- Soldadura, corte, desoxidacion y limpieza
- Material de soldadura recomendado: acero al carbono, acero inox., galvanizado, aluminio, aleacion de niquel, aleacion de titanio y cobre
- Alambres adecuado: Acero al carbono, acero inox., alambre de aluminio, cobre (desde 0,6 mm hasta 1,6 mm)
- Clase de aislamiento: H
- Tipo de proteccion: IP21S
- Tipo de enfriamiento: refrigeracion por agua
- Equipo clase 4 (EN60825-1)
- Biblioteca de procesos (75 procedimientos)
- Garantia 3 años";16.655.388,00;1
Lusqtoff;L7038;Marcador Indeleble Industrial Amarillo ;Accesorios;"- Punta 3,8 mm
- Usos: Vidrio / Plastico / Madera / Metal";2.253,00;7
Lusqtoff;L7035;Marcador Indeleble Industrial Blanco ;Accesorios;"- Punta 3,8 mm
- Usos: Vidrio / Plastico / Madera / Metal";2.253,00;6
Lusqtoff;L7037;Marcador Indeleble Industrial Negro ;Accesorios;"- Punta 3,8 mm
- Usos: Vidrio / Plastico / Madera / Metal";2.253,00;9
Lusqtoff;L7036;Marcador Indeleble Industrial Rojo ;Accesorios;"- Punta 3,8 mm
- Usos: Vidrio / Plastico / Madera / Metal";2.253,00;7
Lusqtoff;MDL2000-9;Martillo Demoledor  2000w ;Herramientas electricas_Fuerza;;1.340.088,00;2
Lusqtoff;MDL1050-9;Martillo demoledor 1050W 4J + maletín - Lusqtoff MDL1050-9 ;Construccion_Demoledores;"- Potencia: 1050 Watts
- Golpes: 2900 G.p.m
- Energía: 4 Joules
- Encastre: Hex 17
- Peso: 9,3 Kg
- Origen: China
- Garantía oficial de 2 años
- Presentación: maletín plástico

Incluye:

- Cincel Plano
- Cincel Punta
- Maletín
- Mango Lateral
- Llave de ajuste
- 2 carbones
- Manual de instrucciones";143.580,00;4
Lusqtoff;MDL1500-9;Martillo demoledor 1500w Black Series SDS MAX 8-25J - Lusqtoff MDL1500-9 ;Construccion_Demoledores;"- Tensión 220v 
- Potencia: 1500w
- Tipo de portaboca: SDS MAX
- Tasa de impacto máx: 900-1900 min
- Joules de impacto: 8-25J
- Peso: 33,56kg
- GarantÍa de 3 años";363.738,00;2
Lusqtoff;MDL1750-8;Martillo Demoledor 1700 W ;Construccion_Demoledores;"- Tension 220 V 50Hz
- Impacto 60 Joules
- Encastre Hexagonal 30mm
-  Golpes por minuto: 1900 BPM
- Cable: 2mts
- Nivel de ruido: 85 Db
- Incluye:
- 1 cincel 410mm
- 1 punta 410mm
- 1 maletin de traslado con ruedas
- 1 aceite para el piston
- 1 mango auxiliar
- 2 llaves de ajuste
- Garantia 2 años";287.161,00;4
Lusqtoff;MDL1750-9;Martillo demoledor 1750W - Lusqtoff MDL1750-9 ;Construccion_Demoledores;"- Tensión: 220 V ~50 Hz
- Potencia: 1750 W
- Golpes por min.: 1300/min.
- Impacto: 42 J
- Encastre: hexagonal
- Peso: 16,78 kg.
- Empuñadura auxiliar
- Sistema reductor de vibraciones
- Incluye maletín con ruedas + 1 punta de 28 mm.";928.490,00;1
Lusqtoff;L7512;Martillo Galponero Mango de Fibra 565g - Lusqtoff HM ;Herramientas manuales_Mazas y martillos;"- Peso 565 g (20 OZ)
- Mango de fibra de vidrio
- Empuñadura ergonómica y antideslizante
- Cabeza pulida";11.267,00;2
Lusqtoff;ST-1I;Máscara fotosensible - Lusqtoff ST-1I ;Accesorios;;34.389,00;2
Lusqtoff;ST-1N;Mascara Fotosensible para Soldar ;Herramientas manuales_Mascaras fotosensibles;"- Area de vision 90x35mm
- Tamaño del  casette: 110x90x9 mm
- Sensor de arco: 2
- DIN (graduacion): 4/11
- Claridad optica: 1/1/1/2
- Tipo de encendido: automatico
- Velocidad de sensibilidad: 1/10.000
- Proteccion UV/IR: DIN 16
- Retardo  de proteccion: Automatico (0.10-0.45 seg.)
- Fuente de alimentacion: banda solar/bateria integrada
- Temperatura de funcionamiento: -5°C/+55°C
- Temperatura de almacenamiento: -20 °C/+70 ° C
- Certificacion: CE Y ANSI
- Control de sombra automatico
- Control de sensiblidad: automatica
- Bateria de litio
- Garantia 2 años";29.673,00;3
Lusqtoff;LOD707;Mate 300 Ml Blanco 3 Estrellas ;Hogar_Termos y mates;#¿NOMBRE?;17.788,00;14
Lusqtoff;MATLV-9;Mate 300 ml verde - Lusqtoff MATLV-9 ;Hogar_Termos y mates;;18.866,00;7
Lusqtoff;MATLN-8B;Mate acero inoxidable negro con bombilla - Lusqtoff MATLN-8B ;Hogar_Termos y mates;;9.882,00;1
Lusqtoff;LQMAT;Mate campestre de vidrio forrado - Lusqtoff LQMAT ;Hogar_Termos y mates;;4.192,00;17
Lusqtoff;MATLR-9;Mate Rosa Acero Inoxidable 300ml Termico - Lusqtoff MATLR-9 ;Hogar_Termos y mates;"- Capacidad 300 ml
- Apto Frio calor
- Ideal para Terere y Mate
- Material exterior: pintura tipo esmalte horneada de componente amino
- Boca Ancha
- Cuenta con una cámara de aire de acero inoxidable 304 SS que mantiene la temperatura dentro del recipiente en perfecto estado.
- Peso: 163gr.
- Alto: 11cm
- Ancho: 8.5cm
- Mate super liviano y resistente a los golpes
- 30 minutos CALIENTE - 3 horas FRÍO. (aproximado)";8.385,00;12
Lusqtoff;MFOS26-9;MECHA FOSTNER 26MM ;Accesorios;;6.288,00;1
Lusqtoff;MEDL120-9;Medidor Laser Distancia 120M - Black Series MEDL120-9 ;Herramientas manuales_Nivelación y medición;"- Luz verde
- 2 Pilas AA
- Distancia 120m
- Aplicaciones de medición: Distancia - Área - Volúmen - Altura indirecta - Pitágoras - Ángulos duales
- Dimensiones 121 x 48 x 26mm
- Conector de carga para pilas recargables tipo C
- Presición +/- . Memoria de 30 datos
- Entrada rosca para trípode 1/4''
- Protección IP54
- Cable conector de carga tipo C
- 1 Correa de mano";134.008,00;2
Lusqtoff;MEGAIRON140-9;Mega Kit Soldador con 2 escuadras - Lusqtoff MEGAIRON140-9 ;Herramientas electricas_Soldadoras;"

Soldadora Inverter Iron-140 MMA 120A + Maletin + Escuadras

CARACTERISTICAS

-Marca: Lusqtoff
-Modelo: MEGAIRON140-9
-Tensión: 220 V ? 50 Hz
-Rango de soldadura: 10 - 120 A
-Ciclo de trabajo 60% - 120 A
-Voltaje de salida en vacío: 66 V
-Tipo de consumible: electrodo
-Diámetro del consumible: 1,6 - 3,25 mm
-Tecnología Anti Stick
-Peso: 3.5 kg

INCLUYE
- Soldadora IRON-140
- 2 Escuadras
";201.013,00;6
Lusqtoff;MEL75-8I;MESA DE CAMPING ;Hogar_Muebles;;113.201,00;6
Lusqtoff;TC-1350;Mesa Estantes Carro Porta Herramientas 4 Ruedas - Lusqtoff TC-1350 ;Almacenamiento;"- Tamaño: 77x36x76 cm
- Espesor: 0,7mm
- Peso: 10Kg
- 4 Ruedas: 2 fijas, 2 móviles";104.816,00;2
Lusqtoff;L4052;Mini Alicate Corte Oblicuo (115Mm) ;Herramientas manuales_Pinzas y alicates;;4.711,00;6
Lusqtoff;LC-882;MINI COMPRESOR DE AIRE ;Herramientas electricas_Compresores;;57.432,00;30
Lusqtoff;MCL150-8;Mini Compresor Inflador Portatil 12v - 150 psi Auto Digital - Lusqtoff MCL150-8 ;Herramientas electricas_Compresores;"- Voltaje: 220 V - 50 Hz
- Potencia: 0,37 HP / 275W
- Voltaje nominal: 12V
- Presión máxima: 150 PSI
- Velocidad de flujo: 60l/min
- Fase eléctrica: monofásica
- Pantalla LED y linterna
- Doble pistón
- Material: acero
- Ud. de medida: PSI, BAR, KPA y Kg/cm2
- Incluye: 1 Bolso de transporte
- 1 Manómetro digital con indicador y medidor de presión
- Corte automático
- 1 Manguera
- 1 Manguera espiralada 5 metros
- 1 Par de cocodrilos
- 3 Picos (Bicicletas, Inflables, Pelota)
- 1 Fusible para conector eléctrico 12 V";65.090,00;1
Lusqtoff;L4054;Mini Pinza De Punta Media Caña (125Mm) ;Herramientas manuales_Pinzas y alicates;;4.711,00;3
Lusqtoff;L4050;Mini Pinza Universal (120Mm) ;Herramientas manuales_Pinzas y alicates;;4.711,00;1
Lusqtoff;MTL150-9;MINI TORNO 150W 220V-50HZ con Accesorios ;Herramientas electricas_Lijado y pulido;;83.853,00;2
Lusqtoff;MOCL-8;Mochila portaherramientas hasta 15kg - Lusqtoff MOCL-8 ;Indumentaria_Mochilas;;76.744,00;1
Lusqtoff;FGH40N60;MODULO IGBT ;Repuestos;IRON-100;7.232,00;4
Lusqtoff;FGH60N60;MÓDULO IGBT ;Repuestos;IRON-100 / IRON-150/ IRON-180/IRON-250/IRON-300;8.385,00;10
Lusqtoff;TB-MC4;MORSA 2 EJES P/ PERF. MORD 100mm ;Herramientas manuales_Morsas;;96.430,00;1
Lusqtoff;LMP1004;MORSA 4'' ;Herramientas manuales_Morsas;;178.187,00;3
Lusqtoff;LMP1005;MORSA 5'' ;Herramientas manuales_Morsas;;241.077,00;1
Lusqtoff;LMP1006;MORSA 6'' ;Herramientas manuales_Morsas;;335.412,00;1
Lusqtoff;LMP1008;MORSA 8'' ;Herramientas manuales_Morsas;;387.820,00;1
Lusqtoff;LMO3;MORSA BANCO C BASE GIRATORIA 3'' ;Herramientas manuales_Morsas;;50.311,00;8
Lusqtoff;LMP1003;Morsa Industrial de Banco n°3 Black Series ;Herramientas manuales_Morsas;;115.297,00;1
Lusqtoff;LMB-20;MOTOBOMBA NAFTERA 2'''' 5.5HP 340 ;Jardin y agro_Riego;;251.559,00;1
Lusqtoff;LMB-30;MOTOBOMBA NAFTERA 3'' 6.5HP ;Jardin y agro_Riego;;283.003,00;1
Lusqtoff;LMB-20P;MOTOBOMBAS NAFTERA 2  ALTA P ;Jardin y agro_Riego;;440.228,00;1
Lusqtoff;RLA1500MMR05;MOTOR ASPIRADORA ;Repuestos;LA-1500M;79.136,00;3
Lusqtoff;RHL120R45;MOTOR COMPLETO HL-120 ;Repuestos;HL-120/LHA-120K;140.453,00;1
Lusqtoff;RATL188BR06;MOTOR DC ;Repuestos;TAL18-8;13.626,00;2
Lusqtoff;RTAL128AR33;Motor DC 12V para Taladro Atornillador TAL12-8A ;Repuestos;;19.915,00;5
Lusqtoff;LM621;Motor Fuera de Borda 2.5hp 62cc - Lusqtoff - Lm621 ;Jardin y agro_Motores;"Características:
- Marca: Lusqtoff
- Modelo: LM621
- Arranque manual
- Potencia: 1.8W/2.5HP
- Tipo de Motor : 2 Tiempos
- Cilindrada 62 cc
- Revoluviones Maximas : 6500 rpm
- Encendido : Arranque Manual
- Capacidad del tanque :1,1 Litros
- Hélice : 3 aspas x 186 mm
- Caja de engranajes: Sellada 100%
- Botón de Apagado
- Inclinación : 4 Posiciones
- Peso : 11.8 Kg
- Carburador 13 mm Tipo Ventury con Flotante
- Lubricación del Motor : mezcla de aceite en la nafta
- Refrigeración del Motor : Refrigerado por Aire (sistema ecológico)";377.338,00;2
Lusqtoff;LM390E;MOTOR NAFTERO 13HP 3600RPM A/E L ;Jardin y agro_Motores;"- Tipo de motor: 4 tiempos
- Potencia: 13 HP / 9,69 KW / 13,17 CV
- Aceite: 4T
- Cilindrada: 389 CC
- Arranque: eléctrico
- Capacidad del tanque: 6,5 lts
- Fuente de alimentación: nafta
- Diámetro eje: 25 mm
- Peso: 35 kg

-- INCLUYE --
- Cigüeñal chaveteado";478.603,00;3
Lusqtoff;LMR390-9;MOTOR NAFTERO 13HP 3600RPM A/M L - DISEÑO RACING ;Jardin y agro_Motores;;430.742,00;1
Lusqtoff;RLIL5308BR28;MOTOR P/LIL530-8B ;Repuestos;LIL530-8;22.912,00;2
Lusqtoff;RLTL208R14;MOTOR P/LTL20-8 ;Repuestos;LTL20-8;110.057,00;1
Lusqtoff;RTB16AR47;MOTOR P/TB-16A ;Repuestos;TB-16A;204.915,00;1
Lusqtoff;RATL189BR06;Motor para ATL18-9B ;Repuestos;;20.963,00;22
Lusqtoff;RLA2501MR10;MOTOR PARA LA-2501M ;Repuestos;LA-2501M;113.201,00;3
Lusqtoff;RLCO468BR60;Motor para LCO46-8B ;Repuestos;;306.063,00;1
Lusqtoff;RML3008BR38;Motor para ML300-8B ;Repuestos;;188.669,00;3
Lusqtoff;RTB13R08;MOTOR PARA TB-13 ;Repuestos;TB-13;86.787,00;1
Lusqtoff;GS3800;Motosierra 16'' - 36cc - Lusqtoff GS3800 ;Jardin y agro_Corte y poda;"Motor 2 T
Cilindrada 36 cc
Potencia 2 HP
Espada 16''
Paso de la Cadena 3/8 LP
Tanque de nafta 0.3 lts
Tanque de aceite 0.2 lts
Combustible mezcla
Garantía 6 meses";195.270,00;1
Lusqtoff;GS6200;Motosierra 22'' - 62cc - Lusqtoff GS6200 ;Jardin y agro_Corte y poda;"Motor 2 T
Cilindrada 62 cc
Potencia 4.1 HP
Espada 22?
Paso de la Cadena 3/8 LP
Tanque de nafta 0.5 lts
Tanque de aceite 0.3 lts
Combustible mezcla
Garantía 6 meses";335.022,00;6
Lusqtoff;PROM-52GC;Motosierra 52CC - Espada 20'' - Garden Plus Prom-52GC ;Jardin y agro_Corte y poda;;99.549,00;52
Lusqtoff;GS-2500;Motosierra de poda 25.4cc - 4.3HP - Lusqtoff GS-2500 ;Jardin y agro_Corte y poda;"Motor 2 T
Cilindrada 25.4 cc
Potencia 4.3 HP
Espada 12?
Paso de la Cadena 3/8 LP
Tanque de nafta 1.60 lts
Aceite lubricante de cadena 1.60 lts
Combustible mezcla
Garantía 6 meses";201.013,00;1
Lusqtoff;GS52-7;Motosierra Naftera 52CC 20'' - GS52-7 ;Jardin y agro_Corte y poda;"- Tipo de motor: 2T
- Cilindrada: 52 CC
- Potencia: 2,5 HP
- Espada: 20''
- Paso de la cadena: 325
- Tanque de nafta: 0.5 L
- Tanque de aceite: 0,3 L
- Combustible: Mezcla
- Garantia: 6 Meses";111.035,00;104
Lusqtoff;MTLE26-8;Mototaladro Mandril 16mm Explosion 33cc - Lusqtoff MTLE26-8 ;Construccion_Motoimplementos;;229.729,00;11
Lusqtoff;MCOL320-8;Multicortadora Oscilante 320W ;Herramientas electricas_Corte;;167.706,00;1
Lusqtoff;L8050;Muñequera Magnetica con Velcro ;Herramientas manuales;;10.481,00;2
Lusqtoff;L7045;Nivel De Aluminio 600 MM ;Herramientas manuales_Cintas y niveles;;16.276,00;1
Lusqtoff;L7046;Nivel De Aluminio 800 MM ;Herramientas manuales_Cintas y niveles;;20.112,00;1
Lusqtoff;NV20L-9;Nivel Laser a Bateria 360° - Black Series NV20L-9 ;Herramientas manuales_Nivelación y medición;"- Distancia 20m-40m con placa objetivo
- Alimentación a batería de 2600mAh Li-ion
- Conector de carga para pilas recargables tipo C
- Precisión +/- 3mm / 10mm
- Pantalla Led
- Entrada rosca para trípode 1/4
- Garantía 3 años
- Luz Verde 360°
- 2 Pilas AA
- USB C
- Base imantada
- Incluye:
- 1 batería de 2600 mAh Li-on
- 1 placa objetivo
- 1 soporte magnético de 360°
- 1 adaptador para pilas AA
- 1 cable conector de carga tipo C
- Gafas para láser verde
- 1 maletín de transporte";340.765,00;2
Lusqtoff;NV3L-9;Nivel Laser a bateria Lusqtoff NV3L-9 ;Herramientas electricas_Medicion;"- Alcance 40 metros
- Distancia de trabajo 25 m 40 m con detector de láser
- Precisión de nivelado + - 3 mm /10 m
- Rango de auto nivelado 3°+-1°
- Tiempo de nivelación 3 seg.
- Niveles 3 x 360°
- Funciones horizontal, vertical y cruz (X,Y;Z)
- Potencia láser clase 2
- Temperatura de funcionamiento -10° a 50°
- Temperatura almacenamiento -20° a 70°
- Uso de batería (completa) 7 hs
- Protección IP54 (contra polvo)
- Con sistema de bloqueo de péndulo
- Encastre en la base 1?4
- INCLUYE
- Bolso de transporte, funda de protección
- Base magnética para construcción en seco con encastre para trípode de 1?4 y 5/8, apto para instalación con reglas horizontales
- Cable USB para recarga de batería";315.878,00;2
Lusqtoff;NVL515-9;Nivel láser autonivelante 360° luz verde 515mm - Lusqtoff NVL515-9 ;Herramientas electricas_Medicion;"- Cantidad de lineas: 2
- Cobertura de propagación horizontal: 360°
- Cobertura de propagación vertical: 130°
- Rango de operación: 30mts
- Rango de autonivelación +-2.5º
- Fuente de alimentación: 4 pilas AA - ( No incluidas )
- Tiempo de funcionamiento: 5 horas (completamente encendido)
- Peso: 0.8kg
- Precisión horizontal / vertical: ± 3 mm / 10 m
- Longitud de onda láser: 515 nm
- Color de luz: verde";258.445,00;4
Lusqtoff;RGC509040R10;O RING 36.3 ;Repuestos;GC9040-50;1.048,00;2
Lusqtoff;RMDL20009R10;O Ring de martillo p/MDL200-9 ;Repuestos;;5.240,00;2
Lusqtoff;OHL5-9;Organizador de Herramientas para Pared - Lusqtoff OHL5-9 ;Almacenamiento;"- Dimensiones: largo 540 mm x profund. 250 mm x alto 340mm
- Peso: 11 Kilos.
- Estante superior.
- 1 cajón
- 5 compartimentos inferiores
- Inluye: 
- 4 tornillos
- 4 tarugos para montaje.";245.841,00;1
Lusqtoff;RMDL17509R4;Oring 17x17,5 p/MDL1750-9 ;Repuestos;;4.454,00;4
Lusqtoff;RMDL17509R12;Oring de Amortiguacion 56x12 p/ MDL1750-9 ;Repuestos;;1.048,00;3
Lusqtoff;RHL10081R44;Oring de asiento para hidrolavadora HL1 ;Repuestos;;262;6
Lusqtoff;RLPS1585ZR15;ORING DE AUTOMATICO ;Repuestos;LPS15-8.5Z;1.205,00;8
Lusqtoff;RLPA407R20;Oring de automatico p/ LPA40-7 ;Repuestos;;262;5
Lusqtoff;RLQSMARTER25R36;ORING DE BASE P/LQSMARTER-25 ;Repuestos;LQSMARTER25;2.410,00;1
Lusqtoff;RHL11091R03;Oring de Salida para Hidrolavadora HL110-9 ;Repuestos;;524;6
Lusqtoff;RHL10081R46;Oring Interno Asiento para Hidrolavadora ;Repuestos;;262;6
Lusqtoff;RHL11091R27;Oring Interno Asiento para Hidrolavadora HL110-9 ;Repuestos;;1.048,00;6
Lusqtoff;RMDL17509R22;Oring Superior de Martillo 58x5 p/ MDL1750-9 ;Repuestos;;5.240,00;8
Lusqtoff;LPACK003-8;Pack Racing a Bateria Amoladora Angular 115mm (AML115-8BK) + Taladro con Percutor (ATL18-8) + Llave de Impacto (LIL600-8BK) + Linterna Adaptador USB (LAUSB-8B) ;Herramientas electricas;"- ATL18-8 Taladro con percutor 
- Tension 18V / Velocidad n°0-450/0-1350/MIN
- Torque 25 N.M / Mandril 10mm
- Llave de Impacto LIL600-8BK
- Tension 18 V / Velocidad 0-2200 R/MIN
- Frecuencia de impacto 0-3600 BP / Torque 600 NM / Medida de encastre 1/2''
- Amoladora Angular AML115-8BK:
- Tension 18 V / Velocidad 8500 RPM / Diametro de disco 115 mm / Rosca M14
- Linterna Adaptador USB LAUSB-8B
- Tension 18 V /  Salida 5V ± 250MV, 2.0A / Dos entradas (PUERTOS) USB
- Luz Led integrada / Funcion Power Bank y carga rapida
- Bateria compatible con la Linea Iron Bolt
- INCLUYE EL PACK:
- 1 Maletin
- 1 Bateria 18V de 2AH - 619475
- 1 Bateria 18V de 4AH - 619476
- 1 Cargador de baterias
- 1 Guarda protectota
- 1 Llave de ajuste
- 1 Mango auxiliar
- 1 Punta 1/4'' x 65mm
- Tubos de 17,19,21 y 23mm
- Garantia de Cargador y Baterias: 6 Meses
- Garantia Maquinas: 2 Años
";419.265,00;9
Lusqtoff;AR193;PALA REVOCADORA NEUMATICA ;Jardin y agro_Manuales;;76.576,00;1
Lusqtoff;RLOL2608R35;PALANCA ;Repuestos;LOL260-8;524;6
Lusqtoff;P08L-8;PALO MANGO EXTENSIBLE 0,8 MM ESPESOR ;Accesorios;;20.963,00;15
Lusqtoff;RLAR101R09;PAÑO ;Repuestos;LAR-101;4.821,00;1
Lusqtoff;RLQIONSOLR04;PAPEL DE FILTRO PARA IONIZADOR SOLAR LUSQTOFF ;Repuestos;LQ-IONSOL;12.053,00;12
Lusqtoff;LQ-A802;Parlante Portatil Bafle Potenciado 2 x 8'' Wofer 3 vias Microfono Inalambrico Negro ;Hogar_Audio y video;"- LQE44
- Voltaje 220V
- Cantidad de parlantes: 2
- Formato del parlante: Torre
- Potencia PMPO 15200 W
- Potencia RMS 65 W
- Batería 3,7V / 3600 mah
- Duración batería hasta 6hrs
- Amplificadores Doble wooffer 8''
- Control de Volumen | volumen del micrófono | de eco
- Especificaciones Conexión Bluetooth | Entrada auxiliar miniplug | TWS (True Wireless Stereo) | Iluminación LED con efectos lumínicos | Micrófono inalámbrico con VHF incorporado | Tweeter 1''
- Medidas externas del producto: 65,5 x 25 x 21 (al. x an. x prof.)
- Garantía 6 meses";121.205,00;5
Lusqtoff;PAR61;Parrilla portatil con ruedas - A - Lusqtoff PAR61 ;Hogar_Parrillas y accesorios;"- Dimensión: 114.5 x 60 x 108 cm
- Área de asador: 55 x 41 cm
- Tipo de asador: a carbón
- Incluye: medidor de temperatura y ruedas de traslado
- Peso: 30 kg";335.412,00;3
Lusqtoff;LQ390PASTA;Pasta antiadherente 500 Gr ;Accesorios;;15.722,00;11
Lusqtoff;LQ-PV805B;Pava con Reloj Termometro Analogico Blanca 1,7Lts ;Hogar_Pequeños electrodomesticos;#¿NOMBRE?;50.989,00;4
Lusqtoff;LQ-PV805;Pava con Reloj Termometro Analogico Verde 1,7Lts ;Hogar_Pequeños electrodomesticos;#¿NOMBRE?;50.989,00;6
Lusqtoff;L4502;Pelacable Automatico Frontal ;Herramientas manuales_Pinzas y alicates;;13.316,00;1
Lusqtoff;RANL200072R21;Perilla Completa p/ ANL2000-72 ;Repuestos;;1.572,00;3
Lusqtoff;RAML8508R38;PERILLA DE ENCENDIDO ;Repuestos;AML850;2.410,00;5
Lusqtoff;RAML8509R44;Perilla de Encendido p/ AML850-9 ;Repuestos;;524;5
Lusqtoff;RLCO468BR108;Perno de Cuchilla para LCO46-8B ;Repuestos;;5.240,00;6
Lusqtoff;RAML8508R13;PERNO DE TRABA ;Repuestos;AML850;2.410,00;9
Lusqtoff;RHL11091R04;Perno Interno para Hidrolavadora P/HL110-9 ;Repuestos;;1.048,00;4
Lusqtoff;LQ-CH080;Picadora de Alimentos 500W 1200 Ml Color Celeste ;Hogar_Pequeños electrodomesticos;"- Recipiente de vidrio
- 4 cuchillas de acero inoxidable, resistentes y duraderas para un corte preciso.
- Dos niveles de velocidad para adaptarse a diferentes tipos de ingredientes y preparaciones.
- Base con soporte antivibración, que proporciona estabilidad durante el uso.
- Motor de 500W de alta potencia, diseñado para ofrecer un rendimiento óptimo en todo momento.
- Bowl de vidrio de 1200 ml de capacidad
- Tensión nominal 220 V
- Frecuencia nominal 50 Hz
- Largo del cable 98 cm con enchufe
- Garantía 6 meses";37.814,00;4
Lusqtoff;RTL19R01;Pico cebador naranja para termo - Lusqtoff RTL19R01 ;Hogar_Termos y mates;;2.096,00;24
Lusqtoff;RTL7509R01;Pico cebador verde para termo - Lusqtoff RTL7509R01 ;Hogar_Termos y mates;;2.096,00;2
Lusqtoff;RJK1008R17;Pico salida para calefactor vertical ;Repuestos;;6.288,00;3
Lusqtoff;REIGL47PR16;Piloto ods para EIGL4-7P ;Repuestos;;13.102,00;4
Lusqtoff;RJK1008R16;Piloto para Calefactor Vertical Gas para JK-1008 ;Repuestos;;7.861,00;11
Lusqtoff;RAML8508R19;PIÑON HELICOIDAL ;Repuestos;AML850;4.192,00;6
Lusqtoff;RAML8508NR24;Piñon Helicoidal para AML850 ;Repuestos;;3.144,00;4
Lusqtoff;PADL600-9;Pinza Amperimetrica Digital 600v - Black Series - Lusqtoff PADL600-9 ;Herramientas manuales_Pinzas y alicates;"- Tensión máxima DCV: 600 V
- Tensión máxima ACV: 750 V
- Corriente máxima ACA: 600 A
- Resistencia máxima: 20 MGS
- Frecuencia máxima: <2KHz
- Rango de temperatura para uso: 0°C - 40°C
- Cantidad de baterías: 2 (no incluidas)
- Tipo de batería: AAA
- True RMS: 10HZ/1KHZ
- Certificación CAT II 600 v
- Peso: 400 gr.
- Apertura de pinzas: 25 mm.
- Sensor NVC: detector sin contacto.


INCLUYE

- Estuche de guardado y cables";42.117,00;3
Lusqtoff;L4310;Pinza de Presion con Plataforma 8'' (200mm) PRO ;Herramientas manuales_Pinzas y alicates;;11.472,00;1
Lusqtoff;L4306;Pinza de Presion Mordaza Curva 10'' (250mm) PRO ;Herramientas manuales_Pinzas y alicates;;12.292,00;1
Lusqtoff;L4304;Pinza de Presion Mordaza Curva 7'' (180mm) PRO ;Herramientas manuales_Pinzas y alicates;;10.243,00;3
Lusqtoff;L4302;Pinza de Presion Mordaza Recta 10'' (250mm) PRO ;Herramientas manuales_Pinzas y alicates;;12.292,00;1
Lusqtoff;L4300;Pinza de Presion Mordaza Recta 7'' (180mm) PRO ;Herramientas manuales_Pinzas y alicates;;10.243,00;3
Lusqtoff;L4318;Pinza de Presion Tipo ''C'' 11'' (280mm) PRO ;Herramientas manuales_Pinzas y alicates;;18.438,00;4
Lusqtoff;L4316;Pinza de Presion Tipo ''C'' 9'' (230mm) PRO ;Herramientas manuales_Pinzas y alicates;;15.365,00;4
Lusqtoff;L4036;Pinza De Punta Curva 6'' (150Mm) ;Herramientas manuales_Pinzas y alicates;;9.219,00;12
Lusqtoff;L4038;Pinza De Punta Curva 8'' (200Mm) ;Herramientas manuales_Pinzas y alicates;;11.267,00;7
Lusqtoff;L4030;Pinza De Punta Media Caña 6'' (150Mm) ;Herramientas manuales_Pinzas y alicates;;6.146,00;10
Lusqtoff;L4248;Pinza de Punta Media Caña 6'' (150mm) Aislación 1000V PRO ;Herramientas manuales_Pinzas y alicates;;13.828,00;2
Lusqtoff;L4250;Pinza de Punta Media Caña 8'' (200mm) Aislación 1000V PRO ;Herramientas manuales_Pinzas y alicates;;16.901,00;1
Lusqtoff;L4254;Pinza de Punta Plana 6'' (150mm) Aislación 1000V PRO ;Herramientas manuales_Pinzas y alicates;;15.877,00;2
Lusqtoff;L4515;Pinza Multifuncion 12 en 1 ;Herramientas manuales_Pinzas y alicates;#¿NOMBRE?;28.681,00;6
Lusqtoff;L4520;Pinza Multifuncion 12 En 1 Premiun Con Estuche ;Herramientas manuales_Pinzas y alicates;#¿NOMBRE?;34.827,00;6
Lusqtoff;L1064;Pinza Para Abrazaderas ;Herramientas manuales_Pinzas y alicates;;20.486,00;2
Lusqtoff;L1010;PINZA PARA ABRAZADERAS FLEXIBLE ;Herramientas manuales;;34.827,00;4
Lusqtoff;L1042;PINZA PARA ACOPLE RAPIDO PARA LINEA DE COMBUSTIBLE ;Herramientas manuales;;20.486,00;1
Lusqtoff;L4286;Pinza para Anillo Seeger 7'' (180mm) Abrir Curva PRO ;Herramientas manuales_Pinzas y alicates;;6.863,00;1
Lusqtoff;L4284;Pinza para Anillo Seeger 7'' (180mm) Abrir Recto PRO ;Herramientas manuales_Pinzas y alicates;;6.863,00;10
Lusqtoff;L4282;Pinza para Anillo Seeger 7'' (180mm) Cerrar Curva PRO ;Herramientas manuales_Pinzas y alicates;;6.863,00;2
Lusqtoff;L4280;Pinza para Anillo Seeger 7'' (180mm) Cerrar Recto PRO ;Herramientas manuales_Pinzas y alicates;;6.863,00;8
Lusqtoff;L4272;Pinza Pico Loro 10'' (250mm) PRO ;Herramientas manuales_Pinzas y alicates;;9.936,00;1
Lusqtoff;L4274;Pinza Pico Loro 12'' (300mm) PRO ;Herramientas manuales_Pinzas y alicates;;14.340,00;13
Lusqtoff;L4242;Pinza Universal 7'' (180mm) Aislación 1000V PRO ;Herramientas manuales_Pinzas y alicates;;16.389,00;7
Lusqtoff;L4008;Pinza Universal 7'' (180Mm) ;Herramientas manuales_Pinzas y alicates;;8.194,00;6
Lusqtoff;L4244;Pinza Universal 8'' (200mm) Aislación 1000V PRO ;Herramientas manuales_Pinzas y alicates;;17.925,00;5
Lusqtoff;GP2002;Pinza Universal 8'' (200mm) ;Herramientas manuales_Pinzas y alicates;;5.564,00;3
Lusqtoff;L4010;Pinza Universal 8'' (200Mm) ;Herramientas manuales_Pinzas y alicates;;9.014,00;12
Lusqtoff;L4510;Pinza Universal Multiuso 8 Funciones Crv ;Herramientas manuales_Pinzas y alicates;"- 8 funciones: crimpear, ajustar, sujecion, desbarbado, pela cable, corta tornillos, corta cables, tirador.
- Empuñadura confort grip";16.389,00;5
Lusqtoff;P800K;PIST. DE PINTAR + TRAMPA DE AGUA ;Hogar_Pintura;;44.031,00;1
Lusqtoff;L7174;Pistola Aplicadora de Aluminio 15'' Profesional - Lusqtoff HM ;Herramientas manuales;;17.413,00;1
Lusqtoff;L7172;Pistola Aplicadora de Aluminio 9'' Profesional ;Herramientas manuales;;14.852,00;2
Lusqtoff;PCL1600-7;PISTOLA DE AIRE CALIENTE 1600V ;Herramientas electricas_Calor;;41.926,00;1
Lusqtoff;PCL2000-9;Pistola de calor 2000W - Lusqtoff PCL2000-9 ;Herramientas electricas_Calor;;100.623,00;6
Lusqtoff;882S2;PISTOLA DE PINTAR HVLP SUCCION ;Herramientas electricas_Pintura;;49.774,00;4
Lusqtoff;LC-06;PISTOLA DE TEXTURADO PROF. DEP 5 ;Herramientas neumaticas_Taller;;45.945,00;2
Lusqtoff;LL-32;PISTOLA PARA PINTAR ;Herramientas electricas_Pintura;"-Tipo: pistola de succión
 - Batería: 18 V
- Depósito: 0,9 lts
- Boquilla: 1,8 mm
- Presión de trabajo: 1,8 Psi
- Velocidad de rotación: 22000 RPM
- Caudal de aire: 330 ml/min.
- Distancia de pintado: 200-250 mm
- Norma de seguridad: IEC 60745-2-7
- Incluye: batería de litio y cargador
- Peso: 2,2 Kg";139.752,00;2
Lusqtoff;RGC509040R89;PISTON COMPLETO ;Repuestos;GC9040-50;10.481,00;2
Lusqtoff;RLD52R10;PISTON COMPLETO 52 CC (PISTÓN - ARO- PERNO Y SEGURO) ;Repuestos;LD-52/PRO-52/LD-52PRO;7.861,00;5
Lusqtoff;RLM390R29;PISTON MOTOR MOTOBOMBA GENERADOR 13 HP ;Repuestos;LM-390/ LG-7500;18.080,00;1
Lusqtoff;RLM420R29;PISTON MOTOR MOTOBOMBA GENERADOR 15 HP ;Repuestos;LM-420/LG-8500;29.348,00;1
Lusqtoff;RCN90R101;PISTON SET(PISTON COMPLETO) ;Repuestos;CN-90;78.612,00;4
Lusqtoff;RLAR102R12;PLACA PRINCIPAL P/LAR-102 ;Repuestos;LAR-102;17.818,00;1
Lusqtoff;RSML1508R02;PLACA PRINCIPAL P/SML150-8 ;Repuestos;SML150-8;272.522,00;2
Lusqtoff;LIC18W;Plafon Embutir Cuadrado 18W ;Hogar_Iluminacion;;5.046,00;39
Lusqtoff;LER24W;Plafon Redondo Exterior 24W Luz Fria 6500K / 2160 Im ;Hogar_Iluminacion;;8.594,00;12
Lusqtoff;RPCL20009R08;PLAQUETA ;Repuestos;PCL2000-9;29.348,00;1
Lusqtoff;RHLPA4013ZR19;PLAQUETA ;Repuestos;LPA40-13Z;1.048,00;3
Lusqtoff;RLGI3500R15;PLAQUETA 12V LGI3500EC ;Repuestos;LGI3500EC;38.572,00;1
Lusqtoff;RLPS1585ZR19;PLAQUETA DE AUTOMATIZACION PARA BOMBA PRESURIZADORA 8,5 /13M ;Repuestos;LPS15-8.5Z;12.577,00;5
Lusqtoff;RLA2501MR07;PLAQUETA DE COMANDO ;Repuestos;LA-2501M;12.053,00;3
Lusqtoff;RIRON300R17;PLAQUETA DE CONTROL IRON-300 ;Repuestos;IRON-300;11.005,00;1
Lusqtoff;RLTF6308RR07;PLAQUETA LTF-6308R ;Repuestos;LTF-6308R;4.192,00;2
Lusqtoff;RIRON300R26;PLAQUETA REGULADORA DE VOLTAJE ;Repuestos;IRON-300;20.963,00;1
Lusqtoff;RCEL6208R39;PLATO DE CUCHILLA ;Repuestos;CEL620-8;4.821,00;2
Lusqtoff;LSMV;POLICARBONATO MÁSCARA FOTOSENSIBLE ;Repuestos;;1.205,00;5
Lusqtoff;RMDL17509R67;Porta Carbon p/MDL1750-9 ;Repuestos;;1.572,00;4
Lusqtoff;RLIL9008R39;PORTA CARBONES ;Repuestos;LIL900-8;1.205,00;4
Lusqtoff;L1026;Prensa  Aros de Piston de 3'' ;Herramientas manuales;;12.292,00;2
Lusqtoff;L7622;Prensa de Resorte Corta 50mm ;Herramientas manuales_Fijacion;;3.073,00;3
Lusqtoff;L7624;Prensa de Resorte Corta 63mm ;Herramientas manuales_Fijacion;;4.097,00;6
Lusqtoff;L7626;Prensa de Resorte Corta 75mm ;Herramientas manuales_Fijacion;;5.121,00;3
Lusqtoff;L7628;Prensa de Resorte Larga 50mm ;Herramientas manuales_Fijacion;;4.097,00;4
Lusqtoff;L7630;Prensa de Resorte Larga 75mm ;Herramientas manuales_Fijacion;;5.121,00;8
Lusqtoff;L1027;Prensa Espirales de Amortiguacion ;Herramientas manuales;;43.022,00;1
Lusqtoff;RLC2550BR32;Presostato/ Interruptor de presion par ;Repuestos;;14.674,00;4
Lusqtoff;LQ-PROT-1;Protector de Sobretension ECO LQ-SBT1 ;Hogar_Iluminacion;"- LQE-PS
- Corriente 10A
- Ficha 10A
- Voltaje 220v
- Frecuencia 50Hz - 60Hz
- Vol. Prot.Max. 255V
- Vol.Prot.Min. 165V
- Tiempo de Latencia 10s/180s
- Garantia 2 años";17.572,00;2
Lusqtoff;FSL10-8;PROTECTOR FACIAL ;Seguridad industrial_Proteccion corporal;;13.400,00;1
Lusqtoff;RBL10008R35;PROTECTOR P/ BL1000-8 ;Repuestos;BL1000-8;24.107,00;3
Lusqtoff;RLC40100R20;Protector Termico Compresor 15A ;Repuestos;;10.848,00;15
Lusqtoff;RLC2550BR09;PROTECTOR TERMICO COMPRESOR 8 AMP ;Repuestos;LC-2550B;5.240,00;11
Lusqtoff;LQ-PLCS10F;Proyector con Sensor de 10W ;Hogar_Iluminacion;;16.392,00;10
Lusqtoff;LQ-PLCS20W;Proyector con Sensor de 20W ;Hogar_Iluminacion;;17.848,00;10
Lusqtoff;PBL550-9;Pulidora de Banco 8'' Potencia 550W Black Series ;Herramientas electricas_Lijado y pulido;"- Incluye:
- 2 Paños de pulir de 8''
- Arandelas de brida
- Tuercas de retención
- Tensión 220V - 50HZ
- Velocidad nO 2980 /min
- Tamaño de paño 200x10x16mm
-  Diámetro del eje 20mm
- Base Sólida
- Garantía 3 años
";210.585,00;1
Lusqtoff;PUL180-9B;Pulidora Inalambrica - IRON VOLT ;Herramientas electricas_Lijado y pulido;;440.228,00;1
Lusqtoff;PRDL900-9;Pulidora Roto Orbital Detailing 900W - Black Series ;Herramientas electricas_Lijado y pulido;"- Incluye:
- 1 Llave hexagonal
- 1 Paño de limpieza
- Tensión 220V - 50HZ
- Velocidad variable de 2000 a 6500 RPM
- Selector de velocidad de 6 posiciones
- Movimiento circular y orbital de doble acción
- Disco de 5'' (127mm)
- Garantía: 3 años

";167.706,00;1
Lusqtoff;FL2-8B;Pulverizador USB 2 litros - Lusqtoff FL2-8B ;Jardin y agro_Atomizacion;"- Capacidad: 2 L
- Boquilla ajustable: chorro a niebla
- Material: ABS+PP+HDPE ecológico
- Batería: 2.000 mAh, 3,7 V de litio
- Hasta 90 minutos de uso (carga completa)
- Mango antideslizante

INCLUYE

- Cable USB con ficha C (indicador de encendido en el equipo)
- Cargador: no incluido. Se recomienda usar adaptador de 5 V/1 A";52.408,00;4
Lusqtoff;PHEX30L-9;"PUNTA HEXAGONAL 
Encastre 30MM / Largo 400 mm
Apto GP-65B / GPBS27 ";Accesorios;;14.150,00;1
Lusqtoff;L1031;Punta Logica de Prueba ;Herramientas manuales;;7.784,00;3
Lusqtoff;PSDSP20L-9;PUNTA SDS PLUS 250MM ;Accesorios;;3.350,00;10
Lusqtoff;L7200;Raspador De Plástico Con Navaja ;Herramientas manuales;;2.048,00;2
Lusqtoff;RL30-9B;Reflector Led a Bateria - Black Series ;Herramientas electricas;;100.623,00;1
Lusqtoff;LQRCC-9;Regulador de CO2 con Caudalimetro ;Accesorios;"- Presion 0 a 250 Kg
- Conexion entrada de CO2 CGA540
- Conexion de salida 9/16
- Regulable de 0 a 25 L/MIN
- Apto para MIG / MAG / TIG
- Cuerpo de bronce";54.970,00;5
Lusqtoff;RLC2550BR35;Regulador de presion para compresor ;Repuestos;;9.433,00;21
Lusqtoff;LQRAC-9;Regulador para Argon con Caudalimetro ;Accesorios;"- Presion 0 a 250 Kg
- Conexion de entrada de Argon G5/8
- Conexion de salida 9/16
- Regulable de 0 a 25 L/MIN
- Apto para MIG / MAG / TIG
- Cuerpo de bronce";54.504,00;2
Lusqtoff;RLNT90RHAE24CB;RELAY NT90RHAE24CB ;Repuestos;IRON-100 / IRON-150/ IRON-180/IRON-250/IRON-300;3.668,00;5
Lusqtoff;L1037;RELOJ COMPARADOR DE 0-10 MM ;Herramientas manuales;;38.720,00;2
Lusqtoff;LR5.0-9B;Remachadora a Bateria Black Series ;Herramientas electricas;;314.448,00;1
Lusqtoff;L7704;Remachadora Manual 200 mm Profesional ;Herramientas manuales_Fijacion;"- Largo 200 mm (8'')
- Boquillas: 2,4-3,2-4-4,8 mm
- Material: Aluminio de alta resistencia
- Boquilla de cambio rapido
- Apto para remaches de aluminio
- Mango confort grip
";20.486,00;1
Lusqtoff;L7702;Remachadora Manual 260mm ;Herramientas manuales_Fijacion;"- Largo 260 mm(10,5'')
- Boquillas: 2,4-3,2-4-4,8 mm
- Material: acero al carbono
- Incluye llave de ajuste";9.731,00;1
Lusqtoff;SILMULTI-8;Renovador Abrillantador Siliconado Cuero - Lusqtoff Simultil-8 ;Accesorios;"- Limpia, da brillo y protege
- Formulado en base a aceite de silicona
- Disueltos en una combinación de solventes alifáticos livianos
- Reduce los poros
- Suaviza las superficies
- Fragancia: Cuero";5.345,00;5
Lusqtoff;LQE-REPWIFI4;Repetidor de WIFI 300Mbps - LQE-REPWIFI0 ;Hogar_Iluminacion;"- Modelo: LQE-REPWIFI01
- Frecuencia 2.4GHz
- Velocidad 300Mbps
- Entrada 100-240V
- Salida 5V/2A
- Estandares IEEE 802.11n, IEEE 802.11g, IEEE 802.11b
- Interface 1x10M Puerto Ethernet
- Antenas 4
- Garantia 2Años";22.090,00;4
Lusqtoff;RL820R18;RESORTE DE BLOQUEO P/ L-820 ;Repuestos;;524;8
Lusqtoff;RMDL17509R3;Resorte de Porta Herramienta p/ MDL1750-9 ;Repuestos;;2.096,00;4
Lusqtoff;RATL188BR03;RESORTE DE SELECTOR ;Repuestos;TAL18-8;262;5
Lusqtoff;RAML8508NR22;Resorte de Traba p/AML850 ;Repuestos;;262;5
Lusqtoff;RHL11091R02;RESORTE DE VALULA P/HL110-9 ;Repuestos;;524;6
Lusqtoff;RHL150R17;RESORTE DE VALVULA HL-150 (PERNO INTERNO) ;Repuestos;HL-150;524;1
Lusqtoff;RESL20008R46;RESORTE P/ ESL 2000-8 ;Repuestos;ESL2000-8;8.385,00;2
Lusqtoff;RESL20008R67;RESORTE TENSOR P/ ESL 2000-8 ;Repuestos;ESL2000-8;2.096,00;1
Lusqtoff;RGS4500R03;RETEN CHICO ;Repuestos;GS4500/GS5200;262;1
Lusqtoff;RHL120R19;RETEN DE ACEITE HL-120 ;Repuestos;HL-120/LHA-120K;1.048,00;4
Lusqtoff;RHL11091R29;Reten de Aceite para Hidrolavadora HL110-9 ;Repuestos;;2.096,00;6
Lusqtoff;RHL120R21;RETEN DE AGUA HL-120 ;Repuestos;HL-120/LHA-120K;524;10
Lusqtoff;RHL11091R24;Reten de Agua para Hidrolavadora HL110-9 ;Repuestos;;1.048,00;6
Lusqtoff;RGS4500R10;RETEN GRANDE ;Repuestos;GS4500/GS5200;262;1
Lusqtoff;RLM160R35;RETEN MOTOR MOTOBOMBA GENERADOR 5,5/6,5 HP ;Repuestos;LG-2500/LMB-20/LM160/LMB-30/LG-3500;3.144,00;6
Lusqtoff;RCL260-8;Robot Cortacesped 20 V / 2.0 ah - Eco Line - Lusqtoff LCML750-9 ;Jardin y agro_Cortadoras de cesped;"- Superficie max. de corte: 260m''2
- Altura de corte: 20mm min. - 55mm max.
- Ancho de corte: 16cm
- Altura de corte: 3 Posiciones
- Cuenta con sensor de: Elevacion - Obstaculos - Inclinacion
- Bateria: 20v / 2.0 ah
- Velocidad de corte sin carga: 3500 RPM
- Tiempo de trabajo: aprox. 60 min
- Tiempo de carga: aprox. 100 min
- Velocidad de desplazamiento: 0,2 - 0,4 m/s
- Pendiente en elevacion: 30% max
- APP: Si
- Alarma: Si 
- Nivel de ruido: 66,8 dB
- Estacion con carga automatica
- Garantia 2 años";1.362.611,00;4
Lusqtoff;RCEL6208R28;RODAMIENTO 6000RS ;Repuestos;CEL620-8;2.096,00;1
Lusqtoff;RLBL32008R38;RODAMIENTO 6000RS ;Repuestos;LBL320-8;3.018,00;2
Lusqtoff;RSML20008R77;Rodamiento 6002 para SML2000-8 ;Repuestos;;2.620,00;1
Lusqtoff;RCEL6208R34;RODAMIENTO 608 ;Repuestos;CEL620-8;1.813,00;1
Lusqtoff;RGS4500R54;RODAMIENTO DE CAMPANA MOTOSIERRA GS4500/GS5200 ;Repuestos;GS-4500/GS-5200;19.286,00;1
Lusqtoff;RRML8507R63;RODAMIENTO P/RML850-7 ;Repuestos;RML850-7;1.048,00;2
Lusqtoff;RMDL20009R41;Rodamiento RNA4906 p/ MDL200-9 ;Repuestos;;14.150,00;1
Lusqtoff;RSML20008R71;Rodamiento Rotor 6201-2RS para SML2000-8 ;Repuestos;;2.620,00;1
Lusqtoff;LQAL-065;ROLLO DE ALAMBRE 0.6mm X 5KG ;Accesorios;;28.300,00;1
Lusqtoff;RLMB20R67;ROSCA DE INGRESO MOTOBOMBA 2'' ;Repuestos;LMB-20;7.861,00;2
Lusqtoff;RLMB30R67;ROSCA DE INGRESO MOTOBOMBA 3'' ;Repuestos;LMB-30;11.005,00;2
Lusqtoff;RLMB20R69;ROSCA DE SALIDA CON PURGA MOTOBOMBA 2'' ;Repuestos;LMB-20;1.834,00;1
Lusqtoff;RLMB30R69;ROSCA DE SALIDA CON PURGA MOTOBOMBA 3'' ;Repuestos;LMB-30;24.107,00;1
Lusqtoff;RML1100-9;ROTO MARTILLO 1100W ;Herramientas electricas_Perforacion;;189.526,00;18
Lusqtoff;RML1600-9;Rotomartillo 1600W 0-630 RPM- Black Series ;Herramientas electricas_Perforacion;"- Tension: 220 V - 50 Hz
- Tasa de impacto: 3800 Gpm
- Perforacion en concreto: 42 mm
- Regulador de velocidad
- Sistema de fijacion del cincel en 12 posiciones
- Luz indicadora de potencia
- Embrague de seguridad
- Sistema anti vibracion
- Cable: 2 m
- Incluye: 
- 1 mango auxiliar con giro en 360°
- 1 cincel de punta SDS max (18x320mm)
- 1 juego de carbones
- 1 grasa
- Maletin";248.873,00;2
Lusqtoff;RML1050-8;Rotomartillo 4.5 J 1050 W - Lusqtoff RML1050-8 ;Herramientas electricas_Perforacion;"- Tensión: 220 V ~ 50 Hz
- Potencia: 1050 W
- Energía de impacto: 4.5 J
- Tasa de impacto: 4200 Gpm
- Velocidad sin carga: 1050 r/min
- Encastre tipo SDS PLUS
- Perforación en concreto: 26 mm
- Cable: 2 m
- Embreague de seguridad
- Peso: 7 Kg

INCLUYE
- Mango auxiliar con giro 350°
- Cincel de punta (14x250mm)
- Cincel plano (14x250x20mm)
- Brocas SDS PLUS (8x1500mm, 10x150mm, 12x150mm)
- Juego de carbones
- Grasa";132.094,00;1
Lusqtoff;RML1500-9;Rotomartillo 6J 1500 W - Black Series ;Herramientas electricas_Perforacion;"- Tensión: 220 V - 50 Hz
- Potencia: 1500 W
- Energía de impacto: 6 J
- Tasa de impacto: 4250 Gpm
- Velocidad sin carga: 0-920 r/min
- Perforación en concreto: 32 mm
- Encastre tipo SDS PLUS
- Selector de 4 funciones: Rotación - Rotación y Golpe - Golpe - Posición del cincel
- Regulador de velocidad
- Embreague de seguridad
- Sistema anti vibración
- Cable: 2 m
- INCLUYE
- Mango auxiliar con giro en 360°
- Cincel de punta (14x250mm) y Cincel plano (14x250x20mm)
- Brocas SDS PLUS (8x150mm - 10x150mm - 12x150mm)
- Juego de carbones
- Grasa";162.725,00;2
Lusqtoff;RML850-9;Rotomartillo 850w - SDS Plus - Lusqtoff RML850-9 ;Herramientas electricas_Perforacion;"INCLUYE
Maletín reforzado.
Mandril con adaptador para perforar madera y metal.
1 punta y 1 cincel sds plus con 3 mechas sds plus de 6, 8 y 10 mm.";125.500,00;9
Lusqtoff;RML4450-9BK;Rotomartillo Inalambrico  SDS Plus - Black Series - Lusqtoff RML4450-9BK ;Herramientas electricas_Perforacion;"- Tensión: 18 V =
- Amperaje batería: 4 Ah
- Diámetro máximo de perforación: 28 mm.
- Velocidad variable: Nº 0-1000 r/min
- Golpe por minuto: Nº 0-4000 gpm
- Fuerza de impacto: 3.5 J
- Encastre SDS Plus
- Embrague de seguridad
- Luz led

INCLUYE

- 3 mechas (6, 8 y 10 mm.).
- Maletín de traslado
- Guía de profundidad";153.153,00;1
Lusqtoff;RML4000-9BK;Rotomartillo inalambrico SDS Plus 2.5J - Black Series - Lusqtoff RML4000-9BK ;Herramientas electricas_Perforacion;"- Tensión: 18 V =
- Amperaje batería: 4 Ah
- Máximo de perforación: 26 mm.
- Velocidad variable: Nº 0-1000 r/min
- Fuerza de impacto: 2.5 J
- Encastre SDS Plus
- Peso: 6.36 kg.
- Selector para cambio de giro del cincel
- Tecnología Brushless";153.153,00;2
Lusqtoff;RML850-7;Rotomartillo Taladro Percutor Horizontal 850w - 30mm - 220v - Lusqtoff ;Herramientas electricas_Perforacion;"- Alimentacion: 220V - 50hz
- Potencia: 850 watts
- Potencia de golpe 3 joules
- Velocidad Variable: 0-1100 rpm
- Capacidad Maxima Corona: 68 mm
- Capacidad Maxima Concreto: 25 mm
- Capacidad Maxima Acero: 13 mm
- Capacidad Maxima Madera: 30 mm
- Encastre: SDS plus
- Embrague de seguridad antibloqueo: SI
- Giro Reversible: SI
- Boton de traba de gatillo: SI
- Selector: rotacion para atornillar y desatornillar, rotacion con percusion, para taladrar y detencion de giro para cincelar.
- Peso:3,4 kg";76.576,00;25
Lusqtoff;RAML8508R24;ROTOR ;Repuestos;AML850;43.393,00;2
Lusqtoff;RCSL15008R23;ROTOR ;Repuestos;CSL1500-8;44.022,00;2
Lusqtoff;RAML8509R28;Rotor p/ AML850-9 ;Repuestos;;11.529,00;1
Lusqtoff;RCPM150R11;Rotor para Bomba Periferica CPM-150 ;Repuestos;CPM150;5.240,00;2
Lusqtoff;RCM14R14;ROTOR PARA CM-14 ;Repuestos;CM-14;67.082,00;1
Lusqtoff;RGPBS27R61;Rotor para martillo demoledor exagonal ;Repuestos;;171.898,00;1
Lusqtoff;RSML20008R70;Rotor para SML2000-8 ;Repuestos;;79.660,00;1
Lusqtoff;RTIL809BKR6;Rotor para TIL80-9BK ;Repuestos;;10.481,00;4
Lusqtoff;RLC2550BR39;RUEDAS COMPRESOR B ;Repuestos;LC-2550B;9.433,00;8
Lusqtoff;L1008;Saca Filtro Universal a Cadena ;Herramientas manuales;;10.243,00;5
Lusqtoff;L1023;SACA FILTROS A FLEJE GIRATORIO 73 A 85 MM ;Herramientas manuales;;8.194,00;1
Lusqtoff;L1024;SACA FILTROS A FLEJE GIRATORIO 85 A 95 MM ;Herramientas manuales;;9.219,00;4
Lusqtoff;RHL11091R01;Salida de Agua p/ HL110-9 ;Repuestos;;22.011,00;2
Lusqtoff;LSEFI1-8;SELLADOR 1 LTS ;Consumibles;;2.368,00;115
Lusqtoff;LSEFI4-8;SELLADOR 4 LTS ;Consumibles;;14.849,00;25
Lusqtoff;RCPM150R04;Sello de Bomba para Bomba Periferica CPM150 ;Repuestos;;2.410,00;12
Lusqtoff;RCN90R23;Sello de Cilindro para Clavadora Neumatica ;Repuestos;0;3.144,00;3
Lusqtoff;RLMB20R60;SELLO MOTOBOMBA 2'' ;Repuestos;LMB-20;9.433,00;10
Lusqtoff;RLMB30R60;SELLO MOTOBOMBA 3'' (SOLO ANILLOS) ;Repuestos;LMB-30;4.716,00;7
Lusqtoff;RGP255AR11;SELLO P/GP255A ;Repuestos;GP255A;5.240,00;4
Lusqtoff;RJK1008R01;SENSOR ANTI CAIRDA PARA CALEFACTOR A GAS ;Repuestos;JK-1008;11.529,00;2
Lusqtoff;MPS-4;SENSOR DE FLUJO DE AGUA ;Herramientas electricas_Medicion;;52.408,00;1
Lusqtoff;LQ-FOTOSEN100;Sensor de Fotocontrol Fotocelula Apto LED ;Hogar_Iluminacion;"- 6A Corriente maxima
- 10Lux On 
- 40Lux Off
- Apto LED
- Garantia 2 años";4.014,00;8
Lusqtoff;L7435;Serrucho Carpintero 18'' Mango de Madera Profesional ;Herramientas manuales_Serruchos;;12.292,00;3
Lusqtoff;L7436;Serrucho Carpintero 20'' Mango de Madera Profesional ;Herramientas manuales_Serruchos;;13.316,00;1
Lusqtoff;L7430;Serrucho Carpintero Profesional 550m ;Herramientas manuales_Serruchos;"- Hoja anticorrosiva
 - Dientes con triple filo (7x'')
 - Largo: 550 mm - 22''
 -  Hoja de acero pulido
 -  Dureza de dientes: 48 - 50 HRC
 - Mango de plástico bimaterial 
 - Mango plástico: ABS antideslizante";9.731,00;13
Lusqtoff;L7420;Serrucho Costilla Profesional ;Herramientas manuales_Serruchos;"- Hoja anticorrosiva
- Mango: plástico - ABS antideslizante
- Diente con triple filo (7x'')
- Largo: 300 mm - 9'
 - Hoja de acero pulido
- Dureza de dientes: 48 - 50 HRC
- Mango plástico bimateral
 - Garantía: 10 años";9.219,00;1
Lusqtoff;L9035;Serrucho Poda 12'' ;Herramientas manuales_Serruchos;;10.243,00;4
Lusqtoff;L9036;Serrucho Poda 12'' Plegable ;Herramientas manuales_Serruchos;;20.486,00;5
Lusqtoff;L9041;Serrucho Poda Gancho 16'' ;Herramientas manuales_Serruchos;;13.316,00;6
Lusqtoff;L7400;Serrucho Yeso ;Herramientas manuales_Serruchos;;9.731,00;2
Lusqtoff;SHL150-9;Set 150 Piezas Racing con maletín - Lusqtoff SHL150-9 ;Herramientas manuales_Tubos;"- Codigo edicion packaging personalizable: SHL150-9R
- 9 Tubos largos de 1/4'': 4,5,6,7,8,9,10,ll,12 mm. 
- 11 Tubos de 1/4'': 4,4.5,5,5.5,6,7,8,9,10,ll,12 mm. 
- 14 Puntas con base: Tl0,15,20,25,27,30,T40 mm. (x2) 
- 2 Barras de extension de 1/4'': 2''y 4'' 
- 3 Juntas universales: 1/4'',3/8'', 1/2'' 
- 1 Mango de 1/4'' 
- 3 Crickets: 1/4'',3/8'',l/2'' 
- 8 Puntas torx de 3/8'': E8,El0,Ell,El2,El6,El8,E20 
- 10 Tubos largos de 3/8'': 8,9,10,11,12,13,14,15,17,19 mm. 
- 12 Puntas de 3/8'': 8,9,10,ll,12,13,14,15,16,17,18,19 mm. 
- 2 Saca bujias de 3/8'': 16, 21mm 
- 2 Barras de extension de 3/8'': 3''& 10'' 
- 20 Puntas de 3/8'': PZ1,2,PH1,2,Hex3,4,5,6 Torx:TlO 
- 1 Adaptador de 3/8'' 
- 1 Adaptador de 1/2'' 
- 4 Tubos de impacto: 17,19,21,23 mm. 
- 11 Puntas de 1/2'': 14,17,18,19,20,21,22,24,27,30,32 mm. 
- 9 Tubos largos de 1/2'': 12,13,14,15,17,18,19,21,22 mm. 
- 2 Barras de extension de 1/2'':5'' y 10'' 
- 1 Adaptador: 3/8''(M)*l/4''(H) 
- 10 Llaves combinadas: 8,9,10,11,12,13,14,17,18,19 mm. 
- 3 Crickets: 12,13,14 mm. 
- 9 Llaves allen: 1.5,2,2.5,3,4,5,6,8,10 mm. 
- 1 Alicate de acero al carbono: 8'' 
- 1 Alicate de acero al carbono, punta larga: 611 
- 2 Destornilladores de acero al cabono: cruz 2*38 MM, plana: 6*38 MM 
- 2 Destornilladores de acero al cabono: SL6*100,PH2*100 MM (1894)";295.010,00;42
Lusqtoff;BCL9-8;Set Bateria Ollas 9 Piezas Aluminio Tapa Vidrio - Lusqtoff BCL9-8 ;Hogar_Coccion;"- Material: Aluminio
- Interior Antiadherente
- Revestimiento exterior de alta temperatura
- Mangos de baquelita
- Tapas de vidrio templado transparente de 4mm
- Incluye:
- Olla grande con asa y tapa de vidrio 24x12cm
- Olla con asa y tapa de vidrio 20x9cm
- Cacerola con asa y tapa de vidrio 16x7cm
- Jarro de leche sin tapa 14x11cm
- Sartén profunda sin tapa 24x7cm
- Sartén sin tapa 26x5cm";102.720,00;1
Lusqtoff;L1014;SET CORTADORA REMACHADORA DE CADENA ;Herramientas manuales;;51.217,00;2
Lusqtoff;L1001;SET DE EXTRACCION CALIPER DE FRENO UNIV 18 PZAS ;Herramientas manuales;;79.898,00;2
Lusqtoff;SETLPA9-8;Set de Limpieza 9 Piezas con Estuche ;Accesorios;"- Contiene:
- 1 Guante de microfibra
- 1 Esponja de microfibra 2 en 1
- 3 Almohadillas para abrillantador
- 1 Cepillo de rueda de microfibra con mango
- 3 Paños de limpieza multiusos
- Peso: 365 G";14.674,00;4
Lusqtoff;SETLPA10-9;Set de Limpieza para Auto -  10 piezas ;Accesorios;"- Kit para Lavado, pulido y encerado.
- Guante de chenilla 28 x 18 cm
- Guante de pulido 25 x 19 cm
- Mango redondo para encerado
- Cepillo para neumaticos 28 x 7.5  x 7 cm
- Cepillo plano para neumaticos 18.5 x 8,5 x 10 cm
- Cepillo de esponja 12 x 4.2 x 6.5 cm
- 3 Esponjas de microfibra para pulir
- Paño de microfibra: 40 x 60 cm
";41.926,00;5
Lusqtoff;L6028;Set Destornilladores 10 Pcs ;Herramientas manuales_Sets de herramientas;;16.389,00;3
Lusqtoff;L6025;Set Destornilladores 18 Pcs ;Herramientas manuales_Sets de herramientas;;24.584,00;5
Lusqtoff;L6026;Set Destornilladores 39 Pcs ;Herramientas manuales_Sets de herramientas;"- Material CRV
- Mango Confort Grip
- Base Exhibidora
- Punta magnetica
- 8 destornilladores: Plano: SL8 x 150mm , SL6 x 100mm, SL5 x 75mm, SL6 x 38mm / Phillips: PH3 x 150mm, PH2 x 100mm, PH1 x 75mm, PH2 x 38mm
- 8 Destornilladores de precision: Plano: SL2.0 x 50mm, SL2.5 x 50mm, SL3.0 x 50mm / Phillips: PH0 x 50mm, PH00 x 50mm / Torx: 6 x 50mm, 8 x 50mm, 10 x 50mm
- 16 Puntas encastre 1/4'' x 25mm
- 5 Bocallaves hexagonales 6,7,8,9 y 10mm
- 1 Magnetizador
- 1 Mango Porta puntas Encastre 1/4''
";40.973,00;6
Lusqtoff;L6027;Set Destornilladores 50 Pcs ;Herramientas manuales_Sets de herramientas;"- Material CRV
- Mango Confort Grip
- Base Exhibidora
- Punta magnetica
- 8 destornilladores: Plano: SL8 x 150mm , SL6 x 100mm, SL5 x 75mm, SL6 x 38mm / Phillips: PH3 x 150mm, PH2 x 100mm, PH1 x 75mm, PH2 x 38mm
- 8 Destornilladores de presicion: Plano: SL2.0 x 50mm, SL2.5 x 50mm, SL3.0 x 50mm / Phillips: PH0 x 50mm, PH00 x 50mm / Torx: 6 x 50mm, 8 x 50mm, 10 x 50mm
- 32 Puntas encastre 1/4'' x 25mm
- 1 Magnetizador
- 1 Mango Porta puntas Encastre 1/4''
";49.168,00;6
Lusqtoff;L1032;SET TERRAJAS Y MACHOS POR 40 PIEZAS ;Herramientas manuales;;77.849,00;3
Lusqtoff;SCL710-8;Sierra caladora 710w - Lusqtoff SCL710-8 ;Herramientas electricas_Sierras;"Potencia: 710 W
Velocidad: 700-3000 RPM
Longitud de carrera: 26 mm
Capacidad de corte en madera: 85 mm
Capacidad de corte en aluminio: 20 mm
Capacidad de corte en acero: 10 mm";109.008,00;9
Lusqtoff;SCL2900-9B;Sierra Caladora a Bateria Brushless Technology - IRON VOLT - Black Series - Lusqtoff SCL2900-9B ;Herramientas electricas_Sierras;"- Sistema Rapido  de Cambio de Hoja
- Traba de Arranque 
- Accion pendular 4 posiciones
- Base ajustable hasta 45°
- Tensión: 18V
- Motor: Brushless
- Velocidad: n01000?2000?2900/min
- Capacidad de corte: 66 mm
- Desplazamiento de la sierra: 18mm
- Garantía: 3 años";113.201,00;3
Lusqtoff;CSL1500-8;Sierra circular 1500w - Lusqtoff CSL1500-8 ;Herramientas electricas_Sierras;;136.260,00;19
Lusqtoff;SCL2200-8;SIERRA CIRCULAR 2200W  9'' ;Herramientas electricas_Sierras;;251.559,00;3
Lusqtoff;CSL4500-9B;Sierra Circular a Bateria Iron Volt ;Herramientas electricas_Sierras;"- Profundidad máx. de corte: 55 mm a 90°, 39 mm a 45°
- Tensión: 18 V
- Velocidad: 4500 RPM
- Peso: 2,5 kg 
- Diámetro máx. de hoja: 185 mm
- Tecnología Brushless
- Conexión para aspiradora
- Zapato para biselado
- 3 años de garantía


INCLUYE
- 1 disco de sierra.
- 1 llave de ajuste.
- 1 guía paralela de corte.";188.669,00;1
Lusqtoff;CSL2000-9;Sierra Circular de Mesa 2000W Black Series ;Herramientas electricas_Sierras;;823.197,00;1
Lusqtoff;CML2200-9D;Sierra Cortadora de Metales Black Series ;Herramientas electricas_Sierras;;957.206,00;3
Lusqtoff;SML2000-9;Sierra de Banco 2000W - Lusqtoff SML2000-9 ;Herramientas electricas_Sierras;"- Operación en voltaje de 220V y 50Hz, ideal para uso en talleres y obras.
- Potencia de 1800 W, con una máxima de 2000 W (S6%) para trabajar en tareas exigentes.
- Velocidad de corte: 5000 rpm, que garantiza un rendimiento eficiente en cada trabajo.
- Disco de 255 mm con 24 dientes, perfecto para cortes rápidos y precisos.
- Altura máxima de corte: hasta 85 mm en posición perpendicular (90°), y 60 mm en ángulo de 45°, permitiendo realizar cortes diversos sin complicaciones.
- Mesa amplia con un ancho de 334 mm a la izquierda y 381 mm a la derecha, brindando estabilidad y espacio para trabajar con materiales grandes.
- Hoja de cierre basculante ajustable en un rango infinito de 0 a 45°, facilitando cortes en ángulo de manera sencilla y segura.
- Cable de 2 metros para mayor libertad de movimiento en tu espacio de trabajo.

- Incluye accesorios que facilitan tu tarea:

- - Guía lateral para cortes rectos y precisos.
- - Compás para cortes en ángulo.
- - Guarda protectora con adaptador para aspiración de polvo, manteniendo tu espacio más limpio y seguro.
- - Barra de empuje para cortes precisos y seguros.
- - Dos llaves de ajuste para mantener todo en su lugar.
- - Un disco de sierra de alta calidad de 255mm x 30mm x 2,8mm, con 24 dientes, listo para usar.";507.319,00;1
Lusqtoff;LQI-1650;Sierra ingletadora 1650w - Lusqtoff Lqi-1650 ;Herramientas electricas_Sierras;"- DISCONTINUADO
Tensión 220V-50 Hz
Potencia 1650 W
Diámetro de cuchilla Ø255
Velocidad 4500rmp
Cap. de corte a 90° 90.5x95
Cap. de corte a 45° 65x67";237.453,00;9
Lusqtoff;LQI-2000;Sierra ingletadora 2000w - Lusqtoff LQI-2000 ;Herramientas electricas_Sierras;;287.161,00;1
Lusqtoff;LQI1800-9;Sierra Ingletadora Electrica 1800W - Black Series - Lusqtoff LQI1800-9 ;Herramientas electricas_Sierras;"- Tensión: 220 V ? 50Hz
- Potencia: 1800W
- Velocidad: 5000 RPM
- Diametro disco: 255 mm
- Cable: 2 M
- INCLUYE
- 1 Llave de ajuste
- 1 disco sierra para madera de 24 dientes (255mmX30mm)
- 1 disco sierra para Aluminio de 80 dientes (255mmX30mm
- Garantia: 3 Años";421.170,00;4
Lusqtoff;LQI4500-9B;Sierra Ingletadora Telescopica a Bateria ;Herramientas electricas_Sierras;;545.607,00;2
Lusqtoff;SSL1010-9;Sierra Sable 1010w BLACK SERIES - Lusqtoff SSL1010-9 ;Herramientas electricas_Corte;"- Potencia: 1010 W
- Voltaje: 220V~50 Hz
- Velocidad: No 300-2400 /min
- Velocidad variable
- Longitud de carrera de corte: 28 mm // 1-7/64''
- Corte máx. en madera: 250 mm / 10''
- Corte máx. en acero (perfil / tubo): 8 mm / 120 mm - 5/16'' / 4-23/32''
- Encastre de hoja: universal
- Peso: 4,1 kg.
- Superficies de corte: madera y acero
- Bloqueo de seguridad

INCLUYE

- 2 hojas de corte";199.150,00;3
Lusqtoff;CM-14K;Sierra sensitiva 2000w + 3 Discos + Anteojos - Lusqtoff CM-14K ;Herramientas electricas_Corte;;162.725,00;3
Lusqtoff;J3G-400HG;SIERRA SENSITIVA 3HP 400MM MONOF ;Herramientas electricas_Sierras;;631.756,00;1
Lusqtoff;SFL1100-9;Sierra Sin Fin 1100w - Black Series - Lusqtoff SFL1100-9 ;Herramientas electricas_Sierras;"- Mesa de Corte Estable de Hierro
- Fundido Regulable 8° a 45°
- Rueda de Traslado 
- Perilla Ajuste Tension de Hoja
- Conector para Sistema de Aspiracion 
- Tensión: 220 V ? 50Hz
- Potencia: 1100W
- Velocidad: n0 1400/min
- Tamaño de la mesa: 548x400mm
- Ajuste de la mesa: 8/45 grados
- Diametro de Rueda de la Sierra: 315mm
- Longitud de la hoja de Sierra: 2360mm
- Velocidad de corte variable: 370-750 m/min
- Profundidad Maxima de corte: 206mm
- Profundida de la Garganta: 305mm
- Garantía: 3 años
- Incluye:
- 1 Guia Paralela
- 1 Hoja de Cierra
- 2 Ruedas";1.435.809,00;1
Lusqtoff;SIAL110-8;Silicona Acetica Transparente 110ML ;Consumibles;;1.963,00;3
Lusqtoff;SITL78-9;Silicona Transparente 280ml - Lusqtoff SITL78-9 ;Consumibles;;2.096,00;5
Lusqtoff;SIL180-8I;SILLA PELGABLE REFORZADA ;Hogar_Muebles;;39.830,00;3
Lusqtoff;LQ-A152L;Sistema de Audio Potenciado L.Force 15'' - Lusqtoff LQE55 ;Hogar_Audio y video;;588.401,00;4
Lusqtoff;LQ-A103;Sistema de Audio Potenciado Neon Bass 10'' - Lusqtoff LQE54 ;Hogar_Audio y video;;499.364,00;1
Lusqtoff;LQ-A106;Sistema de Audio Potenciado Thunder C 12'' - Lusqtoff LQE56 ;Hogar_Audio y video;;874.214,00;1
Lusqtoff;LQ-AH15;Sistema de Audio Potenciado Vulcan 15'' - Lusqtoff LQE57 ;Hogar_Audio y video;;1.099.464,00;2
Lusqtoff;SL50-8;Soldador de Plastico - SL50-8 ;Herramientas electricas_Soldadoras;"- Voltaje: 200 V - 50 Hz
- Potencia: 50 W
- INCLUYE
- 1 pinza alicate diagonal 6''
- 1 cutter
- 50 grampas onduladas de 0,8 mm.
- 50 grampas de esquina interior de 0,8 mm.
- 50 grampas planas de 0,8 mm.
- 50 grampas de esquina exterior de 0,6 mm
- Estuche plástico
";57.432,00;4
Lusqtoff;L7958;Soldador Lapiz Para Estaño 150W ;Herramientas electricas_Soldadoras;;22.450,00;4
Lusqtoff;L7954;Soldador Lapiz Para Estaño 60W ;Herramientas electricas_Soldadoras;;14.031,00;5
Lusqtoff;IRON100-8;Soldadora Inverter 105AMP -  Lusqtoff IRON 100-8 ;Herramientas electricas_Soldadoras;"- Tensión de entrada: IPH ACC220
- Frecuencia: 50 Hz
- Capacidad de entrada nominal: 4,2 Kw
- Corriente de entrada nominal: 18,4 A
- Ciclo de trabajo MMA: 30% a 105A
- Tensión en vacío: 66 V
- Eficiencia: 85%
- Clase de protección: IP21S
- Grado de aislamiento: H
- Tipo de enfriamiento: Forzado
- Electrodos compatibles: 1,6 - 2,5 mm

- Incluye:
- 1 Cable con pinza porta electrodos
- 1 Cable con pinza de masa
- 1 Correa de transporte
";105.292,00;7
Lusqtoff;IRON-140;Soldadora inverter 120amp - Lusqtoff Iron-140 ;Herramientas electricas_Soldadoras;;172.297,00;1
Lusqtoff;IRON-180;Soldadora Inverter 160 Amp - Lusqtoff IRON-180 ;Herramientas electricas_Soldadoras;;173.281,00;1
Lusqtoff;MEGAIRON180-9;Soldadora inverter 160 amp + Accesorios - Lusqtoff Megairon180-9 ;Herramientas electricas_Soldadoras;"- Rango de corriente: 20- 160 Amp.
- Ciclo de trabajo: 40% 160A
- Clase de Aislamiento: IP21S
- Electrodos: hasta 4 mm.
- Tipo de Electrodos: 6013 y 7018
- Amperaje: 20 a 160 Amp
- Tipo de soldadura: MMA
- Tecnología: Inverter 5ta generación
- Indicador de ciclo de trabajo: SI
- Sistema Anti STICK: SI
- Protección térmica: SI
- Protector de tensión: SI
- Incluye enchufe: SI
- Longitud del cable de conexión: 2 metros
- Longitud del cable de Pinza: 1,3 metros
- Longitud del cable de Porta electrodos: 2 metros";210.585,00;1
Lusqtoff;IRON-250PRO;Soldadora inverter 180A + Escuadras magnéticas - Lusqtoff IRON-250PRO ;Herramientas electricas_Soldadoras;"Rango de corriente: 10-180A
Ciclo de trabajo nominal: 60% - 180A
Pantalla LCD
Sinérgica autoregulable
Arco forzado 50%";251.000,00;1
Lusqtoff;SLCEL200-9;Soldadora inverter 200 AMP CELULÓSICA - Lusqtoff SLCEL200-9 ;Herramientas electricas_Soldadoras;"- Voltaje de entrada nominal (V): monofásico AC230- 50/60 Hz
- Potencia de entrada nominal (KVA) MMA: 8,7 KVA
- Corriente de entrada nominal (A): 38
- Potencia nominal de entrada (KVA) TIG: 6,2 KVA
- Corriente de entrada nominal (A): 27
- Electrodo 2.5mm: ciclo de trabajo: 100 A al 100%
- Rango de corriente de salida (A): 10-200 A
- Tensión en vacío: 92 V
- Protección: IP21S
- Eficiencia: 85%
- Grado de aislación: H
- Auto Stop
- Peso: 6,9 kg.
- VRD (selector de sistema de protección)
- Selector de proceso MMA y MMA para celulósico
- Regulación de pulso en electrodo y lift tig";382.882,00;2
Lusqtoff;ST-200;Soldadora Inverter 200A -TIG DUAL/DC-MMA - Lusqtoff ST-200 ;Herramientas electricas_Soldadoras;"- Tensión de entrada: 1 Ph AC 220 V ( ± 15%)
- Frecuencia: 50 Hz
- Capacidad de entrada nominal: 7,7 Kw
- Corriente de entrada nominal: 35 A
- Ciclo de trabajo TIG ( 40 ºC) (%): 100 A / 14 V
- 100% // 200 A / 18 V @ 60%
- Ciclo de trabajo MMA ( 40 ºC) (%): 100 A / 24 V
- 100% // 170 A / 26,8 V @ 60%
- Tensión en vacío: 62 V
- Rango de trabajo de salida TIG (A): 10 / 200
- Rango de trabajo de salida MMA (A): 10 / 170
- Rango de tiempo de pre gas (S): 0,1
- Rango ajustable de tiempo de post gas: 3?10
- Eficiencia: 85 %
- Clase de protección: IP21S
- Grado de aislamiento: H
- Norma técnica: (IEC) EN 60974-1 / EN 60974-10
- Tipo de enfriamiento: forzado
- Tamaño: 439 X 141 X 260 mm
- Peso: 8 Kg.";454.735,00;1
Lusqtoff;IRON BLACK-300;Soldadora inverter 220amp - MMA - TIG - Lusqtoff Iron-300 Black ;Herramientas electricas_Soldadoras;;409.402,00;1
Lusqtoff;MEGAIRON100;Soldadora inverter 80a + Máscara fotosensible + 2 Escuadras - Lusqtoff MegaIron100 ;Herramientas electricas_Soldadoras;"Soldadora Lusqtoff Iron-100
- Voltaje 220V
- Frecuencia 50Hz
- Ciclo de trabajo 30% a 80 Amper
- Tensión sin carga 65V
- Corriente de entrada clasificada 16a
- Corriente de salida 20-80 Amper
- Electrodos 1.6 - 2.5 mm";142.385,00;3
Lusqtoff;MEGAIRON100-8;Soldadora inverter con Máscara fotosensible y escuadras magnéticas - Lusqtoff Megairon100-8 ;Herramientas electricas_Soldadoras;"- Voltaje 220V
- Frecuencia 50Hz
- Ciclo de trabajo 30% a 105 Amper
- Tensión sin vacio 66V
- Corriente de entrada clasificada 18a
- Para Electrodos 1.6 - 3.2 mm
- Incluye Soldadora / Piqueta / Cepillo / Pinza / Masa / Porta electrodos / 2 Escuadras magnéticas

- Máscara fotosensible Lusqtoff ST-1X

- Máscara levadiza
- Área de visión: 94 x 42mm
- Fuente de alimentación Panel solar/Batería recargable
- Protección UV/IR: DIN 13
- Apta para MIG
- Celda fotoeléctrica, se carga al soldar
- Estado visible: DIN 4
- Estado oscuro: DIN 13
- Tiempo de encendido: 1 / 15000S
- Tiempo de apagado 0.10-0.45S";134.008,00;15
Lusqtoff;SMART TIG-AC/DC-20;Soldadora inverter DUAL AC/DC - Lusqtoff SMART TIG-AC/DC-20 ;Herramientas electricas_Soldadoras;"- Voltaje: 220 V ~ 50 Hz
- Capacidad de entrada nominal: 7,9 Kw
- Corriente de entrada nominal: 36 V
- Rango de trabajo MMA: 30/21,2V~ - 160A/26,4V
- Rango de trabajo TIG: 5A/10,2V~ - 200A/18V
- Rango de trabajo en amper: 30~160 MMA / 5~200 TIG
- Tensión en vacío: 68 V
- Eficiencia: 65%
- Clase de protección: IP21
- Grado de aislamiento: H
- Tipo de enfriamiento: forzado
- Peso: 27 kg.
- Memoria para guardar hasta 10 puntos de regulación.";1.397.521,00;1
Lusqtoff;EVO MIG-220;Soldadora inverter Dual mma-mig 200A - Lusqtoff EVO MIG-220 ;Herramientas electricas_Soldadoras;"-Tensión 220 V 50Hz
- Tensión sin Carga 30 V (MIG) y 65 V MMA
- Corriente de Soldadura 40~200 Amp (MIG) y 40~180 Amp( MMA)
- Ciclo de trabajo 35%~200 A (25º C )
- Clase de protección IP 21S
- Diámetro de alambre 0.6-1mm
- Díametro de electrodo Hasta 5mm
- Clase de aislamiento H
- Rollo 5 Kgs

- Incluye
- Con Torcha tipo Binzel MB15
- Acople Euro
- Cables de masa y electrodo";593.467,00;1
Lusqtoff;MIG500-9;Soldadora Inverter MIG 500AMP Black Series ;Herramientas electricas_Soldadoras;"-Tension: 380 V - 50 Hz
-Capacidad de entrada: 24 Kva
- Corriente de entrada:25 A
- Tension en vacio: 80 V
- Eficiencia: 85%
- Clase de proteccion: IP21S
- Grado de aislamiento: H
- Tipo de enfriamiento: forzado
- Diametro del alambre: ?1.0~?1.6
- INCLUYE
- Alimentador de alambre MIG500-9AA
- Soldadora MIG500-9S
- Torcha MIG de 3 m
- Cable de alimentación de alambre de 2 m
- 1 Cable pinza masa
- Garantia 3 años";5.168.913,00;1
Lusqtoff;MIGDUAL200-9;Soldadora inverter MIGDUAL - Lusqtoff MIGDUAL200-9 ;Herramientas electricas_Soldadoras;"- Voltaje 220V ? 50 Hz
- Capacidad de entrada nominal: 8,4 Kw
- Corriente de entrada nominal: 38 A
- Ciclo de Trabajo MIG: 50 A/16,5 V?200 A/24 V
- Ciclo de Trabajo MMA: 20 A/20,8 V?180 A/27,2 V
- Ciclo de Trabajo PULSE MIG: 30 A/15,5 V?170 A/22,5 V
- Tensión en vacío: 60 V
- Eficiencia: 85 %
- Clase de Protección: IP21S
- Grado de aislamiento: H
- Tipo de enfriamiento: forzado
- Peso: 21,7 kg.
- Equipo sinérgico autorregulable
- Porta rollo de 5 a 15 kg.
- Pantalla LCD a color
- Motor metálico: porta rodillo tractor y devanador
- Acople euro";1.531.530,00;3
Lusqtoff;MEGAIRON140;Soldadora inverter mma 120A + mascara fotosensible y 2 escuadras - Lusqtoff megairon140 ;Herramientas electricas_Soldadoras;"- Soldadora megairon140 :
- Cantidad: 1
- Tensión: 220v - 50 Hz
- Rango de soldadura: 20 a 120 A
- Ciclo de trabajo 60% - 120 A
- Voltaje de salida en vacío: 66v
- Tipo de consumible: electrodo
- Diámetro del consumible: 1,6 hasta 3,25 mm
- Tecnología Anti Stick
- Peso: 3.5 Kg

- Máscara fotosensible ST-1X : 
- Cantidad: 1
- Área de visualización: 92*42 mm
- Tamaño del cassette: 110*90*9 mm
- Sensor de arco: 2
- DIN (graduación): 4/9-13 
- Tipo de encendido: automático
- Velocidad de encendido: 1/15000
- Temperatura de funcionamiento: -5°c / +55°c 
- Temperatura de almacenamiento: -20°c / +70°c
- Peso: 0,42 Kg

- Escuadras magnéticas LQE-6001 :
- Cantidad: 2
- Pulgadas: 3''
- Soporta hasta: 25 lb
- Ángulo de trabajo: 45°/90°/135°
- Peso: 0,29 Kg";201.013,00;4
Lusqtoff;IRON-300;Soldadora Inverter MMA 50hz 220 Ah - Lusqtoff Iron-300 ;Herramientas electricas_Soldadoras;;327.522,00;2
Lusqtoff;SMART-MIG175;Soldadora inverter multiproceso 3 en 1 MMA-MIG-TIG 250A - Lusqtoff SMART-MIG175 ;Herramientas electricas_Soldadoras;"- Tensión de entrada: 1 Ph AC 220 V ( ± 10%)
- Frecuencia: 50 Hz
- Capacidad de entrada nominal: 7,7 Kw
- Corriente de entrada nominal: 35 A
- Ciclo de trabajo MIG-MAG ( 40 ºC) (%): 90 A / 18,5 V
- 100% // 175 A / 22,8 V @ 25%
- Ciclo de trabajo MMA ( 40 ºC) (%): 80 A / 23,2 V
- 100% // 175 A / 27 V @ 20%
- Ciclo de trabajo TIG ( 40 ºC) (%) : 90 A / 13,6 V
- 100% // 175 A / 17 V @ 25%
- Tensión en vacío: 65 V
- Rango de trabajo de salida: 10 / 175 A
- Eficiencia: 85 %
- Clase de protección: IP21S
- Grado de aislamiento: H
- Norma técnica: (IEC) EN 60974-1 / EN 60974-10
- Tipo de enfriamiento: forzado
- Tamaño: 438 X 210 X 390 mm
- Peso: 12 Kg";1.434.290,00;1
Lusqtoff;IRON MIG-100;Soldadora inverter TRIDUAL - MIG-MMA-TIG - Lusqtoff IRON MIG-100 ;Herramientas electricas_Soldadoras;"- Tensión: 220 V ? 50 Hz
- Rango de soldadura: MIG: 10 - 90 A / MMA 10 - 80 A / TIG 10 - 80 A
- Ciclo de trabajo: MIG: 30% - 90 A / MMA 30% - 80 A / TIG 30% - 80 A
- Tipo de consumible: alambre macizo / flux / electrodo revestido
- Electrodos: 1,6 mm - 2,5 mm inclusive
- Alambre: 0,6 - 0,8 mm
- Rollo de alambre: hasta 5 Kg
- Peso: 9.2 Kg

INCLUYE:
- Pinza masa
- Torcha MIG
- Pinza porta electrodos";306.306,00;8
Lusqtoff;MER27;Sombrilla Lusqtoff ;Indumentaria_Merchandising;;14.674,00;276
Lusqtoff;LSA-26;SOPLA-ASPIRADOR 26CC 0.13MTS3/SE ;Jardin y agro_Corte y poda;;201.013,00;1
Lusqtoff;SPL550-8B;Soplador a Bateria 40v - ECO LINE - NO INCLUYE CARGADOR NI BATERIA  Lusqtoff LCML750-9 ;Jardin y agro_Corte y poda;"- Velocidad max de aire: 193 Kmh
- Velocidades: 3
- Funcion Turbo
- Tensio: 40v
- Maximo volumen de aire: 550 cfm
- Control tactil y control crucero
- Autonomia en marcha alta: 10 min
- Autonomia en marcha baja: 26 min
- Nivel de ruido: 81dB
- Brushless Technology
- Garantia 2 años
";220.114,00;5
Lusqtoff;SPL2400-8;Soplador aspirador eléctrico 2400W - Lusqtoff SPL2400-8 ;Herramientas electricas_Limpieza;"- Potencia: 2400 Watts.
- Velocidad: 9000 - 14000 R.p.m
- Velocidad Max. de Aire: 270 Km/h
- Funciones: Sopla - Aspira - Tritura";75.468,00;24
Lusqtoff;SPL2400-8OUT;Soplador aspirador eléctrico 2400W - Lusqtoff SPL2400-8 OUTLET ;Ofertas y Promociones;"- Potencia: 2400 Watts.
- Velocidad: 9000 - 14000 R.p.m
- Velocidad Max. de Aire: 270 Km/h
- Funciones: Sopla - Aspira - Tritura";78.529,00;1
Lusqtoff;SPL2.6-9BK;Soplador Inalambrico ;Herramientas electricas_Limpieza;;209.632,00;4
Lusqtoff;RLOL2608R31;SOPORTE ;Repuestos;LOL260-8;12.053,00;20
Lusqtoff;RLBL32008R10;SOPORTE ;Repuestos;LBL320-8;12.053,00;6
Lusqtoff;RLCO468BR106;Soporte de Cuchilla para LCO46-8B ;Repuestos;;14.674,00;3
Lusqtoff;RLCO1640BR09;Soporte de Motor ;Repuestos;LCO-1640B;18.866,00;5
Lusqtoff;SABL74-9;Soporte para Amoladora de Banco - Black Series ;Accesorios;"- Tamaño de la mesa 280x170mm
- Material metal
- Base de hierro
- Altura 83cm
- Garantía: 3 Años";209.632,00;1
Lusqtoff;RLM621R53;SOPORTE PARA LM621 ;Repuestos;;4.192,00;1
Lusqtoff;RHL11091R28;Suplemento para Hidrolavadora HL110-9 ;Repuestos;;1.048,00;4
Lusqtoff;TPL710-8;Talado percutor 13mm 710w - Lusqtoff TPL710-8 ;Herramientas electricas_Perforacion;"- Tensión: 220V~50Hz
- Potencia: 710 W
- Velocidad: 0 - 3200 rpm.
- Torque: 11 Nm.
- Mandril: 1,0 - 13 mm. 
- Perforación en madera: 30 mm.
- Perforación en acero: 13 mm.
- Perforación en mampostería: 12 mm.
- Carcasa de engranaje metálico
- Peso: 3 kg.";52.408,00;1
Lusqtoff;ATL18-8;Taladro atornillador a batería con percutor - 10mm - 18v - Lusqtoff Atl18-8 ;Herramientas electricas_Perforacion;"- Voltaje: 18V
- Mandril autoajustable: 0.8 - 10mm
- Velocidad: 1350 Rpm
- Torque máximo: 25N/m
- Posición de atornillado con 18+1 posiciones de torque
- Luz Led
- Mango antideslizante
- No incluye baterías";34.459,00;2
Lusqtoff;ATL18-8B;Taladro atornillador a batería con percutor - 10mm - 18v - Lusqtoff Atl18-8b ;Herramientas electricas_Perforacion;;76.576,00;31
Lusqtoff;ATL18-9B;Taladro atornillador a batería con percutor - 13mm - 18v - Lusqtoff Atl18-9b ;Herramientas electricas_Perforacion;"Voltaje: 18V
Mandril Metálico: 13 mm
Velocidad: 1350 Rpm
Torque máximo: 25N/m
Posición de atornillado con 18+1 posiciones de torque
Luz Led
Mango antideslizante
Baterías: 2 Ah
Indicador de Carga (en baterías)";114.632,00;1
Lusqtoff;TIL23-8B;Taladro Atornillador Inalambrico + 2 Baterias  + Cargador ;Herramientas electricas_Perforacion;"- Tension 12V
- Luz led de trabajo
- Nivel Burbuja
- Maletin de traslado
- 2 Baterias y 1 cargador
- Potencia 2.0 ah
- Velocidad 0-710 RPM
- Mandril 10 MM
- Funcion Atornillador
- Torque maximo 23Nm
- Incluye: 1 Punta para atornillar
- Garantia de la bateria: 6 meses
- Garantia 2 años
";88.045,00;3
Lusqtoff;TIL23-8KB;Taladro Atornillador Inalámbrico 12v + Accesorios - Lusqtoff TIL23-8KB ;Herramientas electricas_Perforacion;"- Batería: 12v
- Velocidad: 0-710 R.p.m
- Mandril: 10 Mm
- Peso: 3.5 Kg.
- Presentación: Maletín plástico

Incluye:
- 2 Baterías 1.5ah
- Cargador - Pinza Universal
- Cinta Métrica 3 Mts
- 9 Puntas 50 Mm
- Prolongador Para Tubos
- 9 Tubos (5 A 13 Mm)
- Cutter
- 2 Mecha Pala
- 3 Mechas Para Madera
- 2 Mechas Para Metal
- 2 Mechas Flecha
- 1 Prolongador Flexible";104.816,00;2
Lusqtoff;TAL12-8A;Taladro atornillador inalambrico 12V con maletín y accesorios - Lusqtoff TAL12-8A ;Herramientas electricas_Perforacion;;73.371,00;18
Lusqtoff;TAL450-9;Taladro atornillador percutor 450w 13mm - Lusqtoff Tal450-9 ;Herramientas electricas_Perforacion;"- Potencia: 450W
- Tamaño del mandril: 13 mm
- Velocidad mínima de rotación: 0-480 rpm
- Velocidad máxima de rotación: 0-1800 rpm
- Fuerza máxima: 75 N.m
- Capacidad máxima de perforación en madera: 38 mm
- Capacidad máxima de perforación en metal: 13 mm
- Capacidad máxima de perforación en mampostería: 10 mm
- Peso: 2 Kg
- Garantía: 2 años";94.334,00;4
Lusqtoff;TBL710-9D;TALADRO DE BANCO DIGITAL -13MM ;Herramientas electricas_Perforacion;;363.738,00;1
Lusqtoff;TMGL1800-9;Taladro de Base Magnetica 1800W Black Series ;Herramientas electricas_Perforacion;"- Tension: 220 V ~ 50 Hz
- Potencia: 1800 W
- 2 Velocidades: 200 / 600 rpm en vacio
- Medida del porta broca: 32 mm
- Máx. diámetro de broca helicoidal: 32 mm
- Máx. longitud de carrera: 190 mm
- Medidas de diámetro de broca hueca: 12 - 60 mm
- Fuerza de retención del imán: 17000 N
- Porta herramientas: MT3
- INCLUYE
- 3 Manivelas
- 1 Reductor cono morse
- 1 Espiga conica MT3 - 2
- 1 Adaptador conico MT3 weldon 19
- 1 Madril de 16 mm con llave
- 1 Tanque de refrigeración con soporte
- 1 Cuña para extracción
- 1 Correa de seguridad
- 1 Llave allen
- 1 Juego de carbones
- 1 Estuche porta accesorios
- 1 Maletín de traslado
- Garantia: 3 años";2.010.133,00;1
Lusqtoff;TIL45131-8BK;Taladro de Impacto a Bateria 18V 13mm + 1 Bateria ;Herramientas electricas_Perforacion;"- Bateria 21V - 1.5Ah
- Velocidad sin carga 0-450/0-1500 rpm
- Torque maximo 45Nm
- Impactos por minuto 0-6750 / 0-22500 ipm
- Capacidad de perforacion Acero: 13mm / Madera: 25mm";103.768,00;5
Lusqtoff;TIL45-8BK;Taladro Impacto 13 mm a Bateria Brushless Iron Volt - INCLUYE CARGADOR Y 2 BATERIAS ;Herramientas electricas_Perforacion;"- Tecnologia Brushless
- Mandril metalico 13 mm
- Selector de giro
- Panel de control y luz led
- Ajuste de preseleccion de torque
- Torque 45NM  (21niveles)
- Tension18V
- Velocidad 0-1500 RPM
- 2 Velocidades mecanicas
- Incluye: Maletin - 2 Baterias de 2 AMP - 1 Cargador - 1 Clip de cinturon
- Garantia 2 años";136.261,00;9
Lusqtoff;LPACK001-8;Taladro Percutor 10mm ATL18-8 + Amoladora Angular 115mm AML115-8BK + Cargador de Baterias + 2 Baterias (2Ah y 4Ah) - Pack Hogar a Bateria ;Herramientas electricas;"- ATL18-8:
- Tension 18 V / Torque 25 Nm / Mandril 10mm / Velocidad 0-450/0-1350 RPM / Peso 1.3Kg
- AML115-8BK
- Tension 18 V / Velocidad 8500 RPM / Diametro del disco 115 mm  / Rosca M14
- Incluye:
- 1 Maletin
- 1 Bateria 18 V de 2Ah
- 1 Bateria 18 V de 4Ah
- 1 Cargador de baterias
- 1 Disco de 115mm
- 1 Guarda protectora
- 1 Mango auxiliar
- 1 punta 1/4'' x 65mm
- Linea Iron Bolt 
- Garantia 2 años";230.595,00;3
Lusqtoff;TIL80-9BK;Taladro Percutor 13mm - 2 baterias - cargador y maletín - Lusqtoff TIL80-9BK ;Herramientas electricas_Perforacion;"- Tensión: 18 V 
- Amperaje batería: 4 Ah
- Mandril metálico 13 mm.
- 20 posiciones de torque
- Torque máximo: 60 Nm
- Funciones: perforador, percutor y atornillador con reversa.
- Posee luz led.
- Brushless.
- Peso: 4.52 kg
- 3 años de garantía 

INCLUYE

- Cargador
- 1 batería 18v 4.0 ah
- 1 batería 18v 2.0 ah
- Clip para cinturón.
- Mango auxiliar metálico.
- Maletín de traslado.";251.559,00;25
Lusqtoff;TIL600-8K;Taladro Percutor 13mm 600W + Maletin - Lusqtoff Til600-8k ;Herramientas electricas_Perforacion;"- Potencia: 600 Watts
- Velocidad: 0 - 3000 R.p.m
- Mandril: 13 Mm
- Reversa
- Peso: 4 Kg

Incluye:
- Maletín
- Mango Lateral
- Guía De Profundidad
- Martillo
- Destornillador Ph
- Destornillador Plano
- Pinza Universal
- Llave Ajustable 6''
- Cutter
- Cinta Métrica 2mts
- 6 Mechas (madera - Metal - Pared)";83.853,00;32
Lusqtoff;TPL600-8;TALADRO PERCUTOR 600W ;Herramientas electricas_Perforacion;#¿NOMBRE?;41.926,00;6
Lusqtoff;TPL1100-9;Taladro Percutor Eléctrico Profesional - Lusqtoff Tpl1100-9 ;Herramientas electricas_Perforacion;"- Potencia: 1100W para perforar con facilidad en diversos materiales.
- Voltaje y frecuencia: 220V - 50Hz.
- Velocidades mecánicas: 2 ajustes para mayor control.
- Golpe por minuto: 15,000 / 42,000 RPM que facilitan perforaciones en concreto y otros materiales duros.
Mandril: 16mm, compatible con diferentes brocas.
- Torque máximo: Alta velocidad 3.0 Nm / Baja velocidad 7.5 Nm para mayor rendimiento y adaptación a tus trabajos.
- Capacidades de perforación:
- Concreto: 13 mm
- Acero: 13 mm
- Madera: hasta 40 mm
- Peso: 3,9 kg, cómodo para uso prolongado.";167.706,00;2
Lusqtoff;TRL130-9B;TALADRO ROTACION A BATERIA  - Black Series ;Herramientas electricas_Perforacion;;209.632,00;1
Lusqtoff;RLD52R33;Tanque nafta para LD-52 ;Repuestos;;6.288,00;1
Lusqtoff;RLD521R33;Tanque nafta salida lateral ;Repuestos;;6.288,00;29
Lusqtoff;TR240L-9;Tanza Amarilla 2.40 mm 1 Kg - Perfil Redondo ;Consumibles;- Rendimiento: 150-170 Mts;20.963,00;68
Lusqtoff;TR160L-9;Tanza Amarilla Perfil Redondo 1.6 mm 1 Kg ;Consumibles;- Rendimiento: 430-450 Mts;20.963,00;10
Lusqtoff;TR200L-9;Tanza Amarilla Perfil Redondo 2.0 mm 1 Kg ;Consumibles;- Rendimiento: 260-280 Mts;20.963,00;7
Lusqtoff;TR300L-9M;Tanza Amarilla Perfil Redondo 3 mm Por Metro ;Accesorios;;18.561,00;111
Lusqtoff;TR300L-9;Tanza Amarilla Perfil Redondo 3 mm x 1 Kg (Rollo completo) ;Accesorios;- Rendimiento: 100-120mts aprox;20.963,00;23,62
Lusqtoff;TC240L-9;Tanza Naranja Perfil Cuadrado 2.4mm  1 Kg ;Consumibles;- Rendimiento: 120-140 Mts/Kg Rollo de 1Kg;20.963,00;21
Lusqtoff;TC240L-9M;Tanza Naranja Perfil Cuadrado 2.4mm por Metro ;Consumibles;- Rollo contiene aprox. 120-140Mts;10;65
Lusqtoff;TC300L-9;Tanza Naranja Perfil Cuadrado 3.0 mm 1 Kg ;Consumibles;- Rendimiento: 70-100 Mts;20.963,00;11
Lusqtoff;TR160L-9M;Tanza Redonda 1.6 mm Por Metro ;Consumibles;;35;240
Lusqtoff;RLMB20R58;TAPA CUERPO DE LA BOMBA MOTOBOMBA 2'' ;Repuestos;LMB-20;97.479,00;3
Lusqtoff;RLMB30R58;TAPA CUERPO DE LA BOMBA MOTOBOMBA 3'' ;Repuestos;LMB-30;58.697,00;1
Lusqtoff;RLIL9008R41;TAPA DE CARBONES ;Repuestos;LIL900-8;1.205,00;2
Lusqtoff;RLC2025R02;TAPA DE CILINDRO COMPRESOR 25 LTS Y 4 HP ;Repuestos;LC-2025/40100;10.848,00;2
Lusqtoff;RLM390R15;TAPA DE CILINDRO MOTOR MOTOBOMBA GENERADOR 13/15 HP ;Repuestos;LM-390/LM-420/LG-7500/LG-8500;115.297,00;1
Lusqtoff;RF12L8R14;Tapa de Deposito para F12L/F16L/F20L ;Repuestos;;2.096,00;3
Lusqtoff;RAML8508NR10;Tapa de la Caja Engranaje p/AML85 ;Repuestos;;2.620,00;1
Lusqtoff;RCPM150R2;TAPA LANTERA BOMBA P/CPM-150 ;Repuestos;CPM150;4.821,00;2
Lusqtoff;RLC2550BR14;TAPON DE ACEITE B ;Repuestos;LC-2550B;2.410,00;3
Lusqtoff;RLC40100R13;TAPON DE ACEITE LC-40100 ;Repuestos;LC-40100/LC-3550B;2.410,00;4
Lusqtoff;RLPS1585ZR01;Tapon de Revision ;Repuestos;;1.572,00;15
Lusqtoff;RHL11091R09;Tapon de Valvula para Hidrolavadora de Alta Presion HL110-9 ;Repuestos;;2.358,00;2
Lusqtoff;RAML8508NR50;Tecla de Encendido para AML850-8 ;Repuestos;;3.144,00;5
Lusqtoff;LQE-TIMER2;Temporizador 24HS con 48 Programas de Encendido/Apagado ;Hogar_Iluminacion;;8.395,00;4
Lusqtoff;LQE-TIMER1;Temporizador 24HS con 48 Programas de Encendido/Apagado ;Hogar_Iluminacion;;9.619,00;3
Lusqtoff;L4074;Tenaza Armador Medio Corte 12'' (300mm) ;Herramientas manuales_Pinzas y alicates;;10.858,00;2
Lusqtoff;L4072;Tenaza Armador Medio Corte 9'' (230mm) ;Herramientas manuales_Pinzas y alicates;;8.194,00;3
Lusqtoff;L4076;Tenaza Carpintero 7'' (180mm) ;Herramientas manuales_Pinzas y alicates;;7.580,00;10
Lusqtoff;L4078;Tenaza Carpintero 8'' (200mm) ;Herramientas manuales_Pinzas y alicates;;7.989,00;6
Lusqtoff;L4080;Tenaza Corta Cerámicos 8'' (200mm) ;Herramientas manuales_Pinzas y alicates;;12.292,00;5
Lusqtoff;L4082;Tenaza Cortadora Doble Rueda 8'' (200mm) ;Herramientas manuales_Pinzas y alicates;;15.365,00;4
Lusqtoff;TL1-9B3E;Termo Acero Inoxidable 1 Lt Blanco 3 Estrellas ;Hogar_Termos y mates;"- Codigo nuevo: LOD309
- Tapon cebador
- Espesor: 0.5mm
- Calibre: 5.3 cm
- Altura: 30 cm";37.733,00;38
Lusqtoff;TL1.3-9;Termo acero inoxidable 1.3 lt con manija - Lusqtoff TL1.3-9 ;Hogar_Termos y mates;"- Color: Verde.
- 20 horas de agua caliente
- 20 horas de agua fria
- Tapón cebador
- Mantiene 4 días de hielo.
- Interior de acero inoxidable.
- Tapa se puede usar como taza.
- A prueba de fugas y práctico para cargar.
- Espesor: 0.5 mm.
- Embalaje: 12 x 12 x 36cm | Peso: 1kg.
- Origen: China.";43.483,00;6
Lusqtoff;TL1-9C;Termo Acero Inoxidable Camuflado 1 Litro Frio/calor - Lusqtoff TL1-9C ;Hogar_Termos y mates;"- Color: Camuflado
- Tapón Cebador
- Espesor: 0.5 mm
- Calibre: 5.3 cm
- Diámetro Base: 9.3 cm
- Diámetro de la cubierta: 6.9 cm
- Altura: 30 cm
- Material: Acero inoxidable
- 20hs de calor
- 20hs de frio
- 12hs de hielo";33.541,00;20
Lusqtoff;TL1-9RP;Termo Acero Inoxidable de 1 Litro Rosa Pastel ;Hogar_Termos y mates;;31.412,00;3
Lusqtoff;TL1-9NJ;Termo Acero Inoxidable Naranja 1 Litro Frio/calor - Lusqtoff Tl1-9NJ ;Hogar_Termos y mates;"- Color: Naranja Oscuro
- Tapón Cebador
- Espesor: 0.5 mm
- Calibre: 5.3 cm
- Diámetro Base: 9.3 cm
- Diámetro de la cubierta: 6.9 cm
- Altura: 30 cm
- Material: Acero inoxidable
- 20hs de calor
- 20hs de frio
- 12hs de hielo";33.541,00;1
Lusqtoff;TL1-9B;Termo blanco de acero inoxidable 1 LT - Lusqtoff TL1-9B ;Hogar_Termos y mates;"Agua Caliente: 20 Hs
Agua Fria: 20 Hs
Hielo: 12 Hs
Tapón Cebador
Interior de acero inoxidable.
Tapa se puede usar como taza.
A prueba de fugas y práctico para cargar.
Espesor: 0.5 mm.
Origen: China.
Imagen a modo ilustrativo. Puede variar según disponibilidad de fábrica.
Peso: 640 grs.
Medidas Producto: 30x9.3 cm (Alto.Diametro)
Presentación: Caja de cartón";33.541,00;85
Lusqtoff;TL1-9N3E;TERMO INOX. 1 LT COLOR NEGRO 3 ESTRELLAS ;Hogar_Termos y mates;;37.733,00;31
Lusqtoff;TL1-9R;Termo rosa acero inoxidable con manija 1 lt - Lusqtoff TL1-9R ;Hogar_Termos y mates;"- Color: Rosa
- Tapón Cebador
- Espesor: 0.5 mm
- Calibre: 5.3 cm
- Diámetro Base: 9.3 cm
- Diámetro de la cubierta: 6.9 cm
- Altura: 30 cm
- Material: Acero inoxidable
- 20hs de calor
- 20hs de frio
- 12hs de hielo";33.541,00;13
Lusqtoff;TL750-9;Termo verde de acero inoxidable 750cc - Lusqtoff TL750-9 ;Hogar_Termos y mates;;29.348,00;3
Lusqtoff;RHTBGA15AR09;TERMOCUPLA ;Repuestos;HTBGA15A;7.337,00;3
Lusqtoff;RJK1008R03;TERMOCUPLA PARA CALEFACTOR A GAS ;Repuestos;JK-1008;31.444,00;2
Lusqtoff;LTF-6315;Termofusora 220V-50HZ - 1500W - Lusqtoff LTF-6315 ;Herramientas electricas_Termofusion;"- Tensión 220V-50 HZ
- Potencia 1500 W
- Tº DE trabajo 0-300 ºC
- Diámetro 20 - 63
- Garantía 2 Años

Incluye maletín + 6 Boquillas Métricas + tijera + nivel:
(Diámetros 20MM - 25MM - 32MM - 40MM - 50MM - 63MM)";67.004,00;3
Lusqtoff;LTF-6308R;Termofusora 800w + Maletín + 6 Boquillas Lusqtoff Ltf6308r ;Herramientas electricas_Termofusion;"Potencia: 800w
Voltaje-Frecuencia: 220v ~ 50Hz
Aislación: Clase I
Incluye las siguientes boquillas: 20mm, 25mm, 32mm, 40mm, 50mm, 63mm
Incluye soporte metálico de apoyo, llave allen y destornillador
Incluye maletín metálico";45.945,00;1
Lusqtoff;TF18L-8B;Termofusora a Bateria 18v Iron Volt - Incluye 1 Cargador de Bateria y 1 Bateria 4.0ah + Maletin ;Herramientas electricas_Termofusion;"- Tensión: 18 V
- Temperatura máxima: 300° C
- Termostato digital
- INCLUYE
- 1 Batería de 4 Ah
- 4 Boquillas ( 2 - Ø 20, 1 - Ø 25, 1- Ø 32 )
- 1 Llaven allen
- 1 Cargador de batería
- 1 Maletín de metal";137.837,00;1
Lusqtoff;RANL200072R17;Termostato p/ ANL2000-72 ;Repuestos;;3.668,00;3
Lusqtoff;MDGL1000-9;Tester Digital 1000v - Black Series ;Herramientas manuales;;61.261,00;4
Lusqtoff;MDGL600-9;Tester Digital 600v - Black Series ;Herramientas manuales;;34.459,00;1
Lusqtoff;L4410;Tijera Corta Chapa Tipo Aleman 12'' (300mm) PRO ;Herramientas manuales_Corte y desbaste;;21.511,00;4
Lusqtoff;L4404;Tijera de Aviación Corte Derecho 10'' (250mm) PRO ;Herramientas manuales_Corte y desbaste;;11.267,00;3
Lusqtoff;L4402;Tijera de Aviación Corte Izquierdo 10'' (250mm) PRO ;Herramientas manuales_Corte y desbaste;;11.267,00;4
Lusqtoff;L9026;Tijera De Poda 8'' Corte Curvo Mango Ergonomico ;Jardin y agro_Corte y poda;;16.389,00;6
Lusqtoff;L9024;Tijera De Poda 8'' Corte Recto ;Jardin y agro_Corte y poda;;14.340,00;6
Lusqtoff;LTP40-9B;Tijera de Poda a Bateria NO Incluye Bateria NI Cargador - Black Series - Lusqtoff LTP40-9B ;Jardin y agro_Corte y poda;"- Batería compatible con la línea Iron Volt
- Incluye:
- Juego extra de cuchillas
- 3 Llaves
- Aceite lubricante
- 1 Piedra afiladora
- Tensión 18V
-  Motor sin carbones Brushless
- Selector de Apertura regulable 4 posiciones
- Visor LCD con contador de cortes
- Diseño ergonómico y seguro
- Garantía: 3 años";251.559,00;2
Lusqtoff;L9028;Tijera De Poda De Mano 8'' Mango Curvo ;Jardin y agro_Corte y poda;;12.292,00;6
Lusqtoff;L9022;Tijera De Poda De Mano Forjada 10'' ;Jardin y agro_Corte y poda;;18.438,00;4
Lusqtoff;L9020;Tijera De Poda De Mano Forjada 8'' ;Jardin y agro_Corte y poda;;10.243,00;6
Lusqtoff;L9052;Tijera De Poda Dos Manos Para Descornar Mango De Aluminio Profesional ;Jardin y agro_Corte y poda;"- Largo 75,5 cm
- Hoja Acero al carbono 65 MN
- Hoja con superficie de teflon
- Tope absorbente de vibracion
- Mango de aluminio Confort Grip";45.070,00;2
Lusqtoff;L9055;Tijera De Poda Dos Manos Para Descornar Mango Telescopico 62-93 CM ;Jardin y agro_Corte y poda;"- Mango Telescopico 62-93 CM - Confort Grip
- Hoja Acero al carbono 65 MN
- Hoja con superficie de teflon
- Tope absorbente de vibracion
";30.730,00;11
Lusqtoff;RLD52R36;TOBERA DE ADMISION PARA DESMALEZADORA DE 52CC ;Repuestos;LD-52/PRO-52/LD-52PRO;2.620,00;3
Lusqtoff;MCF-1000M;TORNO PLEGABLE 375W-Monofasico ;Herramientas electricas_Lijado y pulido;;134.008,00;1
Lusqtoff;L7930;Torre de Iluminacion LED Portatil de 60W a Bateria 220 V ;Herramientas manuales_Taller;"- Tension 22V 50Hz
- Potencia 60w
- Brillo: 8200 Lm
- 4 niveles de intensidad luminica
- Led smd
- Sistema multibateria
- Tecnologia hibrida
- Reflectores led multiposicion: 3
- Largo del cable: 5m
- Ip54
- Dimensiones plegada: 24x21x108.5 cm
- Altura maxima extendida: 2.2 m
- Garantia: 2 años";532.657,00;2
Lusqtoff;LQ-TE402B;Tostadora con Display Digital Blanca ;Hogar_Pequeños electrodomesticos;#¿NOMBRE?;41.659,00;1
Lusqtoff;T98212213;TRANFORMADOR 98:21:22:13 ;Repuestos;IRON-100 / IRON-150/ IRON-180/IRON-250/IRON-300;7.232,00;2
Lusqtoff;TRJ3Y;TRANSISTOR SMD J3Y (Q3- Q4) ;Repuestos;IRON-100 / IRON-150/ IRON-180/IRON-250/IRON-300;524;26
Lusqtoff;RCN90R102;TRIGGER VALVE SET (SET DE VAVULA ;Repuestos;CN-90;9.643,00;3
Lusqtoff;DE001.026;TRINQUETE 33/43/52CC ;Repuestos;;786;23
Lusqtoff;RLQIONSOLR03;TUBO DE COBRE PARA IONIZADOR SOLAR LUSQTOFF ;Repuestos;LQ-IONSOL;35.637,00;19
Lusqtoff;RLCO1640BR27;TUERCA DE CUCHILLA ;Repuestos;LCO-1640B;2.410,00;3
Lusqtoff;RCPM150R03;TURBINA DE BRONCE ;Repuestos;CPM150;6.288,00;2
Lusqtoff;L1036;VACUÓMETRO ;Herramientas manuales;;38.924,00;1
Lusqtoff;RLM160R20;Valvula de admision motor motobomba ;Repuestos;;5.240,00;3
Lusqtoff;RLC40100R29;VALVULA DE DRENAJE LC-40100 ;Repuestos;LC-40100/LC-3550B;4.192,00;6
Lusqtoff;RHL11091R11;Valvula de Entrada para Hidrolavadora HL110-9 ;Repuestos;;1.048,00;6
Lusqtoff;RLT590R32;VALVULA DE HIDROLAVADORA LT-590 ;Repuestos;LT-590;9.643,00;1
Lusqtoff;RJK1008R06;VALVULA DE PASE ;Repuestos;JK-1008;18.866,00;3
Lusqtoff;RHL150R25;VALVULA DE RETENCION HL-150 ;Repuestos;HL-150;1.572,00;1
Lusqtoff;RLC40100R35;VALVULA DE RETENCION LC-40100 ;Repuestos;LC-40100;18.866,00;4
Lusqtoff;RHL11091R12;Valvula de Salida para Hidrolavadora HL110-9 ;Repuestos;;1.048,00;9
Lusqtoff;RLC2025R27;VALVULA DE SEGURIDAD LC-2025/2550/30100/40100 ;Repuestos;LC-2025/LC-40100/LC-30100/;4.192,00;3
Lusqtoff;RHL150R21;VALVULA HL-150 ;Repuestos;HL-150;1.205,00;11
Lusqtoff;RHL120R22;VALVULAS HL-120 ;Repuestos;HL-120/LHA-120K;524;10
Lusqtoff;RLJL13008R39;VARIADOR DE VELOCIDAD ;Repuestos;LJL1300-8;25.155,00;1
Lusqtoff;RMDL15009R69;Variador de Velocidad para Martillo MDL1500-9 ;Repuestos;;66.034,00;3
Lusqtoff;RPRDL9009R38;Variador de Velocidad para PRDL900-9 ;Repuestos;;27.252,00;3
Lusqtoff;RAML8509R45;Varilla de Encendido p/ AML850-9 ;Repuestos;;262;5
Lusqtoff;RAML8508R42;VARILLA DE INTERRUPTOR ;Repuestos;AML850;1.205,00;5
Lusqtoff;VCL700-8N;VASO CHOPERO 700 ML NEGRO ;Hogar_Termos y mates;;20.963,00;4
Lusqtoff;VTL1.2-9A;Vaso Termico Azul 1.2 Lts con Tapa - Lusqtoff VTL1.2-9A ;Hogar_Termos y mates;"- Capacidad: 1.2 Lts.
- Material: acero inoxidable 18/8
- Aislamiento al vacío con
- doble pared
- Color: azul
- Conservación frío: 11 horas
- Conservación caliente: 7 horas
- Conservación de hielo: 4 horas
- Libre de BPA
- Peso: 0,64 Kg";31.444,00;10
Lusqtoff;VTL430-8A;Vaso Termico Azul Acero 430ml Frio Calor 3hs - Lusqtoff VTL430-8A ;Hogar_Termos y mates;"- Material: Acero inoxidable
- Capacidad: 430 cm³
- Dimensiones:
- Espesor: 0,5 mm
- Calibre: 7,4 cm
- Diámetro base: 6,3 cm
- Diámetro cubierta: 7,9 cm
- Altura: 14,6 cm
- Peso: 178 g
- Aprobado por: INAL
- Mantiene el frío: 3 h
- Mantiene el calor: 3 h
- Mantiene hielo: 2 h
- Uso: Interno y externo";16.770,00;23
Lusqtoff;VTL430-8APROMO;Vaso Termico Azul Acero 430ml Frio Calor 3hs - Lusqtoff VTL430-8A PROMO ;Hogar_Termos y mates;"- Promocion
- Material: Acero inoxidable
- Capacidad: 430 cm³
- Dimensiones:
- Espesor: 0,5 mm
- Calibre: 7,4 cm
- Diámetro base: 6,3 cm
- Diámetro cubierta: 7,9 cm
- Altura: 14,6 cm
- Peso: 178 g
- Aprobado por: INAL
- Mantiene el frío: 3 h
- Mantiene el calor: 3 h
- Mantiene hielo: 2 h
- Uso: Interno y externo";15.705,00;28
Lusqtoff;VTL1.2-9B;Vaso Termico Blanco 1.2LTS con Tapa - Lusqtoff VTL1.2-9B ;Hogar_Termos y mates;"- Capacidad: 1.2 Lts.
- Material: acero inoxidable 18/8
- Aislamiento al vacío con
- doble pared
- Color: azul
- Conservación frío: 11 horas
- Conservación caliente: 7 horas
- Conservación de hielo: 4 horas
- Libre de BPA
- Peso: 0,64 Kg";31.444,00;9
Lusqtoff;VTL1.2-9N;Vaso Termico Negro 1.2LTS con Tapa - Lusqtoff VTL1.2-9N ;Hogar_Termos y mates;"- Capacidad: 1.2 Lts.
- Material: acero inoxidable 18/8
- Aislamiento al vacío con
- doble pared
- Color: azul
- Conservación frío: 11 horas
- Conservación caliente: 7 horas
- Conservación de hielo: 4 horas
- Libre de BPA
- Peso: 0,64 Kg";31.444,00;4
Lusqtoff;VTL1.2-9R;Vaso Termico Rosa 1.2LTS con Tapa - Lusqtoff VTL1.2-9R ;Hogar_Termos y mates;"- Capacidad: 1.2 Lts.
- Material: acero inoxidable 18/8
- Aislamiento al vacío con
- doble pared
- Color: azul
- Conservación frío: 11 horas
- Conservación caliente: 7 horas
- Conservación de hielo: 4 horas
- Libre de BPA
- Peso: 0,64 Kg";31.444,00;8
Lusqtoff;VTL430-8V;VASO TERMICO VERDE ;Hogar_Termos y mates;;16.770,00;3
Lusqtoff;VTL430-8VPROMO;VASO TERMICO VERDE - VTL430-8V PROMO ;Hogar_Termos y mates;#¿NOMBRE?;15.705,00;52
Lusqtoff;VTL1.2-9V;Vaso Termico Verde 1.2LTS con Tapa - Lusqtoff VTL1.2-9V ;Hogar_Termos y mates;"- Capacidad: 1.2 Lts.
- Material: acero inoxidable 18/8
- Aislamiento al vacío con
- doble pared
- Color: azul
- Conservación frío: 11 horas
- Conservación caliente: 7 horas
- Conservación de hielo: 4 horas
- Libre de BPA
- Peso: 0,64 Kg";31.444,00;10
Lusqtoff;LQE-VEL-CB;Velador Luz Magnetica LED 3W Blanca 3 en 1 - LQ.ILU.02.01.003 ;Hogar_Iluminacion;"- LQE-LZM3B
- 3 en 1:  De pie, de base y para colocar con gancho
- Conecta via USB-C";38.155,00;5
Lusqtoff;LQE-VEL-CN;Velador Luz Magnetica LED 3W Negra 3 en 1 - LQ.ILU.02.01.004 ;Hogar_Iluminacion;#¿NOMBRE?;38.155,00;5
Lusqtoff;LQE-VEL-RB;Velador Redondo Luz Led Magnetica 3W+1W Blanca 3 en 1- LQ.ILU.02.01.001 ;Hogar_Iluminacion;#¿NOMBRE?;38.155,00;6
Lusqtoff;LQE-VEL-RN;Velador Redondo Luz Led Magnetica 3W+1W Negra - LQ.ILU.02.01.002 ;Hogar_Iluminacion;#¿NOMBRE?;38.155,00;5
Lusqtoff;RSML1508R17;VENTILADOR P/SML150-8 ;Repuestos;SML150-8;6.288,00;2
Lusqtoff;RLC2550BR27;VENTILADOR/TURBINA B ;Repuestos;LC-2550B;2.620,00;4
Lusqtoff;RLC40100R46;VENTILADOR/TURBINA LC-40100 ;Repuestos;LC-40100/LC-3550B;10.481,00;2
Lusqtoff;VNL150-9BK;Ventosa Vibroniveladora para Pisos y Revestimientos Black Series ;Herramientas electricas;"- Potencia maxima 150w
- Tension 18v
- Velocidad de rotacion 3500-7500 RPM
- Velocidades 6 niveles
- Frecuencia de vibracion 170 MM/S
- Diametro de la ventosa 170 MM
- Succion de la ventosa 60kg
- Nivel de ruido 90 DB
- Garantia 3 años
- Garantia Bateria Iron Bolt 6 meses";230.595,00;2
Lusqtoff;RMS170R17;Volante Magnetico para ST170/ST180 ;Repuestos;;16.770,00;2
Lusqtoff;YL500AR-10;YERBERA SELECCIÓN ARGENTINA 500G ;Hogar_Termos y mates;;4.605,00;9
Lusqtoff;YL250T-9;YERBERA TAMBOR LUSQTOFF 250g ;Hogar_Termos y mates;;2.302,00;15
Lusqtoff;LQ-YT700;Yogurtera 7 Frascos de Vidrio Color Verde ;Hogar_Pequeños electrodomesticos;"- Sku: LQE45
- Potencia 15 W
- 7 frascos de vidrio
- Tensión nominal 220-240V
- Frecuencia nominal 50/60Hz
- Capacidad 1.4 L
- Capacidad frascos 210 ml
- Largo del cable 65 cm con enchufe
- Garantía 6 meses";30.801,00;2
Lusqtoff;LQ-YT701;Yogurtera 7 Frascos de Vidrio Digital ;Hogar_Pequeños electrodomesticos;"- SKU: LQE46
- Potencia 15 W
- 7 frascos de vidrio
- Tensión nominal 220-240V
- Frecuencia nominal 50/60Hz
- Capacidad 1.4 L
- Capacidad frascos 210 ml
- Temporizador digital programable 1 a 15hs y pantalla LCD
- Largo del cable 65 cm con enchufe
- Garantía 6 meses";42.489,00;5
Rubi;RU02981;BRIDA TILE LEVEL POR 100 UNIDADES ;Accesorios;;52.758,00;4
Rubi;RU04924;Broca 10m p/Porcelanato c/Humedo ;Consumibles;;15.601,00;5
Rubi;RU04922;Broca 6mm P/Porcelanato C/Humedo ;Accesorios;;11.688,00;7
Rubi;RU04923;Broca 8mm P/Porcelanato C/Humedo ;Accesorios;;13.650,00;4
Rubi;RU15904;Cortador de ceramica 63cm star 63 platinum con maletín- Rubi 15904 ;Construccion_Cortadoras;"- Corte recto 630mm
- Corte diagonal 450mm
- Espesor de corte 12mm
- Ideal para pequeñas reformas y trabajos ligeros.
- Para el corte de Gres y Azulejo.
- Base, guía y soportes en acero y aluminio.
- Es apta para el corte de gres esmaltado y azulejos.
- Suplemento base para un correcto apoyo de la pieza.
- Para el corte de baldosa cerámica
- Base con efecto amortiguador.
- Visión directa de la línea de rayado y corte.
- Utiliza rodeles de Ø 6 a 10mm
- Con rodel Ø 6mm incluido.
- Incluye escuadra y maletín.";230.543,00;1
Rubi;RU13939;Cortadora de ceramica Fast 85cm con bolsa ;Construccion_Cortadoras;;547.843,00;1
Rubi;RU26999;Cortadora de ceramica Hit1000n + Bolso - Rubi 26999 ;Construccion_Cortadoras;"- Corta hasta 100 centímetros de longitud
- Corte en 45° hasta 70 cm
- Totalmente desarrollada en aluminio
- Excelente relación costo calidad
- Corta hasta un espesor de 15mm
- Incluye rodel extreme 22 mm
- Incluye Bolso";804.395,00;1
Rubi;RU26962;Cortadora De Ceramico con bolso Hit-1200 - Rubi Ru26962 ;Construccion_Cortadoras;"- Corte recto hasta 120 cm
- Corte a 45 grados hasta 84 cm
- Espesor hasta de 16 mm
- Desarrollada en aluminio
- Guías de acero cromado.
- Con tope lateral de gran precisión para cortes rectos y 45 grados
- Uso: corte de azulejos, cerámicas, gres esmaltado y gres porcelánico
- Categoría: Profesional

INCLUYE
- 1 Cortadora de cerámica y porcelanato
- 1 Rodel carburo de tungsteno: 10 mm
- Bolso";1.391.103,00;1
Rubi;RU14901;Cortadora para cerámica 51cm + tope lateral - Rubi Star LTM 51n ;Construccion_Cortadoras;"- Espesor máximo de corte: 12 mm
- Largo máximo de corte diagonal: 36 mm
- Largo máximo de corte recto: 51 cm
- Materiales aptos: Cerámica - Gres
- Corte facil: si
- Accesorio: Tope lateral
- Tratamiento anticorrosión 
- Fabricado en China
- Presentación: Caja de cartón";113.860,00;1
Rubi;RU27916;Cortadora para Cerámica HIT 1800 Plus ;Construccion_Cortadoras;"- Para corte profesional de gres porcelánico, corte intensivo de pavimentos
de gres esmaltado y revestimiento cerámicos.
- Longitud de corte 90°: 180 cm.
- Longitud de corte 45°: 127x127 cm.
- Altura de corte: 3-18 mm
- Potencia separador: 900 kg
- Incluye rodel Ø 22 mm.";1.805.804,00;1
Rubi;RU15999;Cortadora para Cerámica RP120 con Bolso ;Construccion_Cortadoras;"- Longitud de corte 90°: 120 cm
- Longitud de corte 45°: 80x85 cm
- Altura de corte: 3-15 mm
- Potencia separador: 700 kg
- Incluye Rodel Ø 8 mm.
- Dimensiones: 141×21.5×14 cm
";1.029.866,00;1
Rubi;RU14945;Cortadora para Ceramica STAR-63 Manual ;Herramientas manuales_Corte y desbaste;;153.892,00;5
Rubi;RU04927;Kit Brocas Diamante Easy Gres 6mm Broca+Accesorios ;Herramientas manuales;"- Para taladrar Azulejo, Gres, Gres porcelánico, Granito, 
Mármol y Vidrio. 
- Permite realizar agujeros tanto en 
posición vertical como en horizontal, gracias al funcional 
diseño de su depósito de agua que  incorpora un grifo 
regulador de caudal. 
- Kit compuesto de Guía EASYGRES, 
más 10 adhesivos guía y 1 ó 2 brocas (según kit). 
- Velocidad de uso recomendada: 400~1.000 rpm en 
función del material a taladrar. Es importante respetar 
la velocidad de giro adecuada y ejercer una presión 
moderada durante la perforación. Se debe utilizar siempre 
refrigeradas con agua y con la guía EASYGRES, que 
permite el guiado y la refrigeración adecuada";32.003,00;3
Rubi;RU01945;Lapiz rodel 6mm widia cortadora ceramica porcelanato - Rubi RU01945 ;Accesorios;"- Es rápido y práctico. Aplica para cerámicos y porcelanatos. Para cortadoras manuales TS, TR y TF. Modelo patentado con nueva aleación de alta tecnología, máxima precisión y resistencia al desgaste.
- Modelo: RU01945
- Medida: 6mm";28.157,00;13
Rubi;RU01958;Lapiz rodel 8mm widia cortadora ceramica porcelanato - Rubi RU01958 ;Accesorios;"- Es rápido y práctico. Aplica para cerámicos y porcelanatos. Para cortadoras manuales TS, TR y TF. Modelo patentado con nueva aleación de alta tecnología, máxima precisión y resistencia al desgaste.
- Medida: 8mm
- Blíster cerrado de 1 unidad";32.059,00;3
Rubi;RU65962;Llana rascador monocapa 250 X 144 Mm  - Rubi RU65962 ;Herramientas manuales_Albañileria;"- Largo: 250 mm
- Ancho: 144 mm
- Material de la hoja: Acero
- Material del mango: Plástico";25.257,00;2
Rubi;RU25940;MEZCLADOR ELECTRICO RUBIMIX-9 1200 W ;Herramientas electricas_Pintura;"Bloqueo de seguridad para evitar puestas en marcha involutarias.
Nueva geometría del mango bimaterial. Mayor confort y estabilidad.
Caja reductora con 2 velocidades e interruptor eléctrico progresivo (regulación de rpm) para optimizar el mezclado de cada material.
Cambio rapido y fácil de escobillas. Mayor comodidad.
Materiales
Para adhesivos cementosos, resinas, pinturas y otros materiales.
Características
Regulador electrónico (1ª 0-650 r.p.m./ 2ª 0-850 r.p.m.).
Construcción en materiales ligeros y resistentes para una máxima fiabilidad. Doble aislamiento.
Rosca de acoplamiento directo para mezcladores con acabado M14.
Varilla de mezclado intercambiable con conexión M14. Mayor versatilidad. Ø máximo de mezclador: 140 mm.
Potencia: 1200 W. Protección extra del mango. Mayor resistencia a los golpes.
Varilla mezcladora de Ø 120 mm incluida.";565.598,00;1
Rubi;RU01946;Rodel Lápiz Corta Cerámica Porcelanato 10mm - Rubi RU01946 ;Accesorios;"- Rodel 10 mm
- Máximo rendimiento, máxima calidad
- Trabajos con excelente terminación
- Corta cerámica y porcelanato
- Mínima vibración";36.661,00;15
Rubi;RU81998;Rodillera Profesional c/ Gel Confort ;Accesorios;;92.489,00;1
Rubi;RU75925;Tira Linea Marcador Master Tiza 30m Con Nivel - Rubi RU75925 ;Accesorios;"- Sistema ideal para el trazado rápido de líneas rectas entre dos puntos de la pared o el suelo.
- Sistema de recogida rápida de la cuerda marcadora.
- Incorpora nivel auxiliar para nivelación de la cuerda antes del marcado.
- Servido con botella de polvo trazador de 120 gr.
- Longitud de cuerda: 30 m.
- Los marcadores de líneas, también conocidos como ''tiralíneas'' o ''Chocla de marcar'' nos permiten realizar líneas perfectamente rectas de varios metros de longitud, en cualquier tipo de soporte, sin preocuparnos de su textura o acabado, en cuestión de segundos.
- El marcador de líneas MASTER-N está formado por un recipiente fabricado en plástico bimaterial (RUBIFLEX) de una gran resistencia a los impactos y excelente grip.";19.871,00;11
Sola;SOSTB24;LAPIZ  P/ CONSTRUCCION H/ DUTY 24CM ;Accesorios;;3.666,00;1
Sola;SOZB24;LAPIZ CARPINTERO 24CM ;Accesorios;;3.130,00;10
Sola;SOZB18;Lapiz de carpintero 18cm ;Accesorios;;1.836,00;43
Sola;SOTLM2SET;Lapiz Mecanico por Unidad ;Accesorios;"- Viene en caja por 20 unidades
- Dos funciones: Marcador de profundidad y portaminas gracias al tapón extraíble. 
- Su construcción especial permite realizar marcas de taladrado de hasta 45 mm de profundidad.
- Marcado exacto gracias al diámetro reducido de la mina.
- Sacapuntas integrado en el botón pulsador.
- Clip robusto de ABS para el cinturón para una sujeción segura. 
- Aplicación: Piedra/ Hormigón/ Ladrillo/Madera seca/ Papel/ Cartón/ Madera húmeda/ Metal/ Baldosas/Cerámica.";30.373,00;4
Sola;SOHF210;Metro Carpintero Plegable de Madera Haya 2 mts - Sola SOHF210 ;Herramientas manuales_Cintas y niveles;"- Material: Haya. Superficie: Lacado, blanco/amarillo.
- Graduación: mm/cm, doble, impresa a ambos lados.
- Diez segmentos (Cada uno con un grosor de 3.2 mm).
- Clase de precisión CE III.
- Articulación de Acero con revestimiento de epoxi.";17.878,00;52
Sola;SOPF50;Nivel 50 cm - Sola Focus Sopf50 ;Herramientas manuales_Cintas y niveles;;34.400,00;12
Sola;SOPF80;Nivel 80 cm - Sola Focus Sopf80 ;Herramientas manuales_Cintas y niveles;"Material: Plástico ABS
Color: Rojo
Tolerancia de medición en posición estándar: 1.00 mm/m (0.057°)
Burbujas horizontales: 1
Burbujas verticales: 1
Superficie de medición: Plástico
Tamaño: 80cm";44.956,00;3
Sola;SOAZM100;Nivel Aluminio Magnetico 100cm - Sola SOAZM100 ;Herramientas manuales_Cintas y niveles;"Alto: 50 mm · Ancho: 24 mm · Material: Aluminio.
Tolerancia de medición
en posición estándar: 0,50 mm/m (0,029°)
en posición invertida: 0,75 mm/m (0,043°)
Superficie de medición: Anodizado.
Peso del perfil: 750 g/m
Una Burbuja horizontal.
Una Burbuja vertical.
Imán: Neodimio.
Tapón: 1-C.";195.703,00;2
Sola;SOPTM5;Nivel plastico 20cm torpedo magnetico ;Herramientas manuales_Cintas y niveles;;18.143,00;1
Sola;SOP60;Nivel plástico 60 cm - Sola Sop60 ;Herramientas manuales_Nivelación y medición;"Construcción en plástico resistente
Longitud 60 cm
2 Burbujas de Nivel
Resistente al agua, frio y calor
Peso ligero
Perfil libre de deformaciones
Acrílico resistente a las roturas
Made in Austria";31.100,00;1
